Store_Name,Longitude,Latitude,Address,Address Line #2,City,State,Zip5,Zip4,County
Baxley Meats,-82.355087,31.76483,1010 S Main St,,Baxley,GA,31513,0133,APPLING
Jet Food Store 99,-82.356079,31.764196,1040 S Main St,,Baxley,GA,31513,0133,APPLING
Baxley Food Mart,-82.346764,31.778099,105 E Parker St,,Baxley,GA,31513,0001,APPLING
B&T's Food Fresh 21,-82.346848,31.776627,106 E Parker St,,Baxley,GA,31513,0025,APPLING
DollarTree 4741,-82.34671,31.776981,106 E Parker St,Ste 5,Baxley,GA,31513,0071,APPLING
Family Dollar 351,-82.345947,31.778175,143 E Parker St,,Baxley,GA,31513,0001,APPLING
A&a Williams Family Farm NAFMNP,-82.329163,31.796171,175 Agnes Williams Ln,,Baxley,GA,31513,7408,APPLING
Corner Store,-82.351738,31.792517,18 Nails Ferry Rd,,Baxley,GA,31513,2210,APPLING
CVS PHARMACY 7294,-82.347946,31.778948,19 E Parker St,,Baxley,GA,31513,0056,APPLING
Dollar General 17761,-82.351585,31.841541,24 Spring Branch Church Rd,,Baxley,GA,31513,1101,APPLING
Express Stop,-82.356766,31.763027,31 Douglas Dr,Ste 1,Baxley,GA,31513,0171,APPLING
Seguras Taqueria & Tienda,-82.34761,31.778593,40 N Comas St,,Baxley,GA,31513,0041,APPLING
Country Convenience/Petro Express,-82.340584,31.776354,493 E Parker St,,Baxley,GA,31513,0019,APPLING
Joe's Qwik Stop,-82.357712,31.777758,495 Bay St,,Baxley,GA,31513,0420,APPLING
Bellsmit Foodmart,-82.356644,31.781494,520 W Parker St,Ste B,Baxley,GA,31513,0684,APPLING
Discount Corner,-82.339531,31.775486,554 E Parker St,,Baxley,GA,31513,0026,APPLING
Flash Foods LLC 274105,-82.352081,31.769966,601 S Main St,,Baxley,GA,31513,0160,APPLING
DOLLAR GENERAL 10944,-82.337868,31.775497,663 E Parker St,,Baxley,GA,31513,0022,APPLING
Po-jo's Country Store 6,-82.356316,31.872431,6914 Hatch Pkwy N,,Baxley,GA,31513,2104,APPLING
3-way Corner Store,-82.351692,31.788586,751 N Boulevard,,Baxley,GA,31513,0587,APPLING
Dollar General 22525,-82.353287,31.767876,758 S Main Street,,Baxley,GA,31513,,APPLING
Circle F Meats Inc.,-82.362083,31.783083,866 W Parker St,,Baxley,GA,31513,0630,APPLING
DOLLAR GENERAL 14564,-82.480263,31.824825,9648 Golden Isle W,,Baxley,GA,31513,8044,APPLING
Murphy USA 7850,-82.363289,31.783506,978 W Parker St,,Baxley,GA,31513,0653,APPLING
Walmart Supercenter 5392,-82.365044,31.784128,980 W Parker St,,Baxley,GA,31513,0653,APPLING
Graham County Boy Mini Mart,-82.504974,31.833057,9834 Golden Isle W,,Baxley,GA,31513,8020,APPLING
Parker's Surrency 208,-82.197334,31.725538,9674 Golden Isles E.,,Surrency,GA,31563,,APPLING
Dollar General 20188,-82.197121,31.725464,9690 Golden Isles East,,Surrency,GA,31563,,APPLING
Dollar General 24601,-82.734245,31.276892,17 Minchew Rd,,Axson,GA,31624,6220,ATKINSON
Sunny Food Mart,-82.733971,31.2763,7150 Atkinson Blvd E,,Axson,GA,31624,7009,ATKINSON
Flash Foods LLC 27449,-82.85437,31.298031,105 Albany Ave W,,Pearson,GA,31642,7762,ATKINSON
Pearson Stop & Shop,-82.851662,31.303013,11 Pine Ave,,Pearson,GA,31642,7460,ATKINSON
Old Butcher Shop,-82.846703,31.316071,1307 US Highway 441 N,,Pearson,GA,31642,7345,ATKINSON
Dollar General 1766,-82.857544,31.2987,290 Albany Ave W,,Pearson,GA,31642,7236,ATKINSON
El Paisa Mexican Store,-82.853386,31.297474,33 Railroad Ave W,,Pearson,GA,31642,7712,ATKINSON
Rising Sun Farms Llc,-82.865356,31.375641,371 Wesley Harrell Ln,,Pearson,GA,31642,3256,ATKINSON
Dulceland Party Rentals,-82.850578,31.305532,536 Main St N,,Pearson,GA,31642,7545,ATKINSON
1st Choice,-82.849998,31.306005,578 Main St N,,Pearson,GA,31642,7545,ATKINSON
Dollar General 30617,-82.84922,31.306519,626 Main St N,,Pearson,GA,31642,7549,ATKINSON
Family Dollar 8737,-82.850044,31.307171,652 Main St N,,Pearson,GA,31642,7549,ATKINSON
Supermercado Tamaulipas Market,-83.044937,31.339621,102 Fleetwood Ave E,,Willacoochee,GA,31650,2728,ATKINSON
Willacoochee Market,-83.046974,31.34086,22 Main St,,Willacoochee,GA,31650,0000,ATKINSON
DOLLAR GENERAL 4895,-83.041893,31.339293,290 Main St E,,Willacoochee,GA,31650,2528,ATKINSON
Onetrip Of Willacoochee 004,-83.040085,31.339224,405 Main St E,,Willacoochee,GA,31650,2125,ATKINSON
DOLLAR GENERAL 3117,-82.463463,31.529303,1015 S Pierce St,,Alma,GA,31510,3715,BACON
Jays Iga,-82.462761,31.530235,1022 S Pierce St,,Alma,GA,31510,3716,BACON
Food Lion 2845,-82.462997,31.526476,1108 S Pierce St,,Alma,GA,31510,3718,BACON
Dollar General 25925,-82.41832,31.544971,1222 GA Hwy 32 E,,Alma,GA,31510,,BACON
Rockingham General Store,-82.417366,31.545568,1230 GA Highway 32 E,,Alma,GA,31510,7014,BACON
Ch Farm And Meats Llc,-82.410263,31.544924,1308 GA Highway 32 E,,Alma,GA,31510,7008,BACON
Dollar General 24661,-82.461845,31.588694,1845 US Highway 1 N,,Alma,GA,31510,6609,BACON
Road Runners Truck Stop,-82.525108,31.543749,2021 GA Highway 32 W,,Alma,GA,31510,4366,BACON
Forks 1 & 23,-82.461525,31.628366,2356 US Highway 1 N,,Alma,GA,31510,6140,BACON
Flash Foods LLC 274199,-82.462196,31.538765,402 S Pierce St,,Alma,GA,31510,3200,BACON
East Side Grocery,-82.456375,31.538029,503 E 16th St,,Alma,GA,31510,3013,BACON
Dollar General 22394,-82.526115,31.540125,738 Teakwood Rd,,Alma,GA,31510,4314,BACON
El Cheapo,-82.462234,31.548088,902 N Pierce St,,Alma,GA,31510,1709,BACON
Family Dollar 700,-82.462959,31.535334,902 S Pierce St,,Alma,GA,31510,3527,BACON
Tienda El Poblano Llc,-82.46376,31.534096,917 S Pierce St,,Alma,GA,31510,3528,BACON
Flash Food LLC 27429,-82.46347,31.532688,938 S Pierce St,,Alma,GA,31510,3527,BACON
DOLLAR GENERAL 8185,-84.347549,31.313461,100 S Highway 91,,NEWTON,GA,39870,,BAKER
Michael's Market,-84.34819,31.313183,169 GA Hwy 91 SW,,Newton,GA,39870,8221,BAKER
Bvm Food,-84.339127,31.325375,468 GA Hwy 91 NW,,Newton,GA,39870,7570,BAKER
Dollar General 23082,-83.272507,32.984154,101 Register Rd SW,,Gordon,GA,31061,,BALDWIN
Pierces Grocery & Deli,-83.280914,32.975037,558 Gordon Hwy,,Gordon,GA,31031,2004,BALDWIN
Jet Food Store 50,-83.298225,33.081856,100 GA Highway 22 W,,Milledgeville,GA,31061,9672,BALDWIN
Foster's Meat Market,-83.230927,33.093975,101 Martin Luther King Jr Dr,,Milledgeville,GA,31061,,BALDWIN
Dollar General 12398,-83.165306,33.080734,102 Robins Dr NE,,Milledgeville,GA,31061,9538,BALDWIN
Prit 711 Llc,-83.229454,33.095867,1051 N Jefferson St NE,,Milledgeville,GA,31061,2539,BALDWIN
Dollar General 30643,-83.342255,33.012123,106 Salem Church Rd SW,,Milledgeville,GA,31061,9602,BALDWIN
Jet Food Store 59,-83.223511,33.066566,1111 S Wayne St,,Milledgeville,GA,31061,3951,BALDWIN
Friendly Gus 16,-83.25135,33.072395,118 W GA Highway 49,,Milledgeville,GA,31061,,BALDWIN
Stop & Shop,-83.219879,33.066338,1200 Vinson Hwy Se,,Milledgeville,GA,31061,4038,BALDWIN
CC Food Mart,-83.220894,33.066006,1212 Jefferson N St,,Milledgeville,GA,31061,2532,BALDWIN
Hansa07,-83.210281,33.083218,140 Old River Bridge Rd SE,,Milledgeville,GA,31061,8468,BALDWIN
Tigers Narket,-83.247902,33.07476,1431 W Hancock St,,Milledgeville,GA,31061,3132,BALDWIN
DOLLAR GENERAL 1089,-83.242592,33.096706,1550 N Columbia St,,Milledgeville,GA,31061,2311,BALDWIN
American Eagle,-83.21653,33.061607,1561 Vinson Hwy SE,,Milledgeville,GA,31061,4143,BALDWIN
Flash Food LLC 274119,-83.259933,33.070427,166 Hwy 49 South,,Milledgeville,GA,31061,,BALDWIN
Texaco Food Mart,-83.246223,33.100048,1687 N Columbia St,,Milledgeville,GA,31061,2312,BALDWIN
C & P Stop & Shop,-83.23867,33.015144,172 Gordon Hwy SW,,Milledgeville,GA,31061,9580,BALDWIN
Jet Food Store 61,-83.248177,33.10146,1740 N Columbia St,,Milledgeville,GA,31061,2315,BALDWIN
Johnnie McDade Grocery,-83.215324,33.05891,1765 Vinson Hwy SE,,Milledgeville,GA,31061,4103,BALDWIN
Food Depot 58,-83.250053,33.103611,1850 N Columbia St,Ste B,Milledgeville,GA,31061,,BALDWIN
Flash Foods LLC 274231,-83.231041,33.109268,1935 N Jefferson St NE,,Milledgeville,GA,31061,2215,BALDWIN
Jefferson Business Llc,-83.231438,33.109592,1939 N Jefferson St NE,,Milledgeville,GA,31061,2215,BALDWIN
Jet Food Store 33,-83.232544,33.113197,1966 N Jefferson St NE,,Milledgeville,GA,31061,2238,BALDWIN
ALDI 76009 76009,-83.253807,33.107891,1980 N Columbia St,,Milledgeville,GA,31061,2020,BALDWIN
Jet Food Store 6,-83.231018,33.052303,2015 Irwinton Rd,,Milledgeville,GA,31061,4707,BALDWIN
Golden Pantry Food Stores 1096,-83.224861,33.081669,204 E Hancock St,,Milledgeville,GA,31061,3522,BALDWIN
JP Milledgeville 290,-83.258644,33.096954,206 Roberson Mill Rd NE,,Milledgeville,GA,31061,4932,BALDWIN
DOLLAR GENERAL 9709,-83.25956,33.097504,207 Roberson Mill Rd NE,,Milledgeville,GA,31061,4991,BALDWIN
Dollar General 22428,-83.231026,33.131649,2110 N Jefferson Street,,Milledgeville,GA,31061,,BALDWIN
Jet Food Store 76,-83.333839,33.159077,212 Little Rd NW,,Milledgeville,GA,31061,9497,BALDWIN
Rip Of Rick,-83.195213,33.089664,216 Sparta Hwy NE,,Milledgeville,GA,31061,9014,BALDWIN
The Milly Market,-83.224403,33.081799,222 E Hancock St,,Milledgeville,GA,31061,3522,BALDWIN
Walgreens 10832,-83.254677,33.108879,2350 N Columbia St,,Milledgeville,GA,31061,2091,BALDWIN
Corner's Edge Butcher Shoppe,-83.255974,33.112457,2485 N Columbia St,Ste 95,Milledgeville,GA,31061,5429,BALDWIN
Murphy USA 7815,-83.262352,33.116676,2586 N Columbia St,,Milledgeville,GA,31061,8709,BALDWIN
Walmart S/C 1121,-83.26136,33.119198,2592 N Columbia St,,Milledgeville,GA,31061,8709,BALDWIN
DollarTree 77,-83.262634,33.11953,2600 N Columbia St,Ste D1,Milledgeville,GA,31061,5760,BALDWIN
Lake Country Seafood Market Inc,-83.260315,33.118759,2601 N Columbia St,Ste C,Milledgeville,GA,31061,0700,BALDWIN
R&m Mart,-83.235718,33.037258,2610 Irwinton Rd,,Milledgeville,GA,31061,9762,BALDWIN
Dollar General 12362,-83.234917,33.038029,2622 Irwinton Rd,,Milledgeville,GA,31061,9762,BALDWIN
Quick Stop 3,-83.269493,33.132427,2653 N Columbia St,,Milledgeville,GA,31061,8456,BALDWIN
Publix Super Markets Inc. 2003,-83.27272,33.146412,2775 N Columbia St,,Milledgeville,GA,31061,8463,BALDWIN
Jet Food Store 69,-83.273552,33.149529,2783 N Columbia St,,Milledgeville,GA,31061,8463,BALDWIN
Country Food Mart,-83.187172,33.11198,279 Lake Laurel Rd NE,,Milledgeville,GA,31061,7967,BALDWIN
Kroger 694,-83.271858,33.153435,2809 N Columbia St,,Milledgeville,GA,31061,8465,BALDWIN
Raceway 7014,-83.280846,33.168285,2920 N Columbia St,,Milledgeville,GA,31061,8792,BALDWIN
C&B Meat Market,-83.212471,32.987347,2961 Hwy 441 S,,Milledgeville,GA,31061,,BALDWIN
Dollar General 11642,-83.283531,33.174141,2966 N Columbia St,,Milledgeville,GA,31061,8792,BALDWIN
Lake Sinclair Bait & Tackle,-83.283936,33.174751,2979 N Columbia St,,Milledgeville,GA,31061,8797,BALDWIN
Jet Food Store 29,-83.223236,33.081963,301 E Hancock St,,Milledgeville,GA,31061,3500,BALDWIN
Flash Foods LLC 2745097,-83.290489,33.184376,3056 N Columbia St,,Milledgeville,GA,31061,8793,BALDWIN
Rod's Stop And Shop,-83.242065,33.055916,338 Allen Memorial Dr SW,,Milledgeville,GA,31061,4410,BALDWIN
Family Dollar 12223,-83.239212,33.055683,355 Allen Memorial Dr SW,,Milledgeville,GA,31061,4504,BALDWIN
The Market Basket,-83.2369,33.055767,370 Allen Memorial Dr,,Milledgeville,GA,31061,,BALDWIN
M&H Stop N Save,-83.169708,33.082573,405 Sparta Hwy NE,,Milledgeville,GA,31061,9285,BALDWIN
CVS PHARMACY 4251,-83.225883,33.07671,423 S Wayne St,,Milledgeville,GA,31061,3445,BALDWIN
KUNTRY STORE,-83.15406,33.086098,521 Sparta Hwy NE,,Milledgeville,GA,31061,9266,BALDWIN
Jays Mart,-83.313538,33.033466,610 W GA Highway 49,,Milledgeville,GA,31061,9766,BALDWIN
Family Dollar 425,-83.224831,33.073067,641 S Wayne St,,Milledgeville,GA,31061,3905,BALDWIN
B&T's Food Fresh 15,-83.225555,33.071552,731 S Wayne St,A,Milledgeville,GA,31061,3907,BALDWIN
The Market,-83.236198,33.090141,821 N Columbia St,,Milledgeville,GA,31061,2720,BALDWIN
Dollar General 16023,-83.220596,33.07053,831 S Elbert St,,Milledgeville,GA,31061,4100,BALDWIN
CVS PHARMACY 4565,-83.237144,33.092041,960 N Columbia St,,Milledgeville,GA,31061,2729,BALDWIN
Dollar General Store 17645,-83.512833,34.446751,105 Harmony Church Rd,,Baldwin,GA,30511,,BANKS
Diamond Shell,-83.513695,34.463913,172 Otis Brown Rd,,Baldwin,GA,30511,3525,BANKS
4 Way Country & Grocery,-83.440811,34.420879,2284 Damascus Rd,,Baldwin,GA,30511,3406,BANKS
Homer Grocery,-83.418861,34.279659,2004 Highway 59,,Commerce,GA,30530,6663,BANKS
Race Trac 284,-83.464661,34.257004,30580 Highway 441 S,,Commerce,GA,30529,6349,BANKS
Commerce Lucky Store,-83.463692,34.257278,30581 Highway 441 S,,Commerce,GA,30529,6366,BANKS
Quiktrip 828,-83.459854,34.250175,30839 Highway 441 S,,Commerce,GA,30529,6654,BANKS
Walmart Supercenter 3,-83.456619,34.247864,30983 Highway 441 S,,Commerce,GA,30529,6655,BANKS
Murphy USA 6544,-83.457916,34.245777,30985 Highway 441 S,US,Commerce,GA,30529,6655,BANKS
DollarTree 348,-83.459061,34.251339,390 Banks Crossing Dr,,Commerce,GA,30529,6608,BANKS
Neighborhood Market,-83.457687,34.244595,40081 Highway 441 S,,Commerce,GA,30529,6656,BANKS
Golden Pantry Food Stores 1061,-83.502579,34.322147,1237 Historic Homer Hwy,,Homer,GA,30547,2738,BANKS
Tata,-83.502213,34.320988,1265 Historic Homer Hwy,,Homer,GA,30547,2738,BANKS
Harris Meats 1,-83.463867,34.31218,1554 Mccoy Bridge Rd,,Homer,GA,30547,2234,BANKS
Diamond Exxon,-83.476349,34.366196,181 Historic Homer Hwy,,Homer,GA,30547,1947,BANKS
Dollar General 25390,-83.491333,34.400455,2702 Samples Scales Rd,,Homer,GA,30547,1520,BANKS
Patel's Grocery,-83.396194,34.394375,4464 Highway 198,,Homer,GA,30547,1804,BANKS
DOLLAR GENERAL 9282,-83.502731,34.32272,480 Evans St,,Homer,GA,30547,2813,BANKS
DAVID & KATIES AMISH BULK FOODS,-83.499199,34.333626,969 Historic Homer Hwy,,Homer,GA,30547,,BANKS
Lula Country Grocery,-83.574852,34.349632,2448 Highway 51 S,,Lula,GA,30554,3877,BANKS
Littlefoot Farm NAFMNP,-83.562546,34.258152,180 Church St,,Maysville,GA,30558,1726,BANKS
Dollar General 11301,-83.560547,34.250759,25 Newton St,,Maysville,GA,30558,2019,BANKS
Snk Food Mart,-83.560349,34.250347,8949 Maysville Rd,,Maysville,GA,30558,1919,BANKS
City Market,-83.825722,34.012329,1334 Atlanta Hwy,,Auburn,GA,30011,3223,BARROW
DOLLAR GENERAL 1206,-83.83532,34.011974,1460 Atlanta Hwy,,Auburn,GA,30011,3226,BARROW
INGLES MARKETS 451,-83.837326,34.011803,1502 Atlanta Hwy,,Auburn,GA,30011,3629,BARROW
Food Mart 0,-83.849693,34.00988,1640 Atlanta Hwy NW,,Auburn,GA,30011,3614,BARROW
Los Paisanos #3,-83.850357,34.009701,1648 Atlanta Hwy Nw,Ste 101,Auburn,GA,30011,3642,BARROW
Texaco Food Mart,-83.8535,34.009739,1703 Atlanta Hwy NW,,Auburn,GA,30011,3637,BARROW
Old South,-83.822128,34.021122,196 Parks Mill Rd,,Auburn,GA,30011,2921,BARROW
Auburn Bp,-83.845627,34.010361,44 Auburn Gate Ln,Ste B,Auburn,GA,30011,5202,BARROW
DollarTree 6699,-83.842697,34.010853,5 Auburn Park Dr,,Auburn,GA,30011,,BARROW
PUBLIX 1251,-83.754356,33.943661,916 LOGANVILLE HWY,STE 200,BETHLEHEM,GA,30620,,BARROW
Chevron,-83.764259,33.937218,1049 Loganville Hwy,,Bethlehem,GA,30620,2521,BARROW
Dollar General 19952,-83.771828,33.924828,1257 Loganville Hwy,,Bethlehem,GA,30620,2569,BARROW
Dollar General 10576,-83.713974,33.940136,14 Gifton Thomas Rd,,Bethlehem,GA,30620,2400,BARROW
DollarTree 9897,-83.758659,33.94524,1712 Parkway Pointe Dr,,Bethlehem,GA,30620,2167,BARROW
Super H,-83.713875,33.9328,752 Christmas Ave,,Bethlehem,GA,30620,2908,BARROW
Sameer Venture 4 LLC 6789635825,-83.714417,33.931843,767 Christmas Ave,,Bethlehem,GA,30620,2902,BARROW
Los Reyes Super Mercado,-83.751266,33.948421,830 Loganville Hwy,Suite C,Bethlehem,GA,30620,1708,BARROW
Racetrac 2544,-83.760506,33.955025,839 Loganville Hwy,,Bethlehem,GA,30620,1709,BARROW
Target Store 2493,-83.754356,33.943661,916 Loganville Hwy,,Bethlehem,GA,30620,,BARROW
QuikTrip 1704,-83.758614,33.943027,947 Loganville Hwy,,Bethlehem,GA,30620,2117,BARROW
Kroger 622,-83.761284,33.940941,995 Loganville Hwy,,Bethlehem,GA,30620,2117,BARROW
RaceTrac 2307,-83.808304,34.092178,1944 Highway 211 NW,,Hoschton,GA,30548,3520,BARROW
NS Express Inc 2655987,-83.80954,34.094028,1975 Highway 211 NW,,Hoschton,GA,30548,3522,BARROW
Gas Express LLC dba Circle K 157,-83.811295,34.093353,983 Highway 124,,Hoschton,GA,30548,3510,BARROW
Dollar General Market 13877,-83.59935,33.96497,1895 Atlanta Hwy SE,,Statham,GA,30666,1685,BARROW
BP Food Mart,-83.596664,33.963135,1937 Atlanta Hwy SE,,Statham,GA,30666,1859,BARROW
Statham Food Mart,-83.588081,33.958599,2059 Atlanta Hwy SE,,Statham,GA,30666,1861,BARROW
110 Corner Store Inc,-83.58596,33.957283,504 Hayes Lake Rd,,Statham,GA,30666,1853,BARROW
Walgreens 12726,-83.722183,33.990753,10 E May St,,Winder,GA,30680,1949,BARROW
Shell Food Mart,-83.774757,33.991714,10 Patrick Mill Rd SW,,Winder,GA,30680,3848,BARROW
Supermercado La Silleta,-83.717499,33.987263,105 E May St,Ste 300,Winder,GA,30680,1979,BARROW
Quick Shop Horton,-83.733955,33.994007,11 Horton St,,Winder,GA,30680,2078,BARROW
Chevron Food Mart 0,-83.729538,33.988098,113 S Broad St,,Winder,GA,30680,2060,BARROW
Chevron Food Mart,-83.78656,33.973183,1158 Carl Bethlehem Rd,,Winder,GA,30680,3814,BARROW
Chevron Food Mart 01,-83.652794,33.952808,1194 Hog Mountain Rd,,Winder,GA,30680,4476,BARROW
Midlandsuperette,-83.721703,33.999336,121 W Midland Ave,,Winder,GA,30680,1825,BARROW
Hog Mountain Food Mart,-83.644966,33.943935,1353 Hog Mountain Rd,,Winder,GA,30680,4419,BARROW
Xiong Farmer Market,-83.614418,34.033077,1391 Finch Rd,,Winder,GA,30680,3204,BARROW
Quick Pantry,-83.714684,33.995384,141 N Broad St,,Winder,GA,30680,2110,BARROW
DOLLAR GENERAL 3538,-83.729088,33.99572,155 W Athens St,,Winder,GA,30680,1710,BARROW
ALDI 76024,-83.732048,33.994255,160 W May St,,Winder,GA,30680,2066,BARROW
PUBLIX 0480,-83.713852,33.981236,17 Monroe Hwy,Ste A,Winder,GA,30680,2494,BARROW
Sy Food Mart,-83.733131,33.995499,183 W Athens St,,Winder,GA,30680,1779,BARROW
CARNICERIA POTOSINA,-83.736603,33.994553,186 W May St,Suite C,Winder,GA,30680,2081,BARROW
Winder Marathon,-83.736267,33.993992,186 W May St,Ste 103,Winder,GA,30680,2099,BARROW
Dollar General 20921,-83.589722,34.003891,1860 Highway 211 NE,,Winder,GA,30680,3338,BARROW
The Market,-83.589653,34.003422,1861 Highway 211 NE,,Winder,GA,30680,3342,BARROW
Winder Oriental Market,-83.736404,33.995861,201 W Athens St,Suite B,Winder,GA,30680,1711,BARROW
B&T's Food Fresh 20,-83.713295,33.998581,208 N Broad St,,Winder,GA,30680,2183,BARROW
Family Dollar 105,-83.712212,33.998768,208 N Broad St,Ste G,Winder,GA,30680,2184,BARROW
New Winder Food Mart,-83.712143,33.982658,220 E May St,,Winder,GA,30680,7127,BARROW
Short Stop,-83.711487,34.000034,228 N Broad St,,Winder,GA,30680,2181,BARROW
Dollar General 14845,-83.715836,33.979855,240 2nd St,,Winder,GA,30680,2423,BARROW
Bethlehem African Caribbean Tropical Market,-83.70977,34.000351,243 N Broad St,Ste E,Winder,GA,30680,8601,BARROW
INGLES MARKETS 57,-83.707199,34.003521,283 N Broad St,,Winder,GA,30680,2155,BARROW
Barrow County Farmers Market,-83.721909,33.992359,30 North Broad Street,,Winder,GA,30680,,BARROW
La Jalisco Of Winder Llc,-83.721016,33.989574,39 E May St,Ste A,Winder,GA,30680,1921,BARROW
Publix Super Market 1685,-83.706741,34.009396,401 Gainesville Hwy,,Winder,GA,30680,1661,BARROW
Murphy USA 7897,-83.756248,33.99194,438 Atlanta Hwy NW,,Winder,GA,30680,7826,BARROW
Walmart Supercenter 520,-83.755798,33.992264,440 Atlanta Hwy NW,,Winder,GA,30680,7826,BARROW
BP Foodmart,-83.689888,33.973827,517 E Midland Ave,,Winder,GA,30680,2585,BARROW
Exxon Food Mart,-83.798149,33.96114,529 Patrick Mill Rd SW,Ste A,Winder,GA,30680,6135,BARROW
Citgo Food Mart,-83.71328,33.978298,53 Monroe Hwy,,Winder,GA,30680,2493,BARROW
786 Corner Store Inc,-83.632622,33.992748,6 Pleasant Hill Church Rd N,,Winder,GA,30680,,BARROW
CVS Pharmacy 4389,-83.723236,33.990875,6 W May St,,Winder,GA,30680,8105,BARROW
Dollar General 21215,-83.763718,34.022724,648 Rockwell Church Rd NW,,Winder,GA,30680,2834,BARROW
Dollar General 12733,-83.688873,34.018478,658 Jefferson Hwy,,Winder,GA,30680,3641,BARROW
Lucky Lotto,-83.688194,33.972195,669 Atlanta Hwy Se,Ste C,Winder,GA,30680,2488,BARROW
Metro Carrollton Food Mart,-83.763992,34.022232,731 Highway 211 Nw,Ste B,Winder,GA,30680,8551,BARROW
Winder Foodmart 752 Inc,-83.766388,34.022381,752 Highway 211 NW,Ga,Winder,GA,30680,2802,BARROW
Circle K 2723345,-83.718353,33.987434,93 E May St,,Winder,GA,30680,1960,BARROW
DollarTree 5040,-83.71862,33.993675,95 N Broad St,,Winder,GA,30680,2108,BARROW
DOLLAR GENERAL 9720,-84.67926,34.117088,4494 New Hope Church Rd SE,,Acworth,GA,30102,2733,BARTOW
Chevron Food Mart,-84.676956,34.083477,5365 Allatoona Gtwy,,Acworth,GA,30102,1736,BARTOW
Acworth Food Mart LLC,-84.676453,34.0849,5375 Glade Rd Se,,Acworth,GA,30102,3114,BARTOW
Lee's Grocery,-84.721519,34.086262,5634 Third Army Rd SE,,Acworth,GA,30101,3212,BARTOW
Dollar General Store 18103,-84.721703,34.085472,5650 Third Army Rd SE,,Acworth,GA,30101,3205,BARTOW
Lakeside Crossing,-84.585419,34.105499,6649 Allatoona Gtwy,,Acworth,GA,30102,2859,BARTOW
Camille's Corner,-84.909798,34.345299,5136 Joe Frank Harris Pkwy NW,,Adairsville,GA,30103,5328,BARTOW
Dollar General Store 4186,-84.929359,34.372471,6064 Joe Frank Harris Pkwy NW,,Adairsville,GA,30103,2419,BARTOW
Dollar & Beyond,-84.929207,34.37347,6194 Joe Frank Harris Pkwy NW,Ste 104,Adairsville,GA,30103,2422,BARTOW
MAPCO Express Inc. 3600,-84.932991,34.376446,6434 Joe Frank Harris Pkwy NW,,Adairsville,GA,30103,2430,BARTOW
Grab & Go,-84.94072,34.376293,7194 Adairsville Hwy,,Adairsville,GA,30103,2007,BARTOW
Fast Track Food Mart,-84.934036,34.376598,7320 Adairsville Hwy,,Adairsville,GA,30103,2011,BARTOW
FOOD LION 1696,-84.93148,34.377075,7409 Adairsville Hwy,,Adairsville,GA,30103,2014,BARTOW
Family Dollar 4155,-84.931465,34.377075,7421 Adairsville Hwy,,Adairsville,GA,30103,2014,BARTOW
Racetrac 2551,-84.91584,34.376846,7812 Adairsville Hwy,,Adairsville,GA,30103,2107,BARTOW
Dollar General 30669,-84.987511,34.373428,8 Oak Grove Rd NW,,Adairsville,GA,30103,4520,BARTOW
QUIKTRIP 757,-84.907036,34.378487,961 Highway 140 NW,,Adairsville,GA,30103,2202,BARTOW
Walmart 615,-84.78756,34.202988,101 MARKET PLACE BLVD,,CARTERSVILLE,GA,30121,,BARTOW
INGLES MARKETS 76,-84.796036,34.154865,879 JFH PARKWAY,,CARTERSVILLE,GA,30120,,BARTOW
Circle K 2723554,-84.831413,34.203899,902 JOE FRANKLIN PKWY,,CARTERSVILLE,GA,30120,,BARTOW
Cartersville Farmers Market,-84.796394,34.166138,10 N Public Sq,,Cartersville,GA,30120,3326,BARTOW
Target Store 969,-84.785866,34.172508,100 Cherokee Pl,,Cartersville,GA,30121,2954,BARTOW
Walgreens 15180,-84.793541,34.16787,101 N Tennessee St,,Cartersville,GA,30120,3211,BARTOW
DOLLAR GENERAL 1884,-84.78849,34.174294,104 Market Sq,,Cartersville,GA,30120,2854,BARTOW
Sugar Valley Kwik Mart,-84.87323,34.186863,1061 Sugar Valley Rd SW,,Cartersville,GA,30120,5707,BARTOW
Race Trac 652,-84.831879,34.182961,11 Baker Rd SW,,Cartersville,GA,30121,,BARTOW
Dollar General 18135,-84.818268,34.217148,11 Village Dr,,Cartersville,GA,30121,,BARTOW
Cross Road Food Mart,-84.797874,34.195915,1139 N Tennessee St,,Cartersville,GA,30120,2324,BARTOW
Tienda La Mexicana,-84.78804,34.174156,114 Market Sq,,Cartersville,GA,30120,2854,BARTOW
Citgo Express,-84.798744,34.196373,1144 N Tennessee St,,Cartersville,GA,30120,2348,BARTOW
Malik Foodmart Inc,-84.829254,34.165215,1153A Burnt Hickory Rd SE,,Cartersville,GA,30120,6102,BARTOW
CVS PHARMACY 3086,-84.825401,34.150265,1162 West Ave,,Cartersville,GA,30120,6138,BARTOW
QuikTrip 1771,-84.845314,34.218067,12 Burnt Hickory Conn,,Cartersville,GA,30120,,BARTOW
Bp Food Mart,-84.793022,34.150803,122 Old Mill Rd,,Cartersville,GA,30120,4131,BARTOW
Murphy USA 5503,-84.78965,34.201969,125 Market Place Blvd,,Cartersville,GA,30121,2236,BARTOW
Tienda La Mexicana 2 2,-84.856071,34.228832,1316 Cassville Rd NW,,Cartersville,GA,30120,4870,BARTOW
Circle K 2723653,-84.764648,34.173523,1325 E Main St,,Cartersville,GA,30121,3300,BARTOW
Racetrac 2512,-84.763939,34.173473,1328 E Main St,,Cartersville,GA,30121,3302,BARTOW
ZAMAR CHEVRON,-84.850494,34.130325,1331 Highway 113 SW,,Cartersville,GA,30120,6306,BARTOW
Shell Food Mart,-84.762527,34.173431,1340 E Main St,,Cartersville,GA,30121,3302,BARTOW
Racetrac2631 2631,-84.745216,34.140572,135 Red Top Mountain Rd SE,,Cartersville,GA,30121,6608,BARTOW
Circle K 2723639,-84.818939,34.206795,1361 Joe Frank Harris Pkwy SE,,Cartersville,GA,30120,4222,BARTOW
QUICKTRIP 792,-84.818825,34.207008,1364 Joe Frank Harris Pkwy SE,,Cartersville,GA,30120,4221,BARTOW
SPEEDWAY 7209,-84.799103,34.208008,1395 Hwy 411,,Cartersville,GA,30121,,BARTOW
Texaco West Ave,-84.833267,34.146515,1401 West Ave,,Cartersville,GA,30120,6379,BARTOW
Love's Travel Stop 359,-84.719063,34.102505,150 Allatoona Pass Rd SE,,Cartersville,GA,30121,7675,BARTOW
Findley's Butcher Shop Cartersville 2,-84.798637,34.16452,151 W Main St,,Cartersville,GA,30120,3548,BARTOW
Burgers Market,-84.829102,34.210545,1572 Joe Frank Harris Pkwy SE,,Cartersville,GA,30120,7375,BARTOW
Food City 218,-84.843018,34.218983,1912 Joe Frank Harris Pkwy SE,,Cartersville,GA,30120,7312,BARTOW
El Tikal Convenience,-84.793533,34.163898,206 S Tennessee St,,Cartersville,GA,30120,3606,BARTOW
216 S Tenn Llc,-84.793533,34.163063,216 S Tennessee St,,Cartersville,GA,30120,3606,BARTOW
Chevron Food Mart,-84.776115,34.241802,2311 Highway 411 NE,,Cartersville,GA,30121,5196,BARTOW
DollarTree 525,-84.790092,34.201927,257 Market Place Blvd,,Cartersville,GA,30121,2235,BARTOW
BP Food Mart,-84.815216,34.18013,263 Cassville Rd,,Cartersville,GA,30120,2541,BARTOW
Dollar General 10395,-84.815369,34.180328,265 Cassville Rd,,Cartersville,GA,30120,2541,BARTOW
Dollar General 11363,-84.855331,34.22617,28 Boyd Morris Rd NW,,Cartersville,GA,30120,7735,BARTOW
Laxmijii Food Mart Llc,-84.861404,34.264702,2836 Joe Frank Harris Parkway Nw,,Cartersville,GA,30120,,BARTOW
PUBLIX 0554,-84.782982,34.17297,300 Cherokee Pl,,Cartersville,GA,30121,2964,BARTOW
Gas N Go,-84.795357,34.161396,301 S Erwin St,,Cartersville,GA,30120,3913,BARTOW
Dollar General 25255,-84.741013,34.218681,34 Rowland Springs Rd SE,,Cartersville,GA,30121,5234,BARTOW
Joys Market,-84.820412,34.153801,4 Charley Harper Dr,,Cartersville,GA,30120,1110,BARTOW
Dollar General 20025,-84.831871,34.206112,4 Dean St,,Cartersville,GA,30120,1910,BARTOW
Dollar General 15193,-84.828766,34.14854,4 Walnut Grove Rd SE,,Cartersville,GA,30120,6402,BARTOW
Dollar General 30765,-84.872063,34.288296,4046 Joe Frank Harris Pkwy NW,,Cartersville,GA,30120,4311,BARTOW
Moreliana Grocery,-84.819267,34.208584,412 Grassdale Rd,Ste D,Cartersville,GA,30121,7842,BARTOW
Quick Mart,-84.793388,34.175522,423 N Tennessee St,,Cartersville,GA,30120,2816,BARTOW
Country Corner Store,-84.871918,34.219387,426 Hamilton Crossing Rd NW,,Cartersville,GA,30120,4888,BARTOW
DollarTree 500,-84.786842,34.167706,435 E Main St,,Cartersville,GA,30121,3349,BARTOW
Neelkanth101211 Llc,-84.793587,34.154758,445 S Erwin St,,Cartersville,GA,30120,3951,BARTOW
ALDI 76028,-84.785561,34.176842,500 Rowland Springs Rd,,Cartersville,GA,30121,2936,BARTOW
Mystik,-84.819962,34.19054,501 Cassville Rd,,Cartersville,GA,30120,2338,BARTOW
Circle K 2723683,-84.793388,34.176182,501 N Tennessee St,,Cartersville,GA,30120,2822,BARTOW
Dollar General 21151,-84.872803,34.185574,55 Road 2 South SW,,Cartersville,GA,30120,5734,BARTOW
QuikTrip 1749,-84.76606,34.205288,5619 Hwy 20,,Cartersville,GA,30121,,BARTOW
Texaco Food Mart,-84.764412,34.204945,5626 Highway 20 SE,,Cartersville,GA,30121,5211,BARTOW
Circle K 2723675,-84.759201,34.208805,5646 Highway 20 SE,,Cartersville,GA,30121,5213,BARTOW
Shamo Investments,-84.757309,34.211964,5661 Highway 20 NE,,Cartersville,GA,30121,5212,BARTOW
61 Quick Stop,-84.847321,34.098976,571 Highway 61 SE,,Cartersville,GA,30120,6717,BARTOW
Marathon Food Mart,-84.820099,34.2724,794 Cassville White Rd Nw,,Cartersville,GA,30121,4622,BARTOW
Hickory Burnt Food Mart,-84.829933,34.183628,804 Burnt Hickory Rd Sw,,Cartersville,GA,30120,7324,BARTOW
INGLES MARKETS 476,-84.818314,34.156013,825 West Ave,,Cartersville,GA,30120,6133,BARTOW
Shell Food Mart,-84.814873,34.273102,874 Cassville White Rd Nw,,Cartersville,GA,30121,4721,BARTOW
DOLLAR GENERAL 2081,-84.791199,34.197773,916 Joe Frank Harris Pkwy SE,,Cartersville,GA,30120,2137,BARTOW
Loa Enterprises Corporation,-84.795509,34.187714,952 N Tennessee St,,Cartersville,GA,30120,2478,BARTOW
Walgreens 17686,-84.792946,34.198917,954 Joe Frank Harris Pkwy SE,,Cartersville,GA,30120,2131,BARTOW
CVS PHARMACY 8976,-84.794785,34.198784,965 Joe Frank Harris Pkwy SE,,Cartersville,GA,30120,2130,BARTOW
Pilot Travel Center 67,-84.839394,34.214237,968 Cassville Rd SE,,Cartersville,GA,30120,7836,BARTOW
TA Cartersville 0146,-84.807663,34.27319,981 Cassville White Rd NE,,Cartersville,GA,30121,7204,BARTOW
Kroger 629,-84.755997,34.175861,125 E Main St SE,,Carterville,GA,30121,,BARTOW
Family Dollar 8496,-84.00219,33.68428,425 Sigman Rd,,Conyers,GA,30123,,BARTOW
QuikTrip 1727,-84.744545,34.120365,105 Old Allatoona Rd,,Emerson,GA,30121,,BARTOW
DOLLAR GENERAL 6124,-84.756233,34.125504,710 Highway 293,,Emerson,GA,30137,2263,BARTOW
EMERSON MINI MART,-84.755608,34.125439,714 Highway 293,,Emerson,GA,30137,2263,BARTOW
Dollar General 11996,-84.912521,34.14798,915 Euharlee Rd SW,,Euharlee,GA,30120,6025,BARTOW
Kingston Grocery,-84.945267,34.236828,15 E Railroad St,,Kingston,GA,30145,2415,BARTOW
DOLLAR GENERAL 8457,-84.946259,34.238308,32 Cochran St,,Kingston,GA,30145,2412,BARTOW
Dollar General 15446,-84.723923,34.340366,3566 Highway 140,,Rydal,GA,30171,1205,BARTOW
Ryda Food Mart,-84.719559,34.320011,4010 Highway 411 NE,,Rydal,GA,30171,1519,BARTOW
DOLLAR GENERAL 19736,-84.978645,34.144688,1091 Taylorsville Macedonia Rd,,Taylorsville,GA,30178,1538,BARTOW
DOLLAR GENERAL 9588,-84.922066,34.1026,2335 Highway 113,,Taylorsville,GA,30178,1832,BARTOW
Dollar General 23441,-84.61853,34.222256,2951 Upper Sweetwater Trl SE,,White,GA,30184,,BARTOW
Dollar General 8382,-84.747604,34.274071,3201 Highway 411 NE,,White,GA,30184,2749,BARTOW
Wild Chicken Corner,-83.254044,31.715132,102 E Central Ave,,Fitzgerald,GA,31750,2501,BEN HILL
Walmart S/C 686,-83.248276,31.689959,120 Benjamin H Hill Dr W,,Fitzgerald,GA,31750,8607,BEN HILL
Murphy USA 5698,-83.247673,31.691801,124 Benjamin H Hill Dr SW,,Fitzgerald,GA,31750,8607,BEN HILL
Krupa Sindhu,-83.269493,31.714575,146 Irwinville Hwy,,Fitzgerald,GA,31750,2369,BEN HILL
La Plaza Azteca,-83.24894,31.700981,162 Ocilla Hwy,Ste 16,Fitzgerald,GA,31750,,BEN HILL
Brahmani Maa,-83.251427,31.701109,167 Ocilla Hwy,,Fitzgerald,GA,31750,3770,BEN HILL
107 Express,-83.239845,31.696636,178 Benjamin H Hill Dr SE,,Fitzgerald,GA,31750,7571,BEN HILL
Family Dollar 218,-83.250824,31.69965,179 Ocilla Hwy,,Fitzgerald,GA,31750,3790,BEN HILL
Fosters Fast Stop,-83.260475,31.730551,181 Dewey McGlamry Rd,,Fitzgerald,GA,31750,8173,BEN HILL
Neels Corner,-83.236023,31.71427,182 Jacksonville Hwy,,Fitzgerald,GA,31750,7468,BEN HILL
Peach Express,-83.235283,31.713535,189 Jacksonville Hwy,,Fitzgerald,GA,31750,8951,BEN HILL
Dollar General 25767,-83.23452,31.714033,192 Jacksonville Hwy,,Fitzgerald,GA,31750,7468,BEN HILL
Tienda Mexicana La Estrella,-83.251251,31.71273,216 S Sherman St,,Fitzgerald,GA,31750,2981,BEN HILL
Piggly Wiggly 279,-83.256821,31.713917,220 W Central Ave,,Fitzgerald,GA,31750,2438,BEN HILL
Jet Food Store 100,-83.258492,31.692701,255 Benjamin H Hill Dr SW,,Fitzgerald,GA,31750,8696,BEN HILL
DollarTree 3519,-83.244736,31.694199,262 Ocilla Hwy,Ste 4,Fitzgerald,GA,31750,8702,BEN HILL
Taylor's Food Mart,-83.265015,31.718039,316 N Merrimac Dr,,Fitzgerald,GA,31750,2345,BEN HILL
Dollar General 15233,-83.260925,31.746895,363 Dewey McGlamry Rd,,Fitzgerald,GA,31750,8114,BEN HILL
Money Saver,-83.246819,31.743855,368 Bowens Mill Hwy,,Fitzgerald,GA,31750,6952,BEN HILL
G & L Quality Boer,-83.309685,31.74156,395 Redwood Rd,,Fitzgerald,GA,31750,8387,BEN HILL
Dollar General 22707,-83.265038,31.718893,406 N Merrimac Dr,,Fitzgerald,GA,31750,1907,BEN HILL
Stop And Go,-83.214172,31.713934,408 Jacksonville Hwy,,Fitzgerald,GA,31750,9800,BEN HILL
Sav A Ton,-83.260666,31.705433,516 W Roanoke Dr,,Fitzgerald,GA,31750,3631,BEN HILL
Flash Foods LLC 274155,-83.252998,31.720901,603 N Grant St,,Fitzgerald,GA,31750,2128,BEN HILL
DOLLAR GENERAL 2098,-83.252533,31.707672,708 S Grant St,,Fitzgerald,GA,31750,3315,BEN HILL
Lil Pantry #9,-83.251945,31.706625,801 S Sherman St,,Fitzgerald,GA,31750,3750,BEN HILL
Stone's Country Meats Inc,-83.251572,31.706062,811 S Sherman St,,Fitzgerald,GA,31750,3780,BEN HILL
Puja Food Mart,-83.24411,31.715242,816 E Central Ave,,Fitzgerald,GA,31750,7442,BEN HILL
Short Stop,-83.244347,31.724392,816 E Sultana Dr,,Fitzgerald,GA,31750,7442,BEN HILL
CVS Pharmacy 4603,-83.252823,31.706091,816 S Grant St,,Fitzgerald,GA,31750,3703,BEN HILL
Alapaha Station 1,-83.223869,31.382076,22280 Main St,,Alapaha,GA,31622,5153,BERRIEN
Dollar General 11522,-83.226959,31.388676,8949 US Highway 82,,Alapaha,GA,31622,5245,BERRIEN
ENIGMA MARKET,-83.330482,31.413389,2462 US Highway 82,,Enigma,GA,31749,2930,BERRIEN
Dollar General 21386,-83.329254,31.412838,858 Main St,,Enigma,GA,31749,3029,BERRIEN
Lucky Corner,-83.260574,31.196308,1001 S Dogwood Dr,,Nashville,GA,31639,2642,BERRIEN
Gaskins Meats,-83.237122,31.20643,1318 E Marion Ave,,Nashville,GA,31639,1813,BERRIEN
La Chapis Market,-83.222023,31.2068,202 Greenridge Dr,,Nashville,GA,31639,2812,BERRIEN
Food Lion 2807,-83.249313,31.205544,207 McPherson St,,Nashville,GA,31639,,BERRIEN
Quick Mart 1,-83.253571,31.208323,224 Tifton Rd,,Nashville,GA,31639,3702,BERRIEN
Walgreens 18291,-83.250137,31.203173,402 S Davis St,,Nashville,GA,31639,2441,BERRIEN
Four Guys Convenience Store,-83.250748,31.203108,405 S Davis St,,Nashville,GA,31639,2440,BERRIEN
Stop N Shop,-83.243591,31.205156,500 E Mcpherson Ave,,Nashville,GA,31639,2255,BERRIEN
Dollar General Market 13929,-83.243568,31.204418,509 E McPherson Ave,,Nashville,GA,31639,2254,BERRIEN
Pit Stop,-83.2509,31.200987,514 S Davis St,,Nashville,GA,31639,2443,BERRIEN
Flash Foods LLC 274022,-83.251381,31.201097,519 S Davis St,,Nashville,GA,31639,2442,BERRIEN
Horton's Discount Meat & Seafood,-83.252563,31.199436,615 S Bartow St,,Nashville,GA,31639,2414,BERRIEN
1st Choice,-83.249451,31.213068,705 N Davis St,,Nashville,GA,31639,1440,BERRIEN
Quick Mart 2,-83.242233,31.214312,708 Old Coffee Rd,,Nashville,GA,31639,1602,BERRIEN
Dollar General 22264,-83.251427,31.197073,719 S Davis St,,Nashville,GA,31639,2618,BERRIEN
Paps Food Mart,-83.243942,31.207092,730 E Marion Ave,,Nashville,GA,31639,2242,BERRIEN
DOLLAR GENERAL 4344,-83.198952,31.074848,8025 Main St,,Ray City,GA,31645,7719,BERRIEN
Family Dollar 13705,-83.199013,31.075331,8059 Main St,,Ray City,GA,31645,7719,BERRIEN
One Stop 6,-83.199577,31.074432,883 Patten Ave,,Ray City,GA,31645,7751,BERRIEN
One Stop 5,-83.200073,31.075001,925 Patten Ave,,Ray City,GA,31645,7736,BERRIEN
DOLLAR GENERAL 9696,-83.801796,32.801659,3307 Holley Rd,,Lizella,GA,31052,3412,BIBB
Tipco 3,-83.761772,32.7584,6011 Bethel Church Rd,,Lizella,GA,31052,4816,BIBB
Z-1 Express,-83.769096,32.804192,6620 Columbus Rd,,Lizella,GA,31052,3607,BIBB
Bobby's Food Mart,-83.824165,32.808048,8371 Eisenhower Pkwy,,Lizella,GA,31052,3800,BIBB
CIRCLE K 2745065,-83.73024,32.929256,1608 BASS ROAD,,MACON,GA,31210,,BIBB
Shan Food Mart,-83.679062,32.81414,100 S Heron St,,Macon,GA,31206,3154,BIBB
C AND J SUPERMARKET 2,-83.559868,32.87347,101 GA Highway 49,,Macon,GA,31211,7801,BIBB
AK Express,-83.618881,32.855652,1091 Clinton Rd,,Macon,GA,31211,1825,BIBB
Hmk Express Llc,-83.616989,32.855915,1105 Gray Hwy,,Macon,GA,31211,1857,BIBB
Chevron Food Mart,-83.657234,32.791054,1106 Rocky Creek Rd,,Macon,GA,31206,2640,BIBB
Napier Heights Food Co-op,-83.646957,32.833267,1155 College St,,Macon,GA,31201,1758,BIBB
Love's Travel Stop 698,-83.73481,32.716682,1190 Frank Amerson Pkwy,,Macon,GA,31216,4941,BIBB
Flash Foods LLC 274226,-83.640221,32.836155,1194 Forsyth St,,Macon,GA,31201,1736,BIBB
CVS Pharmacy 7212,-83.615143,32.859234,1271 Gray Hwy,,Macon,GA,31211,1919,BIBB
Dollar General Market 9814,-83.613144,32.862755,1370 Gray Hwy,,Macon,GA,31211,1949,BIBB
Fastee Food 4,-83.662651,32.83234,1389 Pio Nono Ave,,Macon,GA,31204,4633,BIBB
Walmart Supercenter 1076,-83.611313,32.866432,1401 Gray Hwy,,Macon,GA,31211,1905,BIBB
MURPHY EXPRESS 8519,-83.613533,32.863346,1402 Gray Hwy,,Macon,GA,31211,1906,BIBB
Family Dollar 382,-83.669327,32.790798,1415 Rocky Creek Rd,,Macon,GA,31206,3575,BIBB
B&T's Food Fresh 14,-83.670052,32.789532,1425 Rocky Creek Rd,,Macon,GA,31206,3575,BIBB
Food Mart,-83.644302,32.837723,1436 Forsyth St,,Macon,GA,31201,1404,BIBB
Dollar General 16428,-83.636292,32.822411,1444 Martin Luther King Jr Blvd,,Macon,GA,31201,3027,BIBB
DollarTree 1538,-83.612625,32.863869,1451 Gray Hwy,,Macon,GA,31211,1905,BIBB
Spring Express,-83.629608,32.844765,15 Spring St,,Macon,GA,31201,1925,BIBB
DollarTree 5757,-83.671646,32.791054,1508 Rocky Creek Rd,,Macon,GA,31206,3579,BIBB
Supervalu Foods,-83.66803,32.814201,1538 Eisenhower Pkwy,,Macon,GA,31206,3130,BIBB
CVS Pharmacy 10357,-83.735802,32.927052,1544 Bass Rd,,Macon,GA,31210,7510,BIBB
DollarTree 1806,-83.66803,32.813156,1572 Eisenhower Pkwy,,Macon,GA,31206,3153,BIBB
Forest Hill Shell,-83.702667,32.898762,1585 Forest Hill Rd,,Macon,GA,31210,2333,BIBB
Joe's Fish Market,-83.66935,32.814224,1588 Eisenhower Pkwy,,Macon,GA,31206,3160,BIBB
Northside Citgo,-83.703514,32.898716,1592 Forest Hill Rd,,Macon,GA,31210,2334,BIBB
Market Express,-83.732567,32.927162,1607 Bass Rd,,Macon,GA,31210,6501,BIBB
CVS Pharmacy 4545,-83.703209,32.899452,1615 Forest Hill Rd,,Macon,GA,31210,1602,BIBB
Citgo Food Mart,-83.675606,32.787586,1681 Rocky Creek Rd,,Macon,GA,31206,3551,BIBB
DOLLAR GENERAL 18965,-83.545944,32.710995,17002 Highway 129,,Macon,GA,31217,,BIBB
DollarTree 10200,-83.593864,32.859947,1735 Shurlington,,Macon,GA,31217,,BIBB
DollarTree 2429,-83.687065,32.8978,175 Tom Hill SR Blvd,Ste A,Macon,GA,31210,,BIBB
Arco Food Mart,-83.663239,32.825432,1803 Pio Nono Ave,,Macon,GA,31204,6142,BIBB
Shurling Pit Stop,-83.592644,32.86216,1904 Shurling Dr,,Macon,GA,31211,2222,BIBB
Jim Food Mart,-83.58831,32.852203,1920 Jeffersonville Rd,,Macon,GA,31217,4540,BIBB
Citgo Food Mart,-83.648163,32.841106,1924 Forsyth St,,Macon,GA,31201,1144,BIBB
Village Market,-83.613579,32.870373,1980 Gray Hwy,,Macon,GA,31211,1915,BIBB
Ingleside Foods,-83.645882,32.855793,2010 Riverside Dr,,Macon,GA,31204,2051,BIBB
Family Dollar 227,-83.589638,32.863243,2035 Shurling Dr,,Macon,GA,31211,2340,BIBB
Diann Pope,-83.68457,32.815296,2055 Eisenhower Pkwy,,Macon,GA,31206,,BIBB
Pat Cobb Produce,-83.683281,32.815224,2055 Eisenhower Pkwy,Stall D-18,Macon,GA,31204,,BIBB
WEATHERSBEE PRODUCE,-83.68457,32.815296,2055 Eisenhower Pkwy,Ofc,Macon,GA,31206,3152,BIBB
Mr. Ed's Produce,-83.683281,32.815224,2055 Eisenhower Prky,Bldg D,Macon,GA,31206,,BIBB
My Store,-83.662743,32.822071,2073 Pio Nono Ave,,Macon,GA,31206,2880,BIBB
Sprint Food 6,-83.687996,32.785828,2075 Rocky Creek Rd,,Macon,GA,31206,3903,BIBB
Family Dollar 5426,-83.663033,32.821098,2123 Pio Nono Ave,,Macon,GA,31206,2885,BIBB
Dollar General 31254,-83.689262,32.784119,2194 Rocky Creek Rd,,Macon,GA,31206,3906,BIBB
KROGER 378,-83.69101,32.899406,220 Tom Hill SR Blvd,,Macon,GA,31210,1815,BIBB
Nishu Food Mart,-83.585785,32.864994,2243 Shurling Dr,,Macon,GA,31211,2549,BIBB
Sunoco Food Mart,-83.585953,32.865681,2260 Shurling Dr,,Macon,GA,31211,2518,BIBB
Flowers Bakery Outlet 84,-83.680473,32.823036,2267 Anthony Rd,,Macon,GA,31204,5823,BIBB
Ingleside Food Mart,-83.654671,32.853745,2304 Ingleside Ave,,Macon,GA,31204,2034,BIBB
Food Mart,-83.646141,32.81638,2400 2nd St,,Macon,GA,31206,2114,BIBB
DOLLAR GENERAL 6505,-83.577721,32.866402,2480 Shurling Dr,,Macon,GA,31211,2522,BIBB
Melody's Magic Mart,-83.702316,32.786842,2487 Rocky Creek Rd,,Macon,GA,31206,4431,BIBB
Lo Lo Foodmart,-83.66243,32.814774,2490 Pio Nono Ave,,Macon,GA,31206,2866,BIBB
Shree Harikrishna Maharaj,-83.662842,32.814045,2510 Pio Nono Ave,,Macon,GA,31206,3104,BIBB
Family Dollar 5252,-83.645332,32.814373,2529 Houston Ave,,Macon,GA,31206,2213,BIBB
Amoco Food Store,-83.582031,32.839817,2579 Emery Hwy,,Macon,GA,31217,4758,BIBB
Circle K 6715,-83.662163,32.872749,2580 Riverside Dr,,Macon,GA,31204,1546,BIBB
Family Dollar 10678,-83.706337,32.786884,2584 Rocky Creek Rd,,Macon,GA,31206,4565,BIBB
Chevron,-83.664101,32.874367,2650 Riverside Dr,,Macon,GA,31204,1436,BIBB
QuikTrip 1733,-83.665024,32.876114,2710 Riverside Dr,,Macon,GA,31204,1442,BIBB
Kings Food Mart,-83.64698,32.810349,2765 Houston Ave,,Macon,GA,31206,2217,BIBB
Dollar General 12134,-83.576111,32.840538,2797 Emery Rd,,Macon,GA,31217,4737,BIBB
Foty Farm LLC,-83.74086,32.762386,280 Margaret Ct,,Macon,GA,31216,5539,BIBB
Jeffersonville Sunoco,-83.574181,32.841537,2900 Jeffersonville Rd,,Macon,GA,31217,5116,BIBB
Riverside Mobil,-83.669113,32.880581,2900 Riverside Dr,,Macon,GA,31204,1244,BIBB
C & J's Supermarket,-83.573883,32.840984,2901 Jeffersonville Rd,,Macon,GA,31217,5115,BIBB
Family Super Market,-83.648346,32.808117,2965 Houston Ave,,Macon,GA,31206,2247,BIBB
Family Dollar 9420,-83.571251,32.864609,3002 Shurling Dr,,Macon,GA,31211,2645,BIBB
CVS PHARMACY 4255,-83.673019,32.746323,3012 Hartley Bridge Rd,,Macon,GA,31216,5728,BIBB
DOLLAR GENERAL 7133,-83.674828,32.746456,3051 Hartley Bridge Rd,,Macon,GA,31216,5727,BIBB
Dollar General 8684,-83.676422,32.8899,3076 Riverside Dr,Ste 800,Macon,GA,31210,6310,BIBB
Valero Food Mart,-83.674263,32.839424,3109 Hillcrest Ave,,Macon,GA,31204,3824,BIBB
Family Dollar 10791,-83.68084,32.824226,3190 Mercer University Dr,,Macon,GA,31204,5166,BIBB
Sprint Food-2,-83.681473,32.823864,3198 Mercer University Dr,,Macon,GA,31204,5166,BIBB
Speedee Mart 1,-83.64959,32.804901,3219 Houston Ave,,Macon,GA,31206,2305,BIBB
Nouria 3311 Mercer University Boulevard 836,-83.686134,32.822044,3311 Mercer University Dr,,Macon,GA,31204,5048,BIBB
Flash Foods LLC 274160,-83.68898,32.820877,3391 Mercer University Dr,,Macon,GA,31204,5075,BIBB
Shiv Food Mart,-83.65094,32.800617,3472 Houston Ave,,Macon,GA,31206,2404,BIBB
Hr 24 Enterprise Inc,-83.68782,32.843426,3484 Napier Ave,,Macon,GA,31204,3759,BIBB
Corner Food Mart,-83.687454,32.841576,3508 Log Cabin Dr,,Macon,GA,31204,3709,BIBB
Jek Food Mart,-83.665924,32.798908,3565 Pio Nono Ave,,Macon,GA,31206,3035,BIBB
Reliance Food Mart,-83.688622,32.846779,3590 Napier Ave,,Macon,GA,31204,3352,BIBB
G Food Mart,-83.699768,32.80275,3598 Williamson Rd,,Macon,GA,31206,3704,BIBB
Family Dollar 8676,-83.688065,32.847412,3600 Napier Ave,,Macon,GA,31204,2751,BIBB
Mi Preferida,-83.66674,32.79755,3631 Pio Nono Ave,,Macon,GA,31206,3037,BIBB
The Salad Palace,-83.690033,32.815308,3640 Eisenhower Pkwy,Ste 160,Macon,GA,31206,3675,BIBB
Gordon Restaurant Market MP211,-83.689423,32.816372,3653 Eisenhower Pkwy,,Macon,GA,31206,3605,BIBB
Family Dollar 6310,-83.552948,32.841217,3656 Jeffersonville Rd,,Macon,GA,31217,5314,BIBB
Marathon,-83.666939,32.79715,3701 Pio Nono Ave,,Macon,GA,31206,3039,BIBB
Ken's Food Mart,-83.551704,32.841183,3705 Irwinton Rd,,Macon,GA,31217,6332,BIBB
Mike Supermarket,-83.652397,32.797615,3716 Houston Ave,,Macon,GA,31206,2416,BIBB
Canyan Grocery,-83.551598,32.840439,3726 Jeffersonville Rd,,Macon,GA,31217,5304,BIBB
FASTEE FOODS 2,-83.695435,32.838734,3786 Log Cabin Dr,,Macon,GA,31204,3754,BIBB
Circle G,-83.693588,32.898052,3821 Northside Dr,,Macon,GA,31210,2418,BIBB
Dollar General 2168,-83.666451,32.79488,3824 Pio Nono Ave,,Macon,GA,31206,3081,BIBB
Shri Hari Grocery,-83.702484,32.816002,3830 Eisenhower Pkwy,,Macon,GA,31206,,BIBB
Bp Mart,-83.698105,32.818649,3843 Bloomfield Rd,,Macon,GA,31206,3613,BIBB
Quick Mart,-83.616676,32.84547,385 Coliseum Dr,,Macon,GA,31217,3807,BIBB
WALGREENS 6560,-83.688026,32.862148,3888 Vineville Ave,,Macon,GA,31204,1865,BIBB
Flash Foods LLC 274261,-83.688751,32.862705,3889 Vineville Ave,,Macon,GA,31204,1864,BIBB
Tienda La Estrellita 1,-83.667946,32.793976,3892 Pio Nono Ave,,Macon,GA,31206,3062,BIBB
Circle K 6729,-83.687073,32.905537,3903 Arkwright Rd,,Macon,GA,31210,1702,BIBB
Megha And Tejas Llc,-83.687195,32.905811,3910 Arkwright Rd,,Macon,GA,31210,1703,BIBB
Sprint 5,-83.687469,32.855564,3911 Napier Ave,,Macon,GA,31204,2245,BIBB
Circle K Stores Inc 6771,-83.703766,32.899212,4001 Northside Dr,,Macon,GA,31210,1608,BIBB
Family Dollar 12176,-83.703384,32.89925,4007 Northside Dr,,Macon,GA,31210,1608,BIBB
EL CARNAVAL,-83.669144,32.792549,4009 Pio Nono Ave,,Macon,GA,31206,3045,BIBB
Food Depot 56,-83.70356,32.89922,4015 Northside Dr,,Macon,GA,31210,1608,BIBB
CVS Pharmacy 4765,-83.698959,32.814892,4080 Bloomfield Rd,,Macon,GA,31206,3643,BIBB
YVONNE'S NATURAL MARKET,-83.693359,32.865746,4123 Forsyth Rd,Ste C,Macon,GA,31210,0543,BIBB
Bloomfield Grocery,-83.700043,32.814205,4175 Bloomfield Rd,,Macon,GA,31206,3637,BIBB
Broadway Mini Mart 0,-83.651871,32.78904,4205 Broadway,,Macon,GA,31206,1867,BIBB
Food Mart,-83.699844,32.813629,4224 Bloomfield Rd,,Macon,GA,31206,3622,BIBB
Flash Foods LLC 274223,-83.666687,32.785076,4314 Pio Nono Ave,,Macon,GA,31206,2729,BIBB
Macon Usa Inc,-83.710007,32.825298,4320 Mercer University Dr,,Macon,GA,31206,4118,BIBB
KROGER 400,-83.71476,32.743389,4321 Hartley Bridge Rd,,Macon,GA,31216,5641,BIBB
Macatlanta Inc,-83.71328,32.74194,4328 Hartley Bridge Rd,,Macon,GA,31216,5642,BIBB
Food Mart,-83.666649,32.784203,4331 Pio Nono Ave,,Macon,GA,31206,2728,BIBB
DollarTree 5171,-83.696205,32.867367,4357 Forsyth Rd,,Macon,GA,31210,,BIBB
The Fresh Market 093,-83.696205,32.867367,4357 Forsyth Rd,,Macon,GA,31210,,BIBB
Dollar General 20308,-83.535431,32.828613,4471 Jeffersonville Rd,,Macon,GA,31217,6031,BIBB
Circle K 6724,-83.568985,32.805786,4471 Ocmulgee East Blvd,,Macon,GA,31217,5643,BIBB
Texaco Food Mart,-83.567619,32.805603,4476 Ocmulgee East Blvd,,Macon,GA,31217,5642,BIBB
Hilltop Store Inc,-83.704956,32.914776,4488 Riverside Dr,,Macon,GA,31210,1326,BIBB
ALDI 76010,-83.709702,32.821392,4501 Log Cabin Dr,,Macon,GA,31204,5607,BIBB
Light Mart,-83.72097,32.744816,4535 Hartley Bridge Rd,,Macon,GA,31216,5501,BIBB
CVS PHARMACY 7504,-83.721893,32.744289,4585 Hartley Bridge Rd,,Macon,GA,31216,5501,BIBB
Family Dollar 4027,-83.717232,32.826767,4625 Mercer University Dr,,Macon,GA,31210,5611,BIBB
KROGER STORE 411,-83.710854,32.820633,4628 Presidential Pkwy,,Macon,GA,31206,8708,BIBB
KROGER 355,-83.709625,32.874374,4650 Forsyth Rd,,Macon,GA,31210,4456,BIBB
Stop N Shop,-83.70929,32.817795,4691 Log Cabin Dr,,Macon,GA,31204,6317,BIBB
Flash Foods LLC 274147,-83.725449,32.743996,4700 Hartley Bridge Rd,,Macon,GA,31216,5902,BIBB
Sam's Club 8225,-83.707977,32.815495,4701 Log Cabin Dr,,Macon,GA,31204,6318,BIBB
Jet Food Store 92,-83.709663,32.920631,4765 Riverside Dr,,Macon,GA,31210,1115,BIBB
Circle K 6731,-83.724136,32.809643,4775 Chambers Rd,,Macon,GA,31206,5364,BIBB
Family Dollar 5728,-83.707855,32.805759,4925 Bloomfield Rd,,Macon,GA,31206,4309,BIBB
QuikTrip 1722,-83.723846,32.716698,4934 Sardis Church Rd,,Macon,GA,31216,7235,BIBB
Dollar General 14521,-83.732124,32.746925,4944 Mt Pleasant Chruch Rd,,Macon,GA,31216,,BIBB
Romeiser Food Mart Rudha 2022,-83.728424,32.807533,4961 Romeiser Dr,,Macon,GA,31206,,BIBB
Mt. Pleasant Store,-83.732285,32.748192,4977 Mount Pleasant Church Rd,,Macon,GA,31216,5517,BIBB
Extra Mile,-83.709663,32.804234,4987 Bloomfield Rd,,Macon,GA,31206,4309,BIBB
Dollar General 14809,-83.707413,32.803879,4996 Bloomfield Rd,,Macon,GA,31206,4310,BIBB
DollarTree 4571,-83.71965,32.811081,5033 Brookhaven Rd,Ste 100,Macon,GA,31206,8729,BIBB
Dollar General 25044,-83.715607,32.929195,5080 Riverside Dr,,Macon,GA,31210,1100,BIBB
QuikTrip 1742,-83.729439,32.832176,5129 Mercer University Dr,,Macon,GA,31210,4053,BIBB
QuikTrip 1736,-83.625641,32.848438,519 North Ave,,Macon,GA,31211,1838,BIBB
Marathon 18,-83.715996,32.934078,5250 Riverside Dr,,Macon,GA,31210,1051,BIBB
PUBLIX 1263,-83.73452,32.925968,5451 Bowman Rd,,Macon,GA,31210,8880,BIBB
DOLLAR GENERAL 4792,-83.742592,32.833984,5544 Thomaston Rd,,Macon,GA,31220,8118,BIBB
DollarTree 7521,-83.743698,32.834064,5580 Thomaston Rd,,Macon,GA,31220,8106,BIBB
Shoppers Value Foods,-83.743668,32.834064,5580 Thomaston Rd,Ste 18,Macon,GA,31220,8121,BIBB
Publix Super Markets Inc. 1700,-83.744141,32.834217,5581 Thomaston Rd,,Macon,GA,31220,8119,BIBB
Flash Foods LLC 274219,-83.745399,32.834625,5602 Thomaston Rd,,Macon,GA,31220,5323,BIBB
Food Depot 63,-83.671799,32.747185,5615 Houston Rd,,Macon,GA,31216,,BIBB
Sl Sausage Company Macon Llc,-83.74662,32.880463,5615 Zebulon Rd,,Macon,GA,31210,2058,BIBB
Family Dollar 6432,-83.671799,32.747185,5615 houston Rd,,Macon,GA,31216,5747,BIBB
Mkd Fuel & Food Inc,-83.74485,32.809338,5730 Columbus Rd,,Macon,GA,31206,5203,BIBB
Dos Amigos Food Mart,-83.614639,32.848602,584 Emery Hwy,,Macon,GA,31217,3622,BIBB
KROGER 425,-83.759293,32.879822,5928 Zebulon Rd,,Macon,GA,31210,2097,BIBB
Hop-in,-83.654877,32.741741,5950 Hawkinsville Rd,,Macon,GA,31216,5816,BIBB
Walmart Supercenter 2890,-83.760506,32.87991,5955 Zebulon Rd,,Macon,GA,31210,2030,BIBB
Carr's,-83.761299,32.757618,5988 Mount Pleasant Church Rd,,Macon,GA,31216,5500,BIBB
Walmart Supercenter 1153,-83.72171,32.809689,6020 Harrison Rd,,Macon,GA,31206,4742,BIBB
Walgreens 10634,-83.763161,32.879948,6035 Zebulon Rd,,Macon,GA,31210,2032,BIBB
Murphy USA 6715,-83.721107,32.809399,6040 Harrison Rd,,Macon,GA,31206,4742,BIBB
Family Food Mart,-83.662766,32.841118,605 Pio Nono Ave,,Macon,GA,31204,3531,BIBB
Jet Food Store,-83.613991,32.860001,610 Shurling Dr,,Macon,GA,31211,1937,BIBB
Circle K 6730,-83.764603,32.879967,6205 Zebulon Rd,,Macon,GA,31210,2066,BIBB
Foodmart,-83.766464,32.879471,6230 Zebulon Rd,,Macon,GA,31210,2076,BIBB
Shell,-83.613655,32.859226,627 Shurling Dr,,Macon,GA,31211,1922,BIBB
Dollar General 21645,-83.767715,32.852226,6369 Thomaston Rd,,Macon,GA,31220,7704,BIBB
CVS PHARMACY 4160,-83.77375,32.880177,6381 Zebulon Rd,,Macon,GA,31220,2601,BIBB
Mike Food Mart,-83.773247,32.879475,6398 Zebulon Rd,,Macon,GA,31220,2602,BIBB
Welcome,-83.683983,32.725765,6440 Houston Rd,,Macon,GA,31216,6606,BIBB
Sunoco Food Mart,-83.775398,32.880573,6451 Zebulon Rd,,Macon,GA,31220,7602,BIBB
Roses 231,-83.613213,32.85965,652 Shurling Dr,,Macon,GA,31211,1993,BIBB
KROGER 328,-83.62458,32.849468,660 North Ave,,Macon,GA,31211,1494,BIBB
Dollar General 20790,-83.690765,32.715477,6780 Houston Rd,,Macon,GA,31216,6706,BIBB
Express Food Mart,-83.647972,32.814274,701 Eisenhower Pkwy,Ste 2,Macon,GA,31206,2179,BIBB
Quick Shop 0,-83.648003,32.714222,7285 Hawkinsville Rd,,Macon,GA,31216,6907,BIBB
City Food Mart,-83.638672,32.828617,758 Hazel St,,Macon,GA,31201,6856,BIBB
Family Dollar 10190,-83.662407,32.839691,800 Pio Nono Ave,,Macon,GA,31204,3558,BIBB
Lucky Food Mart,-83.61084,32.845516,807 Main St,,Macon,GA,31217,4046,BIBB
Chevron Food Mart,-83.610474,32.859543,815 Shurling Dr,,Macon,GA,31211,1948,BIBB
Dollar General 21134,-83.662521,32.872372,888 Pierce Ave,,Macon,GA,31204,1531,BIBB
Bilo Mart,-83.62986,32.84343,893 Riverside Dr,,Macon,GA,31201,2662,BIBB
County Line Store,-83.860519,32.864685,9005 Thomaston Rd,,Macon,GA,31220,6228,BIBB
Chevron 275 275,-83.618034,32.854122,997 Gray Hwy,,Macon,GA,31211,1855,BIBB
Family Dollar 12852,-83.35482,32.38591,102 S 2nd St,,Cochran,GA,31014,6805,BLECKLEY
Crossroad 3,-83.363319,32.378616,104 Jessup St,,Cochran,GA,31014,6900,BLECKLEY
Peacock Meats Llc,-83.319145,32.502991,1154 GA Highway 112,,Cochran,GA,31014,1205,BLECKLEY
Dee Dees Tomato Shack,-83.352531,32.388771,139 E Dykes St,,Cochran,GA,31014,6506,BLECKLEY
Cary Convenience Store,-83.304344,32.515453,1394 GA Highway 112,,Cochran,GA,31014,1640,BLECKLEY
Flash Foods LLC 2745070,-83.351921,32.379128,148 NE Dyke St,,Cochran,GA,31014,9583,BLECKLEY
DollarTree 6763,-83.350777,32.389893,158 E Dykes St,,Cochran,GA,31014,6511,BLECKLEY
CVS PHARMACY 7200,-83.348175,32.392128,202 Dykes St SW,,Cochran,GA,31014,9593,BLECKLEY
Cross Roads 2,-83.347412,32.410427,226 Lucas Rd,,Cochran,GA,31014,5943,BLECKLEY
Big M's Meat Market,-83.327377,32.39674,274 GA Highway 126,,Cochran,GA,31014,2845,BLECKLEY
Dollar General Market 13392,-83.342323,32.396042,280 E Dykes St,,Cochran,GA,31014,6522,BLECKLEY
Flash Foods LLC 2745074,-83.360512,32.400837,303 2nd St SE,,Cochran,GA,31014,9678,BLECKLEY
Walmart Supercenter 7246,-83.338005,32.400703,366 Hwy 26 East,,Cochran,GA,31014,,BLECKLEY
Lucky Lady,-83.336464,32.401882,393 GA Highway 26 E,,Cochran,GA,31014,6050,BLECKLEY
Petro Express #108,-82.134743,31.180588,11716 Brantley Ave S,,Hoboken,GA,31542,2770,BRANTLEY
Friendly Express 41,-82.127739,31.181324,4901 Main St E,,Hoboken,GA,31542,3551,BRANTLEY
Dollar General 11736,-82.124916,31.181335,4969 W Main St,,Hoboken,GA,31542,,BRANTLEY
Friendly Express 93,-81.734367,31.311922,18599 Highway 32 E,,Hortense,GA,31543,3755,BRANTLEY
Friendly Express 91,-81.950134,31.334536,19144 Highway 301 N,,Hortense,GA,31543,3558,BRANTLEY
Dollar General 16926,-81.855103,31.22221,21317 Highway 82,,Hortense,GA,31543,3907,BRANTLEY
DOLLAR GENERAL 19363,-81.95002,31.335115,5206 Highway 32 E,,Hortense,GA,31543,,BRANTLEY
Piggly Wiggly 62,-81.980301,31.208021,10186 Main St N,,Nahunta,GA,31553,6130,BRANTLEY
Family Dollar 1733,-81.979881,31.207153,104 Bryan St,,Nahunta,GA,31553,4962,BRANTLEY
Wj Wainright & Son,-81.99382,31.097639,135 Wil Wainright Rd,,Nahunta,GA,31553,6017,BRANTLEY
DOLLAR GENERAL 4192,-81.981842,31.202379,13515 E Cleveland St,,Nahunta,GA,31553,,BRANTLEY
Om Food Mart,-81.966644,31.261644,14029 Highway 301 N,,Nahunta,GA,31553,3527,BRANTLEY
Dollar General 31510,-81.992508,31.149967,7735 Caney Bay Rd,,Nahunta,GA,31553,2636,BRANTLEY
Friendly Express 97,-81.99221,31.149227,7754 Caney Bay Rd,,Nahunta,GA,31553,2635,BRANTLEY
Flash Foods LLC 274137,-82.013557,31.065741,82 Highway 301 S,,Nahunta,GA,31553,3549,BRANTLEY
Om Food Mart N/A,-81.98278,31.201883,9757 Main St S,,Nahunta,GA,31553,6203,BRANTLEY
Stop Shop,-82.22245,31.197332,9266 Central Ave,,Waycross,GA,31503,1222,BRANTLEY
Dollar General 11739,-81.760307,31.232767,15140 Post Road North,,Waynesville,GA,31566,,BRANTLEY
SATILLA GROCERY,-81.77404,31.230614,21300 Highway 82,Ste A,Waynesville,GA,31566,3862,BRANTLEY
Friendly Express 94,-81.77404,31.230614,21828 Highway 82,,Waynesville,GA,31566,3864,BRANTLEY
Friendly Express 95,-81.791603,31.229166,25137 Highway 82,,Waynesville,GA,31566,3901,BRANTLEY
Family Dollar 8287,-81.790527,31.229139,25190 Hwy 82,,Waynesville,GA,31566,,BRANTLEY
Friendly Express 92,-81.761765,31.231737,26915 Highway 82,,Waynesville,GA,31566,3839,BRANTLEY
Friendly Express 96,-81.852829,31.220909,9003 Old Highway 259,,Waynesville,GA,31566,4243,BRANTLEY
Peach Mart,-83.513878,31.008146,13890 Ga Highway 122,,Barney,GA,31625,2908,BROOKS
Dollar General 19975,-83.740974,30.891647,2096 S Cedar St,,Barwck,GA,31720,,BROOKS
Brown Family Farm,-83.726387,30.839802,5044 Dixie Barwick Rd,,Boston,GA,31626,6408,BROOKS
Good Foods Farms NAFMNP,-83.658463,30.805084,431 Rodgers Ln,,Dixie,GA,31629,4050,BROOKS
Dollar General 10146,-83.496071,30.945047,8439 Valdosta Hwy,,Morven,GA,31638,2410,BROOKS
Johnson Grocery,-83.557281,30.797064,1010 N Washington St,,Quitman,GA,31643,1448,BROOKS
Don Leon Tienda Mexicana,-83.558884,30.784267,106 S Culpepper St,,Quitman,GA,31643,2706,BROOKS
DollarTree 7996,-83.569344,30.785334,1103 W Screven St,,Quitman,GA,31643,1815,BROOKS
Dollar General 25314,-83.549263,30.784409,1107 E Screven St,,Quitman,GA,31643,2313,BROOKS
Food Lion 2832,-83.570557,30.785387,1207 W Screven St,,Quitman,GA,31643,1817,BROOKS
DOLLAR GENERAL 860,-83.571312,30.785418,1301 W Screven St,,Quitman,GA,31643,1819,BROOKS
K&k Kandies Grocery And More,-83.582817,30.788744,201 Perdue Rd,,Quitman,GA,31643,3651,BROOKS
J & W WHOLESALE MEATS,-83.557571,30.786743,300 N Washington St,,Quitman,GA,31643,2156,BROOKS
Flash Foods LLC 2745148,-83.557114,30.784723,401 E Screven St,,Quitman,GA,31643,2133,BROOKS
STAN'S GROCERY AND MEATS,-83.560143,30.782539,402 S Court St,,Quitman,GA,31643,2740,BROOKS
Pineview Grocery,-83.523117,30.725822,7272 Madison Hwy,,Quitman,GA,31643,7321,BROOKS
Family Dollar 349,-83.567879,30.78463,904 W Screven St,,Quitman,GA,31643,1812,BROOKS
Quick Change 60,-83.373444,30.862841,18374 Valdosta Hwy,,Valdosta,GA,31602,7718,BROOKS
Dollar General 13136,-83.357849,30.853853,19540 Valdosta Hwy,,Valdosta,GA,31602,8206,BROOKS
Brooks Beverage,-83.35688,30.853315,19600 Valdosta Hwy,,Valdosta,GA,31602,8217,BROOKS
Citgo,-83.361267,30.8962,4460 Shiloh Trce,,Valdosta,GA,31602,2396,BROOKS
Wawa Store 6308,-83.357689,30.895607,4598 N Valdosta Rd,,Valdosta,GA,31602,7604,BROOKS
Dollar General 12755,-81.493843,32.164455,8701 Highway 280,Helen Rd,Black Creek,GA,31308,,BRYAN
Love's Travel Stop 778,-81.455612,32.184505,11151 Hwy E 280,,Ellabell,GA,31308,,BRYAN
Pilot Travel Center 1390,-81.461273,32.186432,130 Interstate Centre Blvd,,Ellabell,GA,31308,3664,BRYAN
Dip N Dash,-81.44725,32.230389,2399 Eldora Rd,,Ellabell,GA,31308,5009,BRYAN
Zip-N-Food 3,-81.486504,32.125938,3279 Hwy 204,,Ellabell,GA,31308,,BRYAN
Parker's 31,-81.43911,32.197517,4480 Hwy 80,,Ellabell,GA,31308,,BRYAN
KENS IGA SUPERMARKET,-81.438545,32.197659,4507 US Highway 80 E,,Ellabell,GA,31308,5703,BRYAN
Dollar General 22006,-81.438179,32.196419,4562 Hwy 80,,Ellabell,GA,31308,,BRYAN
Dollar General 20140,-81.485909,32.125198,64 Porterfield Rd,,Ellabell,GA,31308,6715,BRYAN
Sai Ashirwad Llc,-81.506767,32.222095,7A US Highway 80 E,,Ellabell,GA,31308,4828,BRYAN
Viet Huong Supermarket,-81.495247,32.163071,8524 US Highway 280 E,,Ellabell,GA,31308,5612,BRYAN
Nouria 203 East Bacon Street 774,-81.618225,32.135548,203 E Bacon St,,Pembroke,GA,31321,4757,BRYAN
Family Dollar 13471,-81.630051,32.13657,440 W Bacon St,,Pembroke,GA,31321,4670,BRYAN
Quick Stop,-81.624489,32.142979,518 N Main St,,Pembroke,GA,31321,5260,BRYAN
DOLLAR GENERAL 8026,-81.631195,32.13689,534 W Bacon St,,Pembroke,GA,31321,4593,BRYAN
Food Lion 2811,-81.63237,32.13649,540 W Bacon St,,Pembroke,GA,31321,4648,BRYAN
Parkers 26,-81.298439,31.931028,11416 Ford Ave,,Richmond Hill,GA,31324,4204,BRYAN
Publix 1154,-81.276482,31.910282,12800 GA Highway 144,,Richmond Hill,GA,31324,7343,BRYAN
Nouria 15163 Georgia Highway 144 826,-81.261124,31.890627,15163 Georgia Highway 144,,Richmond Hill,GA,31324,5962,BRYAN
Dip Trading,-81.254662,31.843521,18482 GA Highway 144,,Richmond Hill,GA,31324,5516,BRYAN
Dildip Inc,-81.26123,31.880867,22 Captain Matthew Freeman Dr,,Richmond Hill,GA,31324,4942,BRYAN
Walgreens 10506,-81.311829,31.95076,2270 US Highway 17,,Richmond Hill,GA,31324,3669,BRYAN
CVS PHARMACY 7783,-81.313164,31.949942,2324 US Highway 17,,Richmond Hill,GA,31324,3398,BRYAN
Parker's 122,-81.31279,31.949123,2341 US Highway 17,,Richmond Hill,GA,31324,3399,BRYAN
Papa Murphy's Pizza GA007,-81.323509,31.934361,3488 US Highway 17,,Richmond Hill,GA,31324,8802,BRYAN
Family Dollar 9040,-81.308586,31.953989,35 Mulberry Commercial Park,,Richmond Hill,GA,31324,3303,BRYAN
Food Lion 2159,-81.324547,31.933975,3500 Highway 17 S,,Richmond Hill,GA,31324,,BRYAN
DOLLAR GENERAL 3905,-81.308571,31.954016,37 Mulberry Commercial Park,,Richmond Hill,GA,31324,3303,BRYAN
Chu's Mart 116,-81.328476,31.930483,3980 US Highway 17,,Richmond Hill,GA,31324,3360,BRYAN
Ohm Sai 11 Inc,-81.328896,31.930305,4014 US Highway 17,,Richmond Hill,GA,31324,3305,BRYAN
Shell Food Mart,-81.328262,31.929157,4035 US Highway 17,,Richmond Hill,GA,31324,3304,BRYAN
KROGER STORE 688,-81.319977,31.956224,53 Exchange St,,Richmond Hill,GA,31324,7600,BRYAN
Love's Travel Stops & Country Stores Inc 338,-81.331512,31.960649,8436 Ford Ave,,Richmond Hill,GA,31324,6410,BRYAN
DollarTree 4707,-81.314041,31.951284,9701 Ford Ave,Ste 1,Richmond Hill,GA,31324,,BRYAN
TA Savannah 177,-81.3312,31.927862,I-95 & US 17 South,Exit 87,Richmond Hill,GA,31324,,BRYAN
Dollar General 16690,-81.314728,31.922775,28 Wise Court,,Richmond hill,GA,31324,,BRYAN
Nouria 16500 Highway 80 East 758,-81.655441,32.370808,16500 US Highway 80 E,,Brooklet,GA,30415,6677,BULLOCH
DOLLAR GENERAL 7615,-81.656456,32.372566,16643 US Highway 80 E,,Brooklet,GA,30415,6683,BULLOCH
KENS IGA SUPERMARKET,-81.655228,32.365959,17518 US Highway 80 E,,Brooklet,GA,30415,6684,BULLOCH
Nouria 17792 Highway 80 East 767,-81.663475,32.387527,17792 US Highway 80 E,,Brooklet,GA,30415,6679,BULLOCH
Brooklet Farmers Market,-81.568291,32.329868,209 Railroad Bed Rd,,Brooklet,GA,30415,5802,BULLOCH
Rustic Petals Flower Farm NAFMNP,-81.670807,32.319969,5929 Black Creek Church Rd,,Brooklet,GA,30415,6524,BULLOCH
Nouria 6640 Highway 67 755,-81.714851,32.259598,6640 Hwy 67,,Brooklet,GA,30415,7201,BULLOCH
Urmi,-81.715431,32.258518,6645 Ga Highway 67,,Brooklet,GA,30415,7202,BULLOCH
Zip-n-food # 1,-81.723297,32.284672,8700 Hwy 67,,Brooklet,GA,30415,5295,BULLOCH
Dollar General Store 17862,-81.724236,32.285748,8733 Hwy 67,,Brooklet,GA,30415,5260,BULLOCH
DOLLAR GENERAL 8129,-81.926765,32.534309,27095 US Highway 80 W,,Portal,GA,30450,5260,BULLOCH
M&o3 Inc 1,-81.931488,32.537323,27199 US Highway 80 W,,Portal,GA,30450,5255,BULLOCH
Nouria 27215 Highway 80 West 766,-81.932587,32.537605,27215 US Highway 80 W,,Portal,GA,30450,9703,BULLOCH
Family Dollar 13876,-81.933022,32.538422,27320 US 80,,Portal,GA,30450,,BULLOCH
301 Truck Stop,-81.873421,32.302906,2925 US Highway 301 S,,Register,GA,30452,5048,BULLOCH
TA Express Statesboro 418,-81.872276,32.3027,2930 US-301 S,,Register,GA,30452,,BULLOCH
The Store at Register,-81.885941,32.363197,2992 GA Highway 46,,Register,GA,30452,3747,BULLOCH
Jay Hari Inc,-81.739494,32.506565,101 Kyle Sorrell Rd,,Statesboro,GA,30461,0722,BULLOCH
Publix Super Markets Inc. 1733,-81.79483,32.411907,101 Tormenta Way,,Statesboro,GA,30458,5697,BULLOCH
Dollar General 12159,-81.822021,32.395485,10839 Highway 301 S,,Statesboro,GA,30458,,BULLOCH
Flash Foods LLC 274251,-81.799522,32.416431,1088 S Main St,,Statesboro,GA,30458,4925,BULLOCH
Parkers 45,-81.818375,32.398808,11012 Highway 301 South,,Statesboro,GA,30458,,BULLOCH
ELLIS MEAT PLANT,-81.787422,32.449207,117 W Main St,,Statesboro,GA,30458,5316,BULLOCH
Family Dollar 383,-81.757706,32.435257,120 Northsisde Dr E,,Statesboro,GA,30458,4533,BULLOCH
K & J Food Mart,-81.78772,32.449608,123 W Main St,,Statesboro,GA,30458,5316,BULLOCH
Parker's 57,-81.800407,32.415695,12399 Highway 301 S,,Statesboro,GA,30458,,BULLOCH
GARYS FOOD MART,-81.788818,32.449692,140 W Main St,,Statesboro,GA,30458,1388,BULLOCH
Parker's 20,-81.781769,32.413586,141 Lanier Dr,,Statesboro,GA,30458,1682,BULLOCH
Walmart 754,-81.759605,32.434143,147 Northside Dr E,,Statesboro,GA,30458,4760,BULLOCH
Dixie Food Mart,-81.773445,32.450363,1495 Northside Dr E,,Statesboro,GA,30458,1018,BULLOCH
D & Fh Farm NAFMNP,-81.636597,32.472969,15817 Burkhalter Rd,,Statesboro,GA,30461,7044,BULLOCH
Parkers 47,-81.767715,32.412739,1588 Brampton Ave,,Statesboro,GA,30458,0855,BULLOCH
Nouria 1609 Fair Road 753,-81.764267,32.407757,1609 Fair Rd,,Statesboro,GA,30458,6089,BULLOCH
H's Food Mart,-81.756546,32.397133,17187 GA Highway 67,,Statesboro,GA,30458,2451,BULLOCH
Tobacco & More 2,-81.755859,32.397518,17216 Ga Highway 67,,Statesboro,GA,30458,9407,BULLOCH
Parker's 112,-81.756813,32.398071,17259 Highway 67,,Statesboro,GA,30458,3806,BULLOCH
Nouria 17500 Highway 301 North 769,-81.76252,32.466785,17500 Hwy 301,,Statesboro,GA,30461,2374,BULLOCH
Nouria 17874 Highway 67 770,-81.762016,32.406719,17874 Highway 67,,Statesboro,GA,30458,2369,BULLOCH
301 Food & Gas,-81.758293,32.471451,17899 US Highway 301 N,,Statesboro,GA,30461,7480,BULLOCH
Save A Lot 21319,-81.776176,32.455761,1870 Northside Dr E,,Statesboro,GA,30458,2138,BULLOCH
Dollar General 17993,-81.815834,32.494762,19170 Hwy 80 W,,Statesboro,GA,30458,0133,BULLOCH
Statesboro Main Street Farmers Market,-81.783165,32.448643,2 E Main St,,Statesboro,GA,30458,4844,BULLOCH
Family Dollar 10436,-81.802254,32.416992,20 Veterans Plz,,Statesboro,GA,30458,7778,BULLOCH
Eagle Mart 2,-81.738464,32.507023,20864 US Highway 301 N,,Statesboro,GA,30461,7514,BULLOCH
Dollar General 15662,-81.713486,32.417156,21113 Highway 80 E,,Statesboro,GA,30461,,BULLOCH
Po Jo's Country Store 3,-81.71331,32.415958,21201 Hwy 80 E,,Statesboro,GA,30461,6793,BULLOCH
Dollar General 20718,-81.736145,32.51141,21246 Hwy 301 N,,Statesboro,GA,30461,,BULLOCH
Parker's 111,-81.782158,32.455467,2216 Northside Dr E,,Statesboro,GA,30458,2146,BULLOCH
Dn12 Inc,-81.73716,32.426361,22933 Hwy 80 E,,Statesboro,GA,30461,6814,BULLOCH
Nouria 2298 Northside Drive West 849,-81.784431,32.455685,2298 Northside Dr W,,Statesboro,GA,30458,2171,BULLOCH
Zip N Food 16,-81.801697,32.399273,2301 Old Register Rd,,Statesboro,GA,30458,5629,BULLOCH
Fast And Easy,-81.781952,32.405071,235 Lanier Dr,,Statesboro,GA,30458,1690,BULLOCH
G8 Stop 1,-81.78405,32.442444,240 S Main St,,Statesboro,GA,30458,0723,BULLOCH
Parkers 41,-81.751503,32.431747,24151 US Highway 80 E,,Statesboro,GA,30461,0852,BULLOCH
Dollar General 10385,-81.792747,32.465855,2608 Northside Dr W,,Statesboro,GA,30458,2156,BULLOCH
ALDI 76085,-81.759468,32.430119,270 Henry Blvd,,Statesboro,GA,30458,2705,BULLOCH
Go Mart And Cafe,-81.791237,32.459335,2855 Northside Dr W,,Statesboro,GA,30458,2161,BULLOCH
B&T's Food Fresh 17,-81.792191,32.461102,2949 Northside Dr W,,Statesboro,GA,30458,2163,BULLOCH
DollarTree 8958,-81.790535,32.461121,2974 Northside Dr W,,Statesboro,GA,30458,2162,BULLOCH
KALI FOOD MART,-81.786278,32.441948,300 S College St,,Statesboro,GA,30458,5493,BULLOCH
Vip Stores,-81.784111,32.45834,301 N Main St,,Statesboro,GA,30458,4503,BULLOCH
Food Lion 2825,-81.762413,32.436096,325 Northside Dr East,Ste 1,Statesboro,GA,30458,7121,BULLOCH
Sparker,-81.792526,32.466415,3348 Northside Dr W,,Statesboro,GA,30458,2177,BULLOCH
Middleground,-81.809395,32.54847,3443 Middle Ground Rd,,Statesboro,GA,30461,8002,BULLOCH
Walmart Neighborhood Market 2858,-81.769974,32.406891,349 Brampton Ave,,Statesboro,GA,30458,0832,BULLOCH
KEVIN'S FOOD MART,-81.780304,32.439629,400 S Zetterower Ave,,Statesboro,GA,30458,4886,BULLOCH
TOBACCO AND MORE,-81.784309,32.436871,420 S Main St,,Statesboro,GA,30458,4905,BULLOCH
G8 Stop 2,-81.761551,32.437698,421 Northside Dr E,,Statesboro,GA,30458,2190,BULLOCH
Po Jo's Country Store 5,-81.817322,32.435558,4355 Country Club Rd,,Statesboro,GA,30458,9037,BULLOCH
CVS Pharmacy 6861,-81.78315,32.434849,441 Fair Rd,,Statesboro,GA,30458,4913,BULLOCH
Jay Food Mart,-81.760643,32.450294,500 E Main St,,Statesboro,GA,30458,7099,BULLOCH
DollarTree 1834,-81.763405,32.439075,504 Northside Dr E,,Statesboro,GA,30458,2191,BULLOCH
WALGREEN 9257,-81.764908,32.440079,516 Northside Dr E,,Statesboro,GA,30458,4841,BULLOCH
Flash Foods LLC. 129,-81.781349,32.433475,530 Fair Rd,,Statesboro,GA,30458,4929,BULLOCH
DOLLAR GENERAL 3375,-81.752403,32.454769,555 E Main St,,Statesboro,GA,30458,,BULLOCH
B&T's Food Fresh 18,-81.778351,32.431461,620 Fair Rd,,Statesboro,GA,30458,1470,BULLOCH
DOLLAR GENERAL 4372,-81.777809,32.430653,624 Fair Rd,,Statesboro,GA,30458,4927,BULLOCH
M J Jalaram Inc,-81.809792,32.333084,6862 Sinkhole Rd,,Statesboro,GA,30458,7970,BULLOCH
Murphy USA 6759,-81.761635,32.433338,689 Brannen St,,Statesboro,GA,30458,2181,BULLOCH
Zip N Food 12,-81.719872,32.542294,7098 Old River Road,,Statesboro,GA,30458,,BULLOCH
Sunny Food Mart,-81.791374,32.424721,725 S Main St,,Statesboro,GA,30458,7745,BULLOCH
DollarTree 7371,-81.781609,32.435078,8 College Plz,,Statesboro,GA,30458,4928,BULLOCH
Mi San Pedro 2,-81.842628,32.376129,8770 Us Highway 301 S,,Statesboro,GA,30458,3457,BULLOCH
Lakeview Point,-81.778511,32.495457,898 Lakeview Rd,,Statesboro,GA,30461,4222,BULLOCH
Flowers Bakery Outlet 41,-81.83548,32.382885,9559 Hwy 301 South,,Statesboro,GA,30458,,BULLOCH
Dollar General 23530,-81.780479,32.481743,959 N Main St,,Statesboro,GA,30458,4174,BULLOCH
Gas Pro Statesboro 6,-81.830376,32.387669,9999 US Highway 301 S,,Statesboro,GA,30458,3490,BULLOCH
Stilson Country Corner Inc,-81.510033,32.225426,Hwy 80 & 119,,Stilson,GA,30415,5600,BULLOCH
Girard Mall,-81.714584,33.044415,10208 GA Highway 23 S,,Girard,GA,30426,4201,BURKE
DOLLAR GENERAL 18659,-82.043755,33.211441,140 Greiner Cir,,Hephzibah,GA,30815,5005,BURKE
Ember Acres Farmers Market,-82.130127,33.249866,1924 Corley Rd,,Hephzibah,GA,30815,5138,BURKE
Southern Delight Farms,-82.172035,33.254635,2158 Springhill Church Rd,,Hephzibah,GA,30815,5489,BURKE
Taylor Bros X-press,-82.041649,33.207989,3938 US Highway 25 N,,Hephzibah,GA,30815,6820,BURKE
Keysville Community Store,-82.232994,33.227318,380 Hwy 88,,Keysville,GA,30816,,BURKE
Krupa Two,-82.235146,32.818989,108 S Jones St,,Midville,GA,30441,4145,BURKE
Midville Express,-82.234787,32.819569,111 N Jones St,,Midville,GA,30441,4121,BURKE
Dollar General 20426,-82.234718,32.820026,125 N Jones St,,Midville,GA,30441,4121,BURKE
S T Food Mart,-82.267296,32.746181,2191 Hwy 56 N,,Midville,GA,30441,,BURKE
Family Dollar 10214,-81.756569,32.972935,626A Charles Perry Ave,,Sardis,GA,30456,2105,BURKE
Dollar General 11199,-81.761032,32.976517,918 Charles Perry Ave,,Sardis,GA,30456,2832,BURKE
Jet Food Store 2,-81.762642,32.977184,931 Charles Perry Ave,,Sardis,GA,30456,2840,BURKE
Jenkin Foodland IGA,-81.762756,32.976635,936 Charles Perry Ave,,Sardis,GA,30456,2832,BURKE
Family Dollar 117,-82.016098,33.091454,110 E 7th St,,Waynesboro,GA,30830,1405,BURKE
Jet Food Store 5,-82.022652,33.098984,1201 N Liberty St,,Waynesboro,GA,30830,3402,BURKE
Murphy USA 5816,-82.024719,33.107574,1500 A North Liberty St.,Ste 1,Waynesboro,GA,30830,,BURKE
Walmart S/C 2754,-82.024719,33.107574,1500 N Liberty St,,Waynesboro,GA,30830,3443,BURKE
Dollar General 31448,-81.990227,33.103127,152 Hwy 56 N,,Waynesboro,GA,30830,,BURKE
Kj's Market-Waynesboro 695,-82.017479,33.089165,208 W 6th St,,Waynesboro,GA,30830,1460,BURKE
STOP-N-SHOP,-82.012459,33.091705,249 E 6th St,,Waynesboro,GA,30830,1480,BURKE
El Cheapo,-82.009277,33.080414,253 S Liberty St,,Waynesboro,GA,30830,4546,BURKE
CVS Pharmacy 3778,-82.010559,33.082573,317 S Liberty St,,Waynesboro,GA,30830,4543,BURKE
DollarTree 1518,-82.023567,33.105656,325 Hopkins Corner Dr,,Waynesboro,GA,30830,3475,BURKE
5 A's Veggies And Produce Llc,-81.853165,33.159306,380 Nathaniel Howard Rd,,Waynesboro,GA,30830,4841,BURKE
Walgreens 12107,-82.012268,33.084446,400 S Liberty St,,Waynesboro,GA,30830,1501,BURKE
Dollar General 6674,-82.021133,33.087536,509 W 6th St,,Waynesboro,GA,30830,1469,BURKE
Quick Stop,-82.02169,33.087387,517 W 6th St,,Waynesboro,GA,30830,1473,BURKE
Dollar General 21167,-81.851524,33.110973,5180 Highway 23 S,,Waynesboro,GA,30830,,BURKE
Liberty Food Mart,-82.015839,33.089287,541 S Liberty St,,Waynesboro,GA,30830,1558,BURKE
Jolly Foodplus,-82.008835,33.093338,545 E 6th St,,Waynesboro,GA,30830,1175,BURKE
Vidette Food Mart,-82.247627,33.037762,7036 GA Highway 24 W,,Waynesboro,GA,30830,4104,BURKE
Gas Pro Travel Center,-81.994972,33.10162,71 GA Highway 56 N,,Waynesboro,GA,30830,4551,BURKE
Guru Grocery,-81.9991,33.10006,740 E 7th St,,Waynesboro,GA,30830,1111,BURKE
Burke Co School Nutrition Program Farmers Market,-82.019852,33.095169,855 N Liberty St,,Waynesboro,GA,30830,1259,BURKE
Dollar General 16957,-83.908241,33.263809,123 Highway 87,,Flovilla,GA,30216,2126,BUTTS
282 D K S Llc,-83.899132,33.254635,282 Highway 87,,Flovilla,GA,30216,2534,BUTTS
Ringgold Grocery,-84.164253,33.287552,4243 Jackson Road,,Grafin,GA,30233,,BUTTS
DOLLAR GENERAL 8322,-83.943878,33.288937,880 MACON AVE,,JACKSON,GA,30233,,BUTTS
Jackson Piggly Wiggly,-83.954292,33.293865,1010 E 3rd St,,Jackson,GA,30233,2114,BUTTS
Pilot Travel Center 630,-84.06321,33.208057,1125 Bucksnort Rd,,Jackson,GA,30233,6010,BUTTS
Love' Travel Stops & Country Stores Inc 307,-84.058472,33.208225,115 Truck Stop Way,,Jackson,GA,30233,6110,BUTTS
The Carnivore,-83.964996,33.333717,1198 Highway 36 E,,Jackson,GA,30233,4555,BUTTS
4 Star BP,-83.964394,33.333576,1200 Highway 36 E,,Jackson,GA,30233,4528,BUTTS
INGLES MARKETS 499,-83.985008,33.293671,1305 W 3rd St,,Jackson,GA,30233,,BUTTS
Dollar General Market 12018,-83.984222,33.29155,1313 W 3rd St,,Jackson,GA,30233,1853,BUTTS
Jackson Food Mart,-83.915154,33.366848,1501 Halls Bridge Rd,,Jackson,GA,30233,4026,BUTTS
Hwy 36 Superette 216,-83.903526,33.384113,2381 Highway 36 E,,Jackson,GA,30233,3316,BUTTS
Dollar General 15985,-83.902306,33.38485,2403 Highway 36 E,,Jackson,GA,30233,3340,BUTTS
Pilot Travel Center 4560,-84.052711,33.2146,2995 Highway 36 W,,Jackson,GA,30233,6131,BUTTS
Express Food Mart,-84.061745,33.205189,3129 Highway 36 W,,Jackson,GA,30233,6108,BUTTS
Peachtree Amoco,-83.969788,33.293995,347 W 3rd St,,Jackson,GA,30233,1912,BUTTS
JP Peachtree 236,-83.970451,33.294315,423 W 3rd St,,Jackson,GA,30233,1801,BUTTS
Buck Creek Market,-84.024963,33.175735,4917 High Falls Rd,,Jackson,GA,30233,6663,BUTTS
CVS Pharmacy 4531,-83.961212,33.29398,506 E 3rd St,,Jackson,GA,30233,2105,BUTTS
Park Avenue C Store,-83.959732,33.294022,632 E 3rd St,,Jackson,GA,30233,2150,BUTTS
Family Dollar 313,-83.956589,33.294415,669 E 3rd St,,Jackson,GA,30233,2106,BUTTS
Dollar General 25257,-83.960907,33.301205,672 Covington St,,Jackson,GA,30233,1717,BUTTS
JP Jackson 286,-83.958221,33.294872,717 E 3rd St,,Jackson,GA,30233,2108,BUTTS
Stark Road Marathon 206,-83.959496,33.304493,780 Covington St,,Jackson,GA,30233,1719,BUTTS
Stark Rd Valero 204,-83.908936,33.333004,900 Stark Rd,,Jackson,GA,30233,4236,BUTTS
Racexpress,-83.941452,33.287548,906 Highway 42 S,,Jackson,GA,30233,5527,BUTTS
DOLLAR GENERAL 18370,-84.043205,33.32209,2310 Highway 42 N,,Jenkinsburg,GA,30234,2466,BUTTS
Marathon Food Mart,-84.043312,33.322433,2314 Highway 42 N,,Jenkinsburg,GA,30234,2466,BUTTS
2315 Food Mart,-84.043274,33.321754,2315 Highway 42 N,,Jenkinsburg,GA,30234,2317,BUTTS
DOLLAR GENERAL 7849,-84.731293,31.559908,19030 Hartford St,,Edison,GA,39846,5614,CALHOUN
Tim's Trading Post,-84.73204,31.559769,19066 Hartford St,,Edison,GA,39846,5614,CALHOUN
Family Dollar 12998,-84.733604,31.559027,19164 Hartford St,,Edison,GA,39846,5615,CALHOUN
West IGA,-84.734238,31.558784,19199 Hartford St,,Edison,GA,39846,5622,CALHOUN
Edison Convenience Store,-84.747208,31.558319,19968 Hartford St,,Edison,GA,39846,5701,CALHOUN
Family Dollar 12090,-84.517082,31.485291,39292 Mercer Ave,,Leary,GA,39862,5100,CALHOUN
Kings Bay NSB Commissary 430,-81.57373,30.79435,1209 USS Daniel Boone Ave,Bldg 1037,Kings Bay,GA,31547,,CAMDEN
M&A's Seafood Market Inc.,-81.690559,30.800182,100 N Lee St,,Kingsland,GA,31548,5861,CAMDEN
Petro Kingsland 344,-81.667419,30.793667,1105 E King Ave,,Kingsland,GA,31548,6819,CAMDEN
Dollar General 30286,-81.68084,30.791199,1112 E Royal Ave,,Kingsland,GA,31548,,CAMDEN
Flash Foods LLC 2745061,-81.663551,30.792265,1211 E King Ave,,Kingsland,GA,31548,6820,CAMDEN
Parker's 120,-81.661545,30.793552,1215 E King Ave,,Kingsland,GA,31548,6894,CAMDEN
Friendly Express 86,-81.65744,30.78937,1310 Boone Avenue Ext,,Kingsland,GA,31548,6511,CAMDEN
Chevron Food Mart,-81.656326,30.788961,1330 Boone Avenue Ext,,Kingsland,GA,31548,6511,CAMDEN
DollarTree 582,-81.659279,30.790489,1351 E Boone Rd,Ste 13,Kingsland,GA,31548,,CAMDEN
Flash Foods Inc. 2745094,-81.654251,30.789328,1351 Ga Highway 40 E,,Kingsland,GA,31548,6807,CAMDEN
Shell Food Mart,-81.653984,30.789274,1355 E King Ave,Ste B,Kingsland,GA,31548,6806,CAMDEN
South Link 02,-81.652092,30.789261,1371 Hwy 40 E,,Kingsland,GA,31548,6807,CAMDEN
ALDI 76186,-81.647346,30.786518,1390 Boone Street,,Kingsland,GA,31548,,CAMDEN
CVS PHARMACY 5737,-81.646271,30.786171,1402 Boone Avenue Ext,,Kingsland,GA,31548,6588,CAMDEN
Publix Super Markets Inc. 1865,-81.639992,30.784828,1521 E King Ave,,Kingsland,GA,31548,1276,CAMDEN
Nouria 1531 E King Ave 1321,-81.638474,30.78508,1531 E King Ave,,Kingsland,GA,31548,1276,CAMDEN
Dollar General 24020,-81.646156,30.786119,1574 Boone St,,Kingsland,GA,31548,6782,CAMDEN
Racetrac Petroleum Inc. 2534,-81.621223,30.780035,168 Kings Bay Rd,,Kingsland,GA,31548,6825,CAMDEN
Dollar General 22102,-81.667274,30.848515,1934 Harrietts Bluff Rd,,Kingsland,GA,31548,,CAMDEN
Walgreens 10856,-81.623566,30.780151,2060 GA Highway 40 E,,Kingsland,GA,31548,6731,CAMDEN
Kingsland Chevron,-81.656952,30.759102,2600 Scrubby Bluff Rd,,Kingsland,GA,31548,6471,CAMDEN
Pilot Travel Center 4562,-81.655785,30.759199,2607 Scrubby Bluff Rd,,Kingsland,GA,31548,6472,CAMDEN
SP Food Mart 3,-81.690384,30.802628,301 N Lee St,,Kingsland,GA,31548,5834,CAMDEN
Flash Foods LLC 2745029,-81.689819,30.794907,490 S Lee St,,Kingsland,GA,31548,5010,CAMDEN
Shree Devashish Llc,-81.703697,30.80015,495 W King Ave,,Kingsland,GA,31548,3200,CAMDEN
Kingsland Grocery,-81.689613,30.794134,500 S Lee St,,Kingsland,GA,31548,5000,CAMDEN
DOLLAR GENERAL 3410,-81.702415,30.799717,500 W King Ave Ste A,,Kingsland,GA,31548,3225,CAMDEN
Dollar General 14822,-81.651756,30.823536,6576 Laurel Island Pkwy,,Kingsland,GA,31548,,CAMDEN
Dollar General 23659,-81.683311,30.801102,691 E King Ave,,Kingsland,GA,31548,6323,CAMDEN
Laurel Food Mart,-81.628227,30.81287,7550 Laurel Island Pkwy,,Kingsland,GA,31548,6123,CAMDEN
Flash Foods LLC 274100,-81.680229,30.80048,790 E King Ave,,Kingsland,GA,31548,6317,CAMDEN
CFA Of Jax,-81.546837,30.729029,100 W Church St,,Saint Marys,GA,31558,8569,CAMDEN
Family Asian Market,-81.574448,30.749662,111 City Smitty Dr,,Saint Marys,GA,31558,8908,CAMDEN
Tobacco Express,-81.57682,30.767635,1165 Charlie Smith SR Hwy,,Saint Marys,GA,31558,2833,CAMDEN
Kingsbay Food Mart 2,-81.57695,30.770191,11999 Colerain Rd,,Saint Marys,GA,31558,2906,CAMDEN
Dollar General 23404,-81.550079,30.763102,1470 Point Peter Rd,,Saint Marys,GA,31558,4453,CAMDEN
St. Marys Foods 2 1,-81.549385,30.763908,1570 Point Peter Rd,,Saint Marys,GA,31558,4438,CAMDEN
Dollar General 4173,-81.566452,30.747177,2225 Osborne Rd,,Saint Marys,GA,31558,9136,CAMDEN
Flash Foods LLC 274103,-81.572548,30.750349,2500 Osborne Rd,,Saint Marys,GA,31558,8903,CAMDEN
DollarTree 4520,-81.575211,30.751415,2603 Osborne Rd,Ste B,Saint Marys,GA,31558,8907,CAMDEN
CVS PHARMACY 4206,-81.576736,30.75211,2700 Osborne Rd,,Saint Marys,GA,31558,4000,CAMDEN
ALDI 76171,-81.578728,30.754099,2714 Osborne Rd,,Saint Marys,GA,31558,4049,CAMDEN
Dollar General 24825,-81.588402,30.753201,302 Arnow Dr,,Saint Marys,GA,31558,3164,CAMDEN
Pilot Travel Center 575,-81.554924,30.721434,491 Saint Marys Rd,,Saint Marys,GA,31558,4314,CAMDEN
Dollar General 22284,-81.573631,30.763756,600 Sand Bar Dr,,Saint Marys,GA,31558,4462,CAMDEN
Cumberland Kingsbay Lodge,-81.573608,30.763607,603 Sand Bar Dr,,Saint Marys,GA,31558,4446,CAMDEN
Murphy USA 7849,-81.620155,30.775721,6438 Hwy 40 East,,Saint Marys,GA,31558,,CAMDEN
Walmart Supercenter 836,-81.61953,30.777109,6586 Highway 40,,Saint Marys,GA,31558,4037,CAMDEN
DOLLAR GENERAL 7937,-81.613411,30.783661,675 Kingsbay Rd,,Saint Marys,GA,31558,3889,CAMDEN
Kingsland Meats,-81.612411,30.784527,765 Kingsbay Rd,,Saint Marys,GA,31558,3807,CAMDEN
St. Marys Foods 1 1,-81.556831,30.736691,915 Dilworth St,,Saint Marys,GA,31558,8695,CAMDEN
Kingsbay Food Inc 1,-81.574539,30.805979,3791 Charlie Smith Sr. Hwy,,St. Marys,GA,31558,,CAMDEN
Dollar General 21013,-81.574036,30.807373,3901 Charlie Smith Sr Hwy,,St. Marys,GA,31558,,CAMDEN
Krazie Kumfort Farm,-81.609947,31.099936,1080 Dover Bluff Rd,,Waverly,GA,31565,2711,CAMDEN
Friendly Express 78,-81.595276,31.100245,2052 Dover Bluff Rd,,Waverly,GA,31565,2701,CAMDEN
Dollar General Store 17570,-81.7258,31.094263,24298 US Highway 17,,Waverly,GA,31565,1904,CAMDEN
REED'S GROCERY,-81.804329,31.019739,4426 Burnt Fort Rd,,White Oak,GA,31568,2218,CAMDEN
Dollar General 12965,-81.719414,30.959702,1000 Georgia Ave,,Woodbine,GA,31569,,CAMDEN
Circle K 2745100,-81.668732,30.849035,1877 Harriets Bluff Rd,,Woodbine,GA,31569,,CAMDEN
Snappy Foods,-81.723351,30.964014,608 Bedell Ave,,Woodbine,GA,31569,3681,CAMDEN
Iga Woodbine,-81.718834,30.960878,908 Georgia Ave,,Woodbine,GA,31569,3574,CAMDEN
Las Mercedes Grocery Store LLC,-82.061111,32.397003,10 Se Broad St,,Metter,GA,30439,4428,CANDLER
Oak Tree Express Chevron,-82.069748,32.371738,100 Oak Tree Rd,,Metter,GA,30439,6363,CANDLER
Parkers 49,-82.062096,32.378727,1118 S Lewis St,,Metter,GA,30439,5135,CANDLER
Racetrac 2650,-82.065132,32.375336,1302 S Lewis St,,Metter,GA,30439,,CANDLER
Food Lion 2824,-82.05883,32.396309,155 S Leroy St,,Metter,GA,30439,4632,CANDLER
DR GROCERY,-82.059464,32.399445,230 N Lewis St,,Metter,GA,30439,4135,CANDLER
Family Dollar 1227,-82.059128,32.397095,240 SE Broad St,,Metter,GA,30439,4429,CANDLER
Wiregrass Junction,-82.165215,32.371826,26127 Hwy 57 S,,Metter,GA,30439,,CANDLER
Parkers 44,-82.06485,32.397564,300 SW Broad St,,Metter,GA,30439,4500,CANDLER
Jet Food Store 35,-82.064674,32.397499,309 SW Broad St,,Metter,GA,30439,4501,CANDLER
Minit Mart 1,-82.054802,32.396824,504 Se Broad St,,Metter,GA,30439,4404,CANDLER
Quick Stop,-82.055008,32.398453,55 Martin Luther King Jr Blvd,,Metter,GA,30439,4444,CANDLER
DOLLAR GENERAL 18737,-81.957024,32.384872,69676 Highway 46,,Metter,GA,30451,,CANDLER
Walgreens 17222,-82.061546,32.383636,730 S Lewis St,,Metter,GA,30439,5127,CANDLER
DOLLAR GENERAL 3633,-82.058006,32.395645,75 S Leroy St,,Metter,GA,30439,,CANDLER
DollarTree 8500,-82.055046,32.396797,978 SE Broad St,,Metter,GA,30439,3933,CANDLER
Zip N Food 7 1,-81.925194,32.404552,9989 Pulaski Hwy,,Metter,GA,30439,,CANDLER
CVS Pharmacy 5765,-85.261208,33.53664,100 Oak St,,Bowdon,GA,30108,1412,CARROLL
Bowdon Minit Mart,-85.252739,33.537128,133 Wedowee St,,Bowdon,GA,30108,1552,CARROLL
Piggly Wiggly 66,-85.252663,33.539246,136 Lovvorn Ave,,Bowdon,GA,30108,1141,CARROLL
Family Dollar 1161,-85.252335,33.539257,144 Lovvorn Ave,,Bowdon,GA,30108,1141,CARROLL
Thurman's Produce Market 1,-85.222366,33.561626,1471 E Highway 166,,Bowdon,GA,30108,2407,CARROLL
DOLLAR GENERAL 4800,-85.253258,33.53664,203 Wedowee St,,Bowdon,GA,30108,1535,CARROLL
Luv's Country Corner,-85.201958,33.46796,2347 W Highway 5,,Bowdon,GA,30108,3388,CARROLL
Bowdon Kwick Shop,-85.242249,33.54615,710 E College St,,Bowdon,GA,30108,1119,CARROLL
DollarTree 6494,-85.153862,33.69495,2800 Music Mill Rd,,Bremen,GA,30110,2541,CARROLL
Circle K 2723687,-85.147316,33.692818,3008 Alabama Ave S,,Bremen,GA,30110,2505,CARROLL
Walmart SUPERCENTER 722,-85.07724,33.543282,1735 S HWY 27,,CARROLLTON,GA,30117,,CARROLL
Flowers Bakery Outlet 149,-85.056908,33.576206,500 NEWNAN RD,,CARROLLTON,GA,30117,,CARROLL
DOLLAR GENERAL 1272,-85.079308,33.595451,1003 N Park St,,Carrollton,GA,30117,2226,CARROLL
DollarTree 6029,-85.046158,33.592072,1004 Bankhead Hwy,,Carrollton,GA,30117,,CARROLL
Food Depot 36,-85.044121,33.593281,1004 Bankhead Hwy,Ste 1,Carrollton,GA,30117,1852,CARROLL
Supermercado Acapulco Llc,-85.089081,33.572727,1027 Maple St,Ste E,Carrollton,GA,30117,3641,CARROLL
Tienda Hernandez Food Store,-85.096321,33.58733,1065 Alabama St,,Carrollton,GA,30117,2041,CARROLL
Preetrkp Inc dba La Unica,-85.097603,33.587444,1066 Alabama St,,Carrollton,GA,30117,2057,CARROLL
Dollar General 15113,-85.098022,33.587639,1078 Alabama St,,Carrollton,GA,30117,2004,CARROLL
PUBLIX 608,-85.073212,33.560349,1109 S Park St,Ste 600,Carrollton,GA,30117,4449,CARROLL
Dollar General 14502,-85.06646,33.580261,111 Newnan Rd,,Carrollton,GA,30117,3442,CARROLL
Circle K 2723676,-85.078941,33.599586,1123 N Park St,,Carrollton,GA,30117,2228,CARROLL
INGLES MARKETS 480,-85.080956,33.599628,1124 N Park St,,Carrollton,GA,30117,2229,CARROLL
Target Store 1073,-85.076973,33.558624,1129 S Park St,,Carrollton,GA,30117,4429,CARROLL
University Chevron,-85.09111,33.572311,1201 Maple St,,Carrollton,GA,30117,4226,CARROLL
Braves Beverage Warehouse (BBW),-85.092209,33.572086,1213 Maple St,,Carrollton,GA,30117,4226,CARROLL
DollarTree 8886,-85.07943,33.579128,125 S Park St,,Carrollton,GA,30117,3241,CARROLL
B & D Foodmart,-85.033295,33.598824,1266 Bankhead Hwy,,Carrollton,GA,30116,8558,CARROLL
Bankhead Shoppette,-85.030472,33.596897,1337 Bankhead Hwy,,Carrollton,GA,30116,8572,CARROLL
KROGER 367,-85.073586,33.553215,1355 S Park St,,Carrollton,GA,30117,4433,CARROLL
Park Place Grocery,-85.083298,33.606239,1400 N Park St,,Carrollton,GA,30117,2264,CARROLL
Aldi 23,-85.073586,33.54998,1495 Highway 27 South,,Carrollton,GA,30117,2265,CARROLL
DOLLAR GENERAL 1279,-85.02668,33.602386,1515 Bankhead Hwy,,Carrollton,GA,30116,6153,CARROLL
QUIKTRIP 834,-85.023056,33.605705,1676 Bankhead Hwy,,Carrollton,GA,30116,7420,CARROLL
Murphy USA 7283,-85.074471,33.543743,1725 S Highway 27,Ste 1,Carrollton,GA,30117,,CARROLL
Toofan LLC,-84.999611,33.679031,1789 Sandhill Hickory Lvl Rd,,Carrollton,GA,30116,5728,CARROLL
Food Depot 53,-85.113564,33.562641,180 Maple Xing,,Carrollton,GA,30117,5585,CARROLL
Hot Shot 0,-85.126862,33.592587,1805 Mount Zion Rd,,Carrollton,GA,30117,7562,CARROLL
Circle K 2723650,-85.093689,33.617352,1871 N Highway 27,,Carrollton,GA,30117,7507,CARROLL
Southside BP,-85.074249,33.536667,1979 Highway 27 South,,Carrollton,GA,30117,,CARROLL
J's Shoppette,-85.100349,33.527996,2018 Hays Mill Rd,,Carrollton,GA,30117,9580,CARROLL
CVS Pharmacy 4532,-85.110695,33.563061,2125 Maple St,,Carrollton,GA,30117,5581,CARROLL
Newnan Road Shoppette,-85.015823,33.537766,2460 S Highway 16,,Carrollton,GA,30116,6440,CARROLL
Traingle Treat,-84.997459,33.614632,2476 E Hwy 166,,Carrollton,GA,30116,5509,CARROLL
Dollar General 15769,-85.013123,33.533691,25 Whooping Creek Church Rd,,Carrollton,GA,30116,,CARROLL
Farm Fresh Pickins,-85.015099,33.536366,2521 S Highway 16,,Carrollton,GA,30116,6451,CARROLL
Pjm Food Store,-84.99781,33.616066,2534 Carrollton Villa Rica Hwy,,Carrollton,GA,30116,5510,CARROLL
2991 Carrollton Llc,-85.027657,33.63995,2991 Shady Grove Rd,,Carrollton,GA,30116,8178,CARROLL
Supermercado Y Carniceria La Confianza 6,-85.078362,33.583008,302 N Park St,Ste A,Carrollton,GA,30117,3056,CARROLL
Maple Kwik Stop,-85.07917,33.57785,310 Maple St,,Carrollton,GA,30117,3235,CARROLL
Neighbors Market,-85.053421,33.575314,351 Old Newnan Rd,,Carrollton,GA,30117,2591,CARROLL
Sandhill BP,-84.977646,33.637627,3571 Carrollton Villa Rica Hwy,,Carrollton,GA,30116,5540,CARROLL
Fairfield Food Mart,-84.97345,33.641769,3761 Carrollton Villa Rica Hwy,,Carrollton,GA,30116,5544,CARROLL
DOLLAR GENERAL 6547,-84.972321,33.643967,3960 Carrollton Villa Rica Hwy,,Carrollton,GA,30116,5539,CARROLL
Dollar General 31160,-85.145088,33.65836,40 Bethlehem Church Rd,,Carrollton,GA,30117,,CARROLL
DOLLAR GENERAL 13965,-85.143089,33.657494,4043 N Highway 27,,Carrollton,GA,30117,7925,CARROLL
Bowden Juction Quick Stop,-85.148384,33.663727,4335 N Highway 27,,Carrollton,GA,30117,7926,CARROLL
Dollar General 21654,-85.07785,33.616482,437 N Highway 113,,Carrollton,GA,30117,8696,CARROLL
DollarTree 791,-85.077026,33.540958,444 Stripling Chapel Rd,,Carrollton,GA,30117,7796,CARROLL
Dollar General 24710,-85.182083,33.55962,4461 W Highway 166,,Carrollton,GA,30117,9605,CARROLL
Smallwood's,-84.932251,33.611179,4720 E Highway 166,,Carrollton,GA,30116,9101,CARROLL
Dollar General 16201,-84.931381,33.61005,4755 E Highway 166,,Carrollton,GA,30116,9004,CARROLL
Bankhead 494 Llc,-85.059959,33.585712,494 Bankhead Hwy,,Carrollton,GA,30117,2445,CARROLL
Family Dollar 4899,-85.058319,33.585545,515 Bankhead Hwy,,Carrollton,GA,30117,2446,CARROLL
Columbia Food Mart,-85.103119,33.610912,5224 Columbia Dr,,Carrollton,GA,30117,8758,CARROLL
CVS Pharmacy 4568,-85.058144,33.586895,546 Bankhead Hwy,,Carrollton,GA,30117,2463,CARROLL
Speedy Spot,-85.076485,33.619293,549 N Highway 113,,Carrollton,GA,30117,9301,CARROLL
DOLLAR GENERAL 6546,-85.073799,33.526848,55 Gray Rd,,Carrollton,GA,30116,4816,CARROLL
Carniceria Y Tienda Centroamerica Inc,-85.084122,33.58057,607 Alabama St,,Carrollton,GA,30117,2980,CARROLL
Cotton Mill Farmers Market,-85.072464,33.571285,609 Dixie St,,Carrollton,GA,30117,3816,CARROLL
Walgreens 07820,-85.077621,33.569656,794 S Park St,,Carrollton,GA,30117,3826,CARROLL
Radhey Shyam INC,-85.023567,33.606068,795 Old Airport Rd,,Carrollton,GA,30116,8658,CARROLL
Johnny's 2,-85.057755,33.606743,801 Northside Dr,,Carrollton,GA,30117,5323,CARROLL
Newnan Road Kwik Stop,-85.0504,33.570923,826 Newnan Rd,,Carrollton,GA,30117,6426,CARROLL
DOLLAR GENERAL 8301,-85.084885,33.574417,827 Maple St,,Carrollton,GA,30117,3625,CARROLL
Four Lane Bp,-85.073898,33.563248,920 S Park St,,Carrollton,GA,30117,4426,CARROLL
Family Dollar 8957,-85.115868,33.561359,2290 Maple St,,Carrolton,GA,30117,,CARROLL
Thurman's Produce Market 2,-85.12265,33.412586,18473 hwy 27,,Roopville,GA,30170,,CARROLL
Dollar General 12430,-85.124863,33.46085,27 Hilltop Rd,,Roopville,GA,30170,2225,CARROLL
Buckhorn Shoppette,-85.018997,33.687153,1964 Carrollton Hwy,,Temple,GA,30179,4910,CARROLL
Red Top Food Mart NA,-85.036316,33.731361,214 W Highway 78,,Temple,GA,30179,3718,CARROLL
Dip & Dev Enterprise Llc,-85.028969,33.730694,233 Carrollton St,,Temple,GA,30179,3734,CARROLL
Super Food,-85.032967,33.737499,257 Sage St,,Temple,GA,30179,3846,CARROLL
Dollar General 9053,-85.044579,33.659893,3250 Carrollton St,,Temple,GA,30179,,CARROLL
INGLES MARKETS 405,-85.026459,33.723335,488 Carrollton St,,Temple,GA,30179,4144,CARROLL
Pilot Travel Center 417,-85.028351,33.719337,625 Carrollton St,,Temple,GA,30179,4133,CARROLL
Pilot Travel Center 634,-85.024658,33.719261,650 Carrollton Street,,Temple,GA,30179,,CARROLL
Pokhara Sahara,-84.997398,33.759941,842 Taylors Gin Rd,,Temple,GA,30179,4072,CARROLL
QuikTrip 1760,-85.024925,33.712719,946 Carrollton Hwy,,Temple,GA,30179,4430,CARROLL
CVS Pharmacy 5637,-84.940842,33.730347,736 HWY 78 W,,VILLA RICA,GA,30180,,CARROLL
Dollar General 22323,-84.934174,33.747501,101 Prospecter Dr,,Villa Rica,GA,30180,5300,CARROLL
Publix Super Markets Inc. 2011,-84.902534,33.734779,103 Mirror Lake Connector,Ste 200,Villa Rica,GA,30180,3250,CARROLL
The Community Market Of Villa Rica,-84.916924,33.731274,106 Temple St,,Villa Rica,GA,30180,2042,CARROLL
Race Trac 495,-84.940025,33.727295,123 123 Highway 61 Connector,,Villa Rica,GA,30180,,CARROLL
Quick Mart,-84.918091,33.729919,143 E Montgomery St,,Villa Rica,GA,30180,2708,CARROLL
Easy Quick Stop,-84.961403,33.734138,1607 W Highway 78,,Villa Rica,GA,30180,4707,CARROLL
Dollar General 10272,-84.895111,33.731808,2418 Devonion Dr,,Villa Rica,GA,30180,5898,CARROLL
Dollar General 13048,-84.965828,33.780342,2586 ROCKMART ROAD,,Villa Rica,GA,30180,,CARROLL
Hunter Grocery,-84.967224,33.784569,2743 Rockmart Rd,,Villa Rica,GA,30180,8311,CARROLL
Open Pantry,-84.924294,33.74165,408 Rockmart Rd,,Villa Rica,GA,30180,1126,CARROLL
Five Point Food Mart,-84.953476,33.665337,4921A Carrollton Villa Rica Hwy,,Villa Rica,GA,30180,4913,CARROLL
Walmart Supercenter 2732,-84.934952,33.720169,600 Carrollton Villa Rica Hwy,,Villa Rica,GA,30180,4969,CARROLL
DollarTree 1473,-84.938675,33.73278,62 Industrial Blvd,,Villa Rica,GA,30180,1545,CARROLL
QUIKTRIP 810,-84.93821,33.717426,650 Carrollton Villa Rica Hwy,,Villa Rica,GA,30180,4969,CARROLL
Food Depot 59,-84.937767,33.730564,664 W Bankhead Hwy,Suite 1,Villa Rica,GA,30180,,CARROLL
Walgreens 11491,-84.938416,33.730507,684 W Bankhead Hwy,,Villa Rica,GA,30180,1601,CARROLL
Carroll Food Mart,-84.951698,33.6395,725 Sandhill Hulett Rd,,Villa Rica,GA,30180,4018,CARROLL
Findley's Butcher Shop 5,-84.906258,33.750183,8 Stockmar Rd,,Villa Rica,GA,30180,3460,CARROLL
Villa Rica Food Mart 1,-84.91597,33.746826,820 Dallas Hwy,,Villa Rica,GA,30180,1232,CARROLL
DOLLAR GENERAL 1749,-84.945381,33.731197,879 W Bankhead Hwy,,Villa Rica,GA,30180,1515,CARROLL
La Chiquita Carniceria Verduras Y Abarrotes Llc,-84.936974,33.716373,941 S Carroll Rd,Ste D,Villa Rica,GA,30180,7016,CARROLL
Pilot Travel Center 4559,-84.902382,33.721085,95 Liberty Rd,,Villa Rica,GA,30180,,CARROLL
Dollar General 23389,-84.91185,33.748688,950 Dallas Hwy,,Villa Rica,GA,30180,1235,CARROLL
INGLES MARKETS 423,-84.939568,33.728416,98 Highway 61 Connector,,Villa Rica,GA,30180,2313,CARROLL
Market Square Foodmart,-84.920532,33.502407,1069 Main St,,Whitesburg,GA,30185,3107,CARROLL
DOLLAR GENERAL 9100,-84.914063,33.490345,45 W Highway 5,,Whitesburg,GA,30185,3012,CARROLL
Walmart Neighborhood Market 3635,-85.24501,34.952583,1155 Battlefield Pkwy,,Fort Oglethorpe,GA,30742,3960,CATOOSA
ALDI 60026 60026,-85.232124,34.948364,1999 Battlefield Pkwy,,Fort Oglethorpe,GA,30742,4023,CATOOSA
DollarTree 231,-85.231598,34.946911,2033 Battlefield Pkwy,,Fort Oglethorpe,GA,30742,4025,CATOOSA
Stable 41 Farmers Market NAFMNP,-85.260056,34.948238,214 1st St,,Fort Oglethorpe,GA,30742,3619,CATOOSA
Murphy USA 6702,-85.216675,34.939278,24 Battlefield Station Dr,,Fort Oglethorpe,GA,30742,4050,CATOOSA
Harry's 47,-85.259491,34.952602,2526 Lafayette Rd,,Fort Oglethorpe,GA,30742,4204,CATOOSA
HOUCHENS SAVE-A-LOT 501,-85.258858,34.947033,2911 Lafayette Rd,,Fort Oglethorpe,GA,30742,3796,CATOOSA
Walmart 1458,-85.215828,34.938759,3040 Battlefield Pkwy,,Fort Oglethorpe,GA,30742,4004,CATOOSA
Aaa Convenience & Food,-85.214142,34.939468,3095 Battlefield Pkwy,,Fort Oglethorpe,GA,30742,4003,CATOOSA
Walgreens 12921,-85.206406,34.937347,3625 Battlefield Pkwy,,Fort Oglethorpe,GA,30742,4001,CATOOSA
Dollar General Market 9815,-85.257294,34.953537,430 Battlefield Pkwy,,Fort Oglethorpe,GA,30742,3847,CATOOSA
Food City 249,-85.256226,34.954842,531 Battlefield Pkwy,,Fort Oglethorpe,GA,30742,3848,CATOOSA
CVS Pharmacy 3760,-85.250031,34.95414,887 Battlefield Pkwy,,Fort Oglethorpe,GA,30742,3900,CATOOSA
Walgreens 7567,-85.244034,34.951542,1228 Battlefield Pkwy,,Ft Oglethorpe,GA,30742,4008,CATOOSA
Costco Wholesale 1083,-85.193512,34.967213,100 Cobb Parkway,,Ringgold,GA,30736,,CATOOSA
Pit Stop 7,-85.076012,34.894955,10960 Highway 41,Us,Ringgold,GA,30736,8684,CATOOSA
Cherokee Valley Market,-85.087204,34.912189,11 Cherokee Valley Rd,,Ringgold,GA,30736,4300,CATOOSA
Circle K 2723622,-85.073601,34.888622,11418 Highway 41,,Ringgold,GA,30736,8691,CATOOSA
Flowers Bakery Outlet 50001362,-85.071869,34.886894,11545 Highway 41,,Ringgold,GA,30736,8689,CATOOSA
Kankus Express 353,-85.201683,34.956886,15 Dietz Rd,,Ringgold,GA,30736,8258,CATOOSA
Food City 214,-85.187325,34.984348,150 Highway 41,,Ringgold,GA,30736,,CATOOSA
Dollar General 11676,-85.168015,34.960503,2410 Highway 41,,Ringgold,GA,30736,6140,CATOOSA
Circle K Store 2709347,-85.16423,34.957767,2707 Highway 41,,Ringgold,GA,30736,6147,CATOOSA
Sunrise Market 39,-85.175919,34.925663,3240 Boynton Dr,,Ringgold,GA,30736,3548,CATOOSA
MAPCO Express Inc. 3638,-85.205719,34.936543,3668 Battlefield Pkwy,,Ringgold,GA,30736,,CATOOSA
Publix Super Market 1641,-85.204247,34.936958,3775 Battlefield Pkwy,,Ringgold,GA,30736,,CATOOSA
Circle K 2723561,-85.194092,34.965607,4257 Cloud Springs Rd,,Ringgold,GA,30736,8413,CATOOSA
Dj's Country Market,-85.184967,34.893375,4427 Three Notch Rd,,Ringgold,GA,30736,5819,CATOOSA
Paul Place #4,-85.190361,34.969154,4538 Cloud Springs Rd,,Ringgold,GA,30736,6400,CATOOSA
Grocery Outlet 29,-85.110092,34.914883,47 Legion St,,Ringgold,GA,30736,2369,CATOOSA
CVS PHARMACY 7885,-85.183151,34.932919,4825 Battlefield Pkwy,,Ringgold,GA,30736,5165,CATOOSA
INGLES MARKETS 101,-85.125671,34.917686,5044 Alabama Hwy,,Ringgold,GA,30736,2434,CATOOSA
Walgreens 10247,-85.122871,34.916088,5075 Alabama Hwy,,Ringgold,GA,30736,2435,CATOOSA
DollarTree 8446,-85.110107,34.914722,53 Legion St,,Ringgold,GA,30736,2369,CATOOSA
Circle K 2723553,-85.123741,34.913387,5337 Alabama Hwy,,Ringgold,GA,30736,2445,CATOOSA
QuikTrip 7073,-85.129234,34.908047,5850 Alabama Hwy,,Ringgold,GA,30736,2802,CATOOSA
Tigermart 41065H,-85.130402,34.906715,5926 Alabama Hwy,,Ringgold,GA,30736,2802,CATOOSA
Race Trac 354,-85.154686,34.928047,6622 Battlefield Pkwy,,Ringgold,GA,30736,5075,CATOOSA
Ringgold Foodmart,-85.15416,34.929066,6659 Battlefield Pkwy,,Ringgold,GA,30736,,CATOOSA
MAPCO Express Inc. 3502,-85.131966,34.895683,6672 Alabama Hwy,,Ringgold,GA,30736,7515,CATOOSA
Circle K 2723615,-85.149597,34.928509,6855 Battlefield Pkwy,,Ringgold,GA,30736,,CATOOSA
Pauls Place,-85.15078,34.927338,6860 Battlefield Pkwy,,Ringgold,GA,30736,7301,CATOOSA
CVS Pharmacy 7745,-85.123222,34.918804,6945 Nashville St,,Ringgold,GA,30736,2419,CATOOSA
MAPCO Express Inc. 3634,-85.122025,34.918259,6966 Nashville St,,Ringgold,GA,30736,2420,CATOOSA
Dollar General Store 3861,-85.114944,34.917896,7449 Nashville St,,Ringgold,GA,30736,2357,CATOOSA
Rabbit Valley Farmers Market,-85.114609,34.916714,7484 Nashville St,,Ringgold,GA,30736,2358,CATOOSA
DOLLAR GENERAL 5706,-85.143227,34.868855,8532 Alabama Hwy,,Ringgold,GA,30736,7531,CATOOSA
FOOD LION 2543,-85.132034,34.904964,95 Poplar Springs Rd,,Ringgold,GA,30736,2808,CATOOSA
Page Market,-85.244965,34.979595,125 Page Rd,,Rossville,GA,30741,3281,CATOOSA
Circle K 2723555,-85.264534,34.967697,1301 Lafayette Rd,,Rossville,GA,30741,,CATOOSA
Dollar General 12832,-85.211807,34.978638,1654 Mack Smith Rd,,Rossville,GA,30741,4089,CATOOSA
MAPCO Express Inc. 3643,-85.243942,34.977959,1700 Lakeview Dr,,Rossville,GA,30741,3109,CATOOSA
Sunrise Market 9,-85.210648,34.981457,1810 Mack Smith Rd,,Rossville,GA,30741,3712,CATOOSA
Cornerstone Market #3,-85.219917,34.958076,2403 Cloud Springs Rd,,Rossville,GA,30741,4805,CATOOSA
Cornerstone Market #2,-85.252449,34.96336,399 Cloud Springs Rd,,Rossville,GA,30741,8401,CATOOSA
Sunrise Market,-85.241974,34.985325,550 Page Rd,,Rossville,GA,30741,3288,CATOOSA
Hello Mart #1,-85.257637,34.979443,943 Lakeview Dr,,Rossville,GA,30741,5514,CATOOSA
Short Stop Market,-85.068207,34.879745,12105 Highway 41,,Tunnel Hill,GA,30755,7806,CATOOSA
Dollar General 24572,-85.045563,34.898998,2162 Catoosa Pkwy,,Tunnel Hill,GA,30755,7351,CATOOSA
Flash Foods LLC 2745048,-81.985619,30.836103,1116 Kingsland Dr,,Folkston,GA,31537,2866,CHARLTON
Prosperity Farms,-81.996094,30.835993,129 Boyd St,,Folkston,GA,31537,4937,CHARLTON
Walgreens 19997,-82.006058,30.831736,200 N 2nd St,,Folkston,GA,31537,3008,CHARLTON
Flash Foods LLC 27435,-82.00927,30.831005,310 W Main St,,Folkston,GA,31537,4504,CHARLTON
DollarTree 8537,-82.00296,30.822069,3463 Second St S,,Folkston,GA,31537,8447,CHARLTON
Winn Dixie Store 1661,-82.003746,30.824251,3606 Second St S,,Folkston,GA,31537,8450,CHARLTON
Family Dollar 564,-82.003952,30.824753,3650 Second St S,,Folkston,GA,31537,8450,CHARLTON
Dollar General 15657,-82.00441,30.825781,3731 Second St S,,Folkston,GA,31537,8453,CHARLTON
Jsk Food Mart,-82.005302,30.827559,3879 Second St S,,Folkston,GA,31537,8455,CHARLTON
Jack Rabbit,-82.005661,30.829891,4025 Second St S,,Folkston,GA,31537,8459,CHARLTON
Om Food Mart N/A,-82.006866,30.83655,4492 Second St N,,Folkston,GA,31537,9383,CHARLTON
Raceway #7000 7000,-82.006592,30.844431,5042 Second St N,,Folkston,GA,31537,9385,CHARLTON
Friendly Express 31,-82.010597,30.858047,6008 Second St N,,Folkston,GA,31537,9357,CHARLTON
Flash Foods LLC 2745041,-82.00605,30.829483,704 Martin St,,Folkston,GA,31537,4527,CHARLTON
DOLLAR GENERAL 4056,-82.011238,30.855188,774 Bowery Ln,,Folkston,GA,31537,5924,CHARLTON
Dollar General 17128,-82.036041,30.522631,11829 Johnson St,,Saint George,GA,31562,3747,CHARLTON
Canadays Corner,-82.037376,30.522802,13048 Florida Ave,,Saint George,GA,31562,3208,CHARLTON
The Butcher's Block,-81.299026,32.13253,102 E US Highway 80,Ste B,Bloomingdale,GA,31302,8915,CHATHAM
Dollar General 16280,-81.297775,32.131893,208 E Highway 80,,Bloomingdale,GA,31302,,CHATHAM
Parker's 123,-81.362038,32.073135,2500 Fort Argyle Rd,,Bloomingdale,GA,31302,9376,CHATHAM
Dollar General 19590,-81.378777,32.08091,2855 Fort Argyle Rd,,Bloomingdale,GA,31302,9350,CHATHAM
Katyani,-81.322495,32.095108,2890 Little Neck Rd,Suite B,Bloomingdale,GA,31302,9331,CHATHAM
Parker's 119,-81.323189,32.09613,2905 Little Neck Rd,,Bloomingdale,GA,31302,9301,CHATHAM
QuikTrip 7132,-81.322311,32.096226,2910 Little Neck Rd,,Bloomingdale,GA,31302,9307,CHATHAM
Chevron Pump N Go,-81.296577,32.131508,306 E US Highway 80,,Bloomingdale,GA,31302,9662,CHATHAM
FOOD LION 811,-81.147552,32.103443,109 MINUS AVE,,GARDEN CITY,GA,31408,,CHATHAM
Yogi,-81.160896,32.086334,1298 Highway 80,,Garden City,GA,31408,,CHATHAM
Chu's Convenience Mart 106,-81.177734,32.088734,2606 US Highway 80 W,,Garden City,GA,31408,2915,CHATHAM
Dollar General 20855,-81.133026,32.092766,2610 Hwy 80,,Garden City,GA,31408,,CHATHAM
Bp 4801,-81.159096,32.109463,4801 Augusta Rd,,Garden City,GA,31408,,CHATHAM
Jk Foodmart,-81.186455,32.043587,4918 Ogeechee Rd,,Garden City,GA,31405,2504,CHATHAM
DOLLAR GENERAL 2956,-81.166649,32.118496,5216 Augusta Rd,,Garden City,GA,31408,1606,CHATHAM
Stokes Produce,-81.150536,32.092213,701 Hwy 80 West,,Garden City,GA,31408,,CHATHAM
Parkers 37,-81.255241,32.135727,10 N Godley Station Blvd,,Pooler,GA,31322,4174,CHATHAM
Publix 1584,-81.286018,32.080395,101 Blue Moon Xing,Ofc,Pooler,GA,31322,9734,CHATHAM
FOOD LION 691,-81.234016,32.108459,1017 US Highway 80 E,Ste 13,Pooler,GA,31322,9533,CHATHAM
Family Dollar 8572,-81.26503,32.122597,1028 Highway 80 W,,Pooler,GA,31322,,CHATHAM
Walgreens 18341,-81.266014,32.123238,1038 US Highway 80 W,,Pooler,GA,31322,2114,CHATHAM
Piggly Wiggly 310,-81.266396,32.123283,1042 W. Hwy 80,,Pooler,GA,31322,,CHATHAM
Flash Food LLC 2745163,-81.228973,32.107002,1080 US Highway 80 E,,Pooler,GA,31322,9522,CHATHAM
Amit Food Mart 2,-81.252823,32.106003,1107 S Rogers St,,Pooler,GA,31322,3321,CHATHAM
Murphy USA 6515,-81.243645,32.14167,120 Pooler Pkwy,,Pooler,GA,31322,4200,CHATHAM
Hue Phuong Oriental Food Market,-81.225151,32.103306,1215 US Highway 80 E,Ste 500,Pooler,GA,31322,9565,CHATHAM
Parker's 69,-81.221519,32.099693,1275 US Highway 80 E,,Pooler,GA,31322,9517,CHATHAM
Flowers Bakery Outlet 50000810,-81.220909,32.099113,1285 US Highway 80 E,,Pooler,GA,31322,9517,CHATHAM
Dollar General 15102,-81.267723,32.054871,1465 Quacco Rd,,Pooler,GA,31322,9653,CHATHAM
Wawa Store 6309,-81.274658,32.093189,1480 Pooler Parkway,,Pooler,GA,31322,,CHATHAM
Sam's Club 4820,-81.244865,32.139294,15 Mill Creek Cir,,Pooler,GA,31322,2151,CHATHAM
Pump N Go Quacco,-81.270615,32.054184,1507 Quacco Rd,,Pooler,GA,31322,9806,CHATHAM
ALDI 76089,-81.253319,32.139851,152 Traders Way,,Pooler,GA,31322,4035,CHATHAM
Murphy Express 8603,-81.274048,32.092709,1555 Pooler Pkwy,,Pooler,GA,31322,4256,CHATHAM
Walmart Supercenter 2860,-81.244682,32.140926,160 Pooler Pkwy,,Pooler,GA,31322,4200,CHATHAM
Nouria 1601 Pooler Parkway 853,-81.276901,32.087551,1601 Pooler Pkwy,,Pooler,GA,31322,4409,CHATHAM
Costco Wholesale 1485,-81.279961,32.077881,200 Mosaic Circle,,Pooler,GA,31322,,CHATHAM
DollarTree 7449,-81.257973,32.132168,202 Grand Central Blvd,,Pooler,GA,31322,0569,CHATHAM
Moonlight Bp Station Llc,-81.282669,32.080524,2020 Pooler Pkwy,,Pooler,GA,31322,4204,CHATHAM
Viet Huong Oriental,-81.258858,32.130981,210 Grand Central Blvd,,Pooler,GA,31322,0569,CHATHAM
Parker's 68,-81.278313,32.086254,2111 Pooler Pkwy,,Pooler,GA,31322,4264,CHATHAM
Mosaic Market,-81.246254,32.14082,2331 Pooler Parkway,,Pooler,GA,31322,,CHATHAM
Gate Service Station 209,-81.242104,32.113968,416 US Highway 80 E,,Pooler,GA,31322,2632,CHATHAM
Publix 1364,-81.253769,32.136131,467 Pooler Pkwy,,Pooler,GA,31322,5102,CHATHAM
CVS Pharmacy 11017,-81.254555,32.135498,500 Pooler Pkwy,,Pooler,GA,31322,,CHATHAM
DOLLAR GENERAL 3596,-81.257217,32.118229,511 US Highway 80 W,,Pooler,GA,31322,2103,CHATHAM
Nouria 830 US Highway 80 W 852,-81.259682,32.120621,830 US Highway 80 W,,Pooler,GA,31322,2110,CHATHAM
Nouria 907 East Highway 80 830,-81.235748,32.110905,907 US Highway 80 E,,Pooler,GA,31322,9506,CHATHAM
The Foodmart,-81.265968,32.094929,990 Pine Barren Rd,,Pooler,GA,31322,9347,CHATHAM
Murphy Express 8567,-81.199242,32.197933,100 Magellan Blvd,,Port Wentworth,GA,31407,,CHATHAM
Dollar General 16940,-81.198921,32.213223,101 Bayberry Court,,Port Wentworth,GA,31407,,CHATHAM
BP Port Wentworth,-81.246613,32.195663,1116 GA-30,#101,Port Wentworth,GA,31407,,CHATHAM
Parker's 128,-81.198967,32.198742,132 State Highway 30,,Port Wentworth,GA,31407,9600,CHATHAM
Pump N Go,-81.198006,32.215195,2 Magnolia Blvd,,Port Wentworth,GA,31407,3428,CHATHAM
Vyom Tani Llc,-81.162399,32.147163,225 S Coastal Hwy,,Port Wentworth,GA,31407,1914,CHATHAM
Parth 24 Llc,-81.161072,32.146374,306 S Coastal Hwy,,Port Wentworth,GA,31407,2000,CHATHAM
Highland Shell,-81.232124,32.163181,485 Jimmy Deloach Pkwy,,Port Wentworth,GA,31407,3069,CHATHAM
Port Fuel Center,-81.172302,32.137089,5712 State Highway 21,,Port Wentworth,GA,31407,9702,CHATHAM
Pilot Travel Center 71,-81.194038,32.188908,7001 State Highway 21,,Port Wentworth,GA,31407,9715,CHATHAM
Nouria 7002 GA Highway 21 820,-81.193268,32.189171,7002 GA Highway 21,,Port Wentworth,GA,31407,9714,CHATHAM
Woods Crab House,-81.225723,32.191914,711 GA Highway 30,,Port Wentworth,GA,31407,9605,CHATHAM
Circle K 5352,-81.195641,32.194038,7110 Highway 21,,Port Wentworth,GA,31407,,CHATHAM
CVS PHARMACY 60,-81.194809,32.169296,7300 Ga Hwy 20,,Port Wentworth,GA,31407,,CHATHAM
Food Lion 2694,-81.194473,32.199852,7306 GA Highway 21,Ste 307,Port Wentworth,GA,31407,9277,CHATHAM
Family Dollar 7927,-81.197731,32.199249,7306 Highway 21,,Port Wentworth,GA,31407,,CHATHAM
Sunny's Flashmart,-81.197021,32.200043,7308 State Highway 21,,Port Wentworth,GA,31407,9205,CHATHAM
Publix 1256,-81.195183,32.223358,7936 GA Highway 21,,Port Wentworth,GA,31407,9720,CHATHAM
Dollar General 21735,-81.163437,32.149067,802 Crossgate Rd,,Port Wentworth,GA,31407,1815,CHATHAM
Parkers 16,-81.177917,32.146839,6000 Hwy 21,,Pt. Wentworth,GA,31407,,CHATHAM
FOOD LION 2682,-81.22049,31.986275,1040 KING GEORGE BLVD,,SAVANNAH,GA,31419,,CHATHAM
KROGER 979,-81.068077,32.045418,1900 E VICTORY DR,,SAVANNAH,GA,31404,,CHATHAM
PUBLIX 522,-81.108742,32.023773,5500 Abercorn St,Ste 2,SAVANNAH,GA,31405,,CHATHAM
CVS PHARMACY 7228,-81.074669,31.986729,7360 SKIDWAY RD,,SAVANNAH,GA,31406,,CHATHAM
Shell Food Mart,-81.280693,32.004978,1 Gateway Blvd E,,Savannah,GA,31419,9745,CHATHAM
Nouria 10 Eisenhower Drive 25,-81.116165,32.010967,10 Eisenhower Dr,,Savannah,GA,31406,2424,CHATHAM
Lucky's,-81.129318,31.991821,10004 Abercorn St,,Savannah,GA,31406,4561,CHATHAM
Abercorn Market,-81.094475,32.064735,1004 Abercorn St,,Savannah,GA,31401,6502,CHATHAM
Circle K 5160,-81.2192,31.985798,1006 King George Blvd,,Savannah,GA,31419,9569,CHATHAM
Chu's Iii Inc.,-81.080978,32.06086,1015 Waters Ave,,Savannah,GA,31404,6111,CHATHAM
Whitaker Market,-81.101456,32.0578,102 W 37th St,,Savannah,GA,31401,8505,CHATHAM
The Spot,-81.246811,32.146557,102 W Mulberry Blvd,,Savannah,GA,31407,3501,CHATHAM
Bay Store,-81.11319,32.087124,1028 W Bay St,,Savannah,GA,31415,2101,CHATHAM
Mias Latin Supermarket,-81.120224,31.997334,103 Montgomery Xrd,,Savannah,GA,31406,4730,CHATHAM
Shreesji Convenience Mart,-81.130783,31.989651,10325 Abercorn St,,Savannah,GA,31406,4554,CHATHAM
DollarTree 8960,-81.130287,31.988298,10402 Abercorn St,,Savannah,GA,31419,1138,CHATHAM
Georgetown Market,-81.220367,31.984932,1050 King George Blvd,,Savannah,GA,31419,9569,CHATHAM
Parkers 29,-81.132645,31.984261,10525 Abercorn St,,Savannah,GA,31419,1139,CHATHAM
Walmart Neighborhood Market 4530,-81.132042,31.98534,10530 Abercorn St,,Savannah,GA,31419,1140,CHATHAM
Krishna Grocery,-81.283951,32.000275,11 Gateway Blvd S,Ste 27,Savannah,GA,31419,9059,CHATHAM
Ram Food Mart,-81.10524,31.993477,1101 E Montgomery Crossroads,,Savannah,GA,31406,4900,CHATHAM
Brighter Day Natural Foods,-81.09726,32.06472,1102 Bull St,,Savannah,GA,31401,6435,CHATHAM
Victory Station,-81.08503,32.048279,1102 E Victory Dr,,Savannah,GA,31404,4102,CHATHAM
Smart Shop,-81.095078,32.063614,1114 Abercorn St,,Savannah,GA,31401,6840,CHATHAM
Chen Jackie's Seafood Market,-81.104767,31.993465,1117 E Montgomery Xrd,,Savannah,GA,31406,4952,CHATHAM
Shop N Go 2 Of Ga,-81.130142,31.982662,11204 White Bluff Rd,,Savannah,GA,31419,1504,CHATHAM
Masseyfoods,-80.989059,31.988213,113 Grosvenor Rd,,Savannah,GA,31410,4411,CHATHAM
E. Ranchero Meat Market,-81.147415,31.981974,11410 Abercorn St,,Savannah,GA,31419,1828,CHATHAM
WALGREENS 5368,-81.149033,31.981564,11509 Abercorn St,,Savannah,GA,31419,1901,CHATHAM
PUBLIX 1186,-81.151581,31.981251,11701 Abercorn St,,Savannah,GA,31419,1905,CHATHAM
S & M Food Mart,-81.148361,31.982309,11711 Largo Dr,,Savannah,GA,31419,1747,CHATHAM
DOLLAR GENERAL 4485,-81.222244,31.983606,1180 King George Blvd,,Savannah,GA,31419,9546,CHATHAM
Chiles Verdes Tienda Mexicana,-81.158234,31.987354,11812 Middleground Rd,Ste 200,Savannah,GA,31419,1289,CHATHAM
CVS Pharmacy 4187,-81.092171,32.078461,119 Bull St,,Savannah,GA,31401,3312,CHATHAM
Dollar General 12727,-81.167763,31.984571,11975 Apache Ave,,Savannah,GA,31419,1603,CHATHAM
Chu's Mart 114,-81.160484,31.986116,12000 Middleground Rd,,Savannah,GA,31419,1648,CHATHAM
CVS Pharmacy 4229,-81.153069,31.982754,12012 Abercorn St,,Savannah,GA,31419,1912,CHATHAM
Fuels N Pantry,-81.101646,32.064571,1220 Montgomery St,,Savannah,GA,31401,6735,CHATHAM
Walgreens 6098,-80.98764,32.015099,125 Johnny Mercer Blvd,,Savannah,GA,31410,2118,CHATHAM
FORSYTH FARMERS MARKET,-81.09684,32.064716,13 E Park Ave,,Savannah,GA,31401,6436,CHATHAM
Savannah Market,-81.09993,32.052402,130 E Victory Dr,,Savannah,GA,31405,2147,CHATHAM
Savannah Mart,-81.090782,32.023289,1300 E de Renne Ave,,Savannah,GA,31406,2017,CHATHAM
Po Jo's Stop N Go,-81.11425,32.071812,1300 W Gwinnett St,,Savannah,GA,31415,5352,CHATHAM
Wheaton Bp,-81.074028,32.061852,1300 Wheaton St,,Savannah,GA,31404,1715,CHATHAM
Nancy's Seafood,-81.114784,32.087582,1302 W Bay St,,Savannah,GA,31415,1503,CHATHAM
US Food Store,-81.118011,32.082428,1315 Augusta Ave,,Savannah,GA,31415,2055,CHATHAM
One Stop Shop #2,-81.117226,32.082024,1318 Augusta Ave,,Savannah,GA,31415,2063,CHATHAM
Chus,-81.11541,32.08791,1336 W Bay St,,Savannah,GA,31415,1503,CHATHAM
Nouria 14000 Abercorn Expressway 10,-81.169823,31.980446,14000 Abercorn St,,Savannah,GA,31419,1935,CHATHAM
Savannah Mall Shell,-81.169464,31.981089,14001 Abercorn St,,Savannah,GA,31419,1934,CHATHAM
Avom Foodmart,-81.116081,32.068256,1402 Stiles Ave,,Savannah,GA,31415,7868,CHATHAM
Walmart SUPERCENTER 4556,-81.173515,31.981894,14030 Abercorn St,,Savannah,GA,31419,1935,CHATHAM
TARGET STORE T-1910,-81.174927,31.982407,14065 Abercorn St,,Savannah,GA,31419,1964,CHATHAM
Chus Market,-81.102608,32.063213,1407 Montgomery St,,Savannah,GA,31401,7240,CHATHAM
ALDI 88,-81.175079,31.982239,14070 Abercorn St,,Savannah,GA,31419,1935,CHATHAM
Murphy Express 8829,-81.175728,31.982426,14080 Abercorn St,,Savannah,GA,31419,1935,CHATHAM
Downtown Chevron,-81.097839,32.078979,147 Martin Luther King Jr Blvd,,Savannah,GA,31401,3229,CHATHAM
CVS PHARMACY 4230,-80.987083,32.015472,150 Johnny Mercer Blvd,,Savannah,GA,31410,2102,CHATHAM
Pilot Travel Center 72,-81.200104,32.07246,1504 Dean Forest Rd,,Savannah,GA,31408,9537,CHATHAM
Hanumanta Food Mart Inc,-81.102707,32.06218,1516 Montgomery St,,Savannah,GA,31401,7243,CHATHAM
Discount Corner 2,-81.073883,32.055546,1519 E Anderson St,,Savannah,GA,31404,2220,CHATHAM
PUBLIX 456,-80.986938,32.015289,155 Johnny Mercer Blvd,,Savannah,GA,31410,2118,CHATHAM
La Favorita Latin Grocery Inc,-81.195778,32.078625,1550 Dean Forest Rd,Ste H,Savannah,GA,31408,9595,CHATHAM
Parker's 64,-81.195602,32.081181,1601 Dean Forest Rd,,Savannah,GA,31408,9559,CHATHAM
Victory Bp,-81.076454,32.04546,1603 E Victory Dr,,Savannah,GA,31404,4123,CHATHAM
Giant Food Mart,-81.118462,32.073273,1606 W Gwinnett St,,Savannah,GA,31415,5257,CHATHAM
Sunoco Gas Station,-81.14904,32.11095,165 Main St,,Savannah,GA,31408,1412,CHATHAM
ALDI 76084,-81.074028,32.04459,1651 E Victory Dr,,Savannah,GA,31404,4139,CHATHAM
CIRCLE K STORES INC. 2707265,-81.167336,32.051682,1699 Chatham Pkwy,Apt 930A,Savannah,GA,31405,7613,CHATHAM
Sunoco - Shyamal 4 Corp,-81.197334,32.087177,1715 Dean Forest Rd,,Savannah,GA,31408,9561,CHATHAM
Parker's 100,-81.227097,31.990196,1750 Grove Point Rd,,Savannah,GA,31419,9512,CHATHAM
Racetrac 2630,-81.196358,32.0919,1780 Dean Forest Rd,,Savannah,GA,31408,9560,CHATHAM
Whole Foods Market 10489,-81.071442,32.04422,1815 E Victory Ave,Suite 101,Savannah,GA,31404,4127,CHATHAM
Target Store T-2331,-81.069038,32.040565,1907 E Victory Dr,,Savannah,GA,31404,3714,CHATHAM
Parkers 27,-81.057297,32.070076,1910 E President St,,Savannah,GA,31404,1022,CHATHAM
DollarTree 1150,-81.069016,32.039776,1915 E Victory Dr,Ste F,Savannah,GA,31404,3730,CHATHAM
DollarTree 8059,-81.061783,32.05827,1920 E Gwinnett St,,Savannah,GA,31404,1855,CHATHAM
Dollar General 13629,-81.056602,32.070431,1920 E President St,,Savannah,GA,31404,1022,CHATHAM
Parker's 82,-81.080772,31.989986,1930 E Montgomery Crossroads,,Savannah,GA,31406,5037,CHATHAM
Liberty City Convenience,-81.138969,32.053703,1940 Mills B Ln,Ste F,Savannah,GA,31405,2999,CHATHAM
Walmart S/C 605,-81.080933,31.989893,1955 E Montgomery Xrd,,Savannah,GA,31406,5036,CHATHAM
Sam's Club 8202,-81.079529,31.989853,1975 E Montgomery Xrd,,Savannah,GA,31406,5036,CHATHAM
Parkers 21,-81.067749,32.043186,1976 E Victory Dr,,Savannah,GA,31404,3715,CHATHAM
Marathon 204,-81.285507,32.006386,2 Gateway Blvd W,,Savannah,GA,31419,9752,CHATHAM
Circle K 1862,-81.233376,32.014412,2 Quacco Rd,,Savannah,GA,31419,9670,CHATHAM
Love's Travel Stop 893,-81.194199,32.102543,2 Sonny Perdue Dr,,Savannah,GA,31408,8080,CHATHAM
Chu's Convenience Mart 119,-81.112801,32.02956,20 W de Renne Ave,,Savannah,GA,31405,6702,CHATHAM
Parker's 13,-81.057014,32.068848,2004 Beech St,,Savannah,GA,31404,1304,CHATHAM
Original Lottery Hall,-81.139763,32.053864,2008 Mills B Lane Blvd,,Savannah,GA,31405,2964,CHATHAM
Charles J Russo Seafoods,-81.098579,32.053963,201 E 40th St,,Savannah,GA,31401,9120,CHATHAM
Pump N Go Montgomery Crossroads,-81.119003,31.996935,201 E Montgomery Crossroads,Ste A,Savannah,GA,31406,4755,CHATHAM
Papa Murphy's Pizza GA005,-80.985252,32.014107,201 Johnny Mercer Blvd,,Savannah,GA,31410,2119,CHATHAM
Shree Jis Sav. Foodmart Inc,-81.076515,32.032917,2022 Delesseps Ave,,Savannah,GA,31404,4752,CHATHAM
CVS Pharmacy 4261,-81.064995,32.04071,2055 E Victory Dr,,Savannah,GA,31404,3716,CHATHAM
Abercorn Chevron,-81.099136,32.052174,206 E Victory Dr,,Savannah,GA,31405,2243,CHATHAM
Parker's 88,-81.109901,32.028252,21 E Derenne Ave,,Savannah,GA,31405,,CHATHAM
Nouria 210 Johnny Mercer Boulevard 846,-80.98465,32.014431,210 Johnny Mercer Blvd,,Savannah,GA,31410,2156,CHATHAM
One Stop Shop,-81.104141,32.057823,2100 Montgomery St,,Savannah,GA,31401,8545,CHATHAM
Pals Mini Mart,-81.148994,32.033085,2101 Louis Mills Blvd,,Savannah,GA,31405,2839,CHATHAM
Walgreens 15611,-81.06395,32.040936,2109 E Victory Dr,,Savannah,GA,31404,3917,CHATHAM
Dollar General 13714,-81.123474,32.089718,2110 W Bay St,,Savannah,GA,31415,1511,CHATHAM
Eagle Market,-81.123962,32.090351,2120 W Bay St,,Savannah,GA,31415,1511,CHATHAM
DUBBERLY'S SEAFOOD,-81.131584,31.965015,214 Vernonburg Rd,,Savannah,GA,31419,3024,CHATHAM
Parkers 62,-81.230064,32.176643,2175 Benton Blvd,,Savannah,GA,31407,0434,CHATHAM
Aditi 9,-81.095894,32.054649,2200 Habersham St,,Savannah,GA,31401,9038,CHATHAM
Shyam Food Mart,-81.124359,32.089905,2201 W Bay St,,Savannah,GA,31415,1525,CHATHAM
Food Lion 2150,-81.074028,32.019077,2208 E de Renne Ave,,Savannah,GA,31406,2323,CHATHAM
Shady Food Mart,-81.106224,32.057224,2215 Martin Luther King Jr Blvd,,Savannah,GA,31415,8800,CHATHAM
Parkers 19,-81.091919,32.075668,222 Drayton St,,Savannah,GA,31401,4022,CHATHAM
Thunderbolt Convenience 001,-81.059593,32.037979,2301 E Victory Dr,,Savannah,GA,31404,3921,CHATHAM
Circle K 5346,-81.192467,32.115784,2404 Dean Forest Rd,,Savannah,GA,31408,9576,CHATHAM
Zacks Quick Stop,-81.122742,32.057274,2701 Ogeechee Rd,,Savannah,GA,31405,1651,CHATHAM
Shiv Discount Corner 2,-81.106491,32.052601,2801 Montgomery St,,Savannah,GA,31405,3205,CHATHAM
Gateway Sunoco,-81.286301,32.00676,3 Gateway Blvd W,,Savannah,GA,31419,7551,CHATHAM
Walgreens 21192,-81.095406,32.080086,300 W Broughton St,,Savannah,GA,31401,3216,CHATHAM
Dollar General 15520,-81.132103,32.055943,3005 Ogeechee Rd,,Savannah,GA,31405,1522,CHATHAM
CVS Pharmacy 5351,-81.114838,31.995626,301 E Montgomery Xrd,,Savannah,GA,31406,4955,CHATHAM
Eagle Market #1,-81.066345,32.037891,3014 Skidaway Rd,,Savannah,GA,31404,4443,CHATHAM
Diamond Foodmart,-81.103455,32.049953,3017 Bull St,,Savannah,GA,31405,2022,CHATHAM
Thunderbolt Marathon,-81.055702,32.035923,3023 E Victory Dr,,Savannah,GA,31404,3973,CHATHAM
Nouria 3024 East Victory Drive 475,-81.055573,32.03635,3024 E Victory Dr,,Savannah,GA,31404,3924,CHATHAM
Ebenezer Discount Grocery,-81.142647,32.101402,309 Main St,Ste B,Savannah,GA,31408,2213,CHATHAM
Parkers 25,-81.055069,32.035576,3105 E Victory Dr,,Savannah,GA,31404,4527,CHATHAM
Family Dollar 8738,-81.107483,32.05006,3107 Montgomery St,,Savannah,GA,31405,3211,CHATHAM
KROGER 418,-81.092628,32.065865,311 E Gwinnett St,,Savannah,GA,31401,5808,CHATHAM
Dollar General 15936,-81.067146,32.035736,3111 Skidaway Rd,,Savannah,GA,31404,4936,CHATHAM
DollarTree 466,-80.982895,32.014996,318 Johnny Mercer Blvd,,Savannah,GA,31410,2150,CHATHAM
Kroger 697,-81.113029,32.003716,318 Mall Blvd,Ste 100,Savannah,GA,31406,4758,CHATHAM
Nouria 3219 Skidaway Road 491,-81.066902,32.034966,3219 Skidaway Rd,,Savannah,GA,31404,4953,CHATHAM
Parkers 22,-81.099312,32.07505,325 Martin Luther King Jr Blvd,,Savannah,GA,31401,4249,CHATHAM
Shree Ganeshay 9 LLC,-81.112656,31.995546,329 Montgomery Xrd,,Savannah,GA,31406,4955,CHATHAM
Family Dollar 356,-81.137665,32.055134,3308 Ogeechee Rd,,Savannah,GA,31405,2902,CHATHAM
Red And White Food Store,-81.13652,32.054276,3310 Ogeechee Road,,Savannah,GA,31405,4212,CHATHAM
Shell Food Mart,-81.143753,32.053726,3618 Ogeechee Rd,,Savannah,GA,31405,1308,CHATHAM
7-11 MINIT STORE,-81.088287,32.040497,3700 Waters Ave,,Savannah,GA,31404,6209,CHATHAM
Ddp Food Mart Llc,-81.105804,32.044361,3701 Bull St,,Savannah,GA,31405,3345,CHATHAM
Ray's Butcher Shop,-81.109772,32.045967,3707 Montgomery St,,Savannah,GA,31405,3241,CHATHAM
Mike's Time Saver,-81.109718,32.045765,3713 Montgomery St,,Savannah,GA,31405,3241,CHATHAM
Marathon Station,-81.147346,32.052189,3717 Ogeechee Rd,,Savannah,GA,31405,1309,CHATHAM
Bmd Convenient Store,-81.15078,32.052135,3830 Ogeechee Rd,,Savannah,GA,31405,1312,CHATHAM
OGEECHEE CHEVRON,-81.152512,32.051826,3912 Ogeechee Rd,,Savannah,GA,31405,1323,CHATHAM
DollarTree 1152,-81.144852,32.094582,403 US Highway 80 W,Ste J,Savannah,GA,31408,,CHATHAM
Nouria 405 MLK Jr. Boulevard 335,-81.100075,32.073853,405 Mlk Jr Blvd,,Savannah,GA,31401,4831,CHATHAM
Dollar General 17036,-80.978409,32.016682,418 Johnny Mercer Blvd,,Savannah,GA,31410,2103,CHATHAM
Family Dollar 11865,-81.124138,31.998777,42 W Montgomery Xrd,,Savannah,GA,31406,,CHATHAM
Walgreens 11538,-81.148506,32.103729,4210 Augusta Rd,,Savannah,GA,31408,2106,CHATHAM
Parkers 39,-81.149277,32.103397,4219 Augusta Rd,,Savannah,GA,31408,2117,CHATHAM
Nouria 4230 Augusta Road 260,-81.149368,32.103901,4230 Augusta Rd,,Savannah,GA,31408,2124,CHATHAM
Dollar General 12313,-81.125618,31.998863,43 W Montgomery Xrds Spc,,Savannah,GA,31406,3412,CHATHAM
Family Dollar 1809,-81.150063,32.103992,4302 Augusta Rd,,Savannah,GA,31408,2002,CHATHAM
Mi Tierra Supermarket,-81.111382,32.040833,4305 Montgomery St,,Savannah,GA,31405,4022,CHATHAM
Circle K Stores Inc 1412,-81.165276,32.048382,4315 Ogeechee Rd,,Savannah,GA,31405,1203,CHATHAM
Nouria 4318 Ogeechee Road 255,-81.167015,32.048695,4318 Ogeechee Rd,,Savannah,GA,31405,1204,CHATHAM
The Hub,-81.110916,32.040325,4402 Montgomery St,,Savannah,GA,31405,4025,CHATHAM
Waters Market,-81.090263,32.035313,4402 Waters Ave,,Savannah,GA,31404,6216,CHATHAM
Quick Stop 109,-81.102921,32.037315,4407 Habersham St,,Savannah,GA,31405,4208,CHATHAM
Walgreens 19629,-81.103172,32.035332,4600 Habersham St,,Savannah,GA,31405,4213,CHATHAM
Family Dollar 8034,-81.07122,32.027466,4601 Skidaway Rd,Ste A,Savannah,GA,31404,5900,CHATHAM
Jones Red & White,-81.103233,32.035351,4607 Habersham St,,Savannah,GA,31405,4212,CHATHAM
Dollar General 12117,-81.177864,32.046062,4628 Ogeechee Rd,,Savannah,GA,31405,1210,CHATHAM
PUBLIX 521,-81.006645,32.041649,4717 US Highway 80 E Ste B,,Savannah,GA,31410,2944,CHATHAM
Walmart 606,-81.00338,32.042286,4725 US Highway 80 E,,Savannah,GA,31410,2921,CHATHAM
DollarTree 9282,-81.092743,32.030884,4731 Waters Ave,,Savannah,GA,31404,6219,CHATHAM
Quickmart,-81.095909,32.03046,4906 Paulsen St,,Savannah,GA,31405,4407,CHATHAM
KROGER 609,-80.976707,32.016201,495 Johnny Mercer Blvd,,Savannah,GA,31410,2123,CHATHAM
Adi Shakti Trading 01 Inc,-81.281662,32.002651,5 Gateway Blvd S,,Savannah,GA,31419,9700,CHATHAM
Waters Chevron Inc.,-81.092773,32.029282,5009 Waters Ave,,Savannah,GA,31404,6225,CHATHAM
Jai Dwarkadish Llc,-81.147781,32.094677,511 US Highway 80 W,Unit A,Savannah,GA,31408,3128,CHATHAM
Pa Latinos Supermarket,-81.166634,32.118641,5206 Augusta Rd,,Savannah,GA,31408,1606,CHATHAM
Circle K 7716,-80.964508,32.031876,528 E Highway 80,,Savannah,GA,31410,,CHATHAM
Parkers 35,-81.074692,32.019634,5300 Skidaway Rd,,Savannah,GA,31404,5934,CHATHAM
Pritam Bp,-81.168015,32.122124,5316 Augusta Rd,,Savannah,GA,31408,1618,CHATHAM
CVS Pharmacy 5520,-81.109138,32.027912,5401 Abercorn St,,Savannah,GA,31405,6901,CHATHAM
Akshar Foodmart,-81.066513,32.016598,5402 La Roche Ave,,Savannah,GA,31406,2352,CHATHAM
Enson Market,-81.109802,32.026783,5501 Abercorn St,,Savannah,GA,31405,6911,CHATHAM
Circle K 1869,-81.169861,32.126755,5520 Highway 21,,Savannah,GA,31408,,CHATHAM
The Fresh Market 065,-81.109863,32.024082,5525 Abercorn St,,Savannah,GA,31405,,CHATHAM
Warrens Seafood,-81.308037,32.017914,560 Fort Argyle Rd,,Savannah,GA,31419,9235,CHATHAM
The Spot,-81.218925,32.034691,5652 Ogeechee Rd,,Savannah,GA,31405,9500,CHATHAM
Pump N Go,-81.220276,32.030067,5663 Ogeechee Rd,,Savannah,GA,31405,9508,CHATHAM
CVS PHARMACY 6369,-81.221046,32.029808,5690 Ogeechee Rd,,Savannah,GA,31405,9500,CHATHAM
Walgreens 10635,-81.221664,32.028854,5701 Ogeechee Rd,,Savannah,GA,31405,9505,CHATHAM
KROGER 645,-81.225639,32.027138,5720 Ogeechee Rd,,Savannah,GA,31405,9503,CHATHAM
Parker's 78,-81.253395,31.998306,5906 Ogeechee Rd,,Savannah,GA,31419,9527,CHATHAM
DollarTree 809,-81.253899,31.997976,5911 Ogeechee Rd,,Savannah,GA,31419,8901,CHATHAM
Family Dollar 426,-81.10939,32.029163,60 E de Renne Ave,,Savannah,GA,31405,6712,CHATHAM
Walmart Supercenter 635,-81.256927,31.997808,6000 Ogeechee Rd,,Savannah,GA,31419,9544,CHATHAM
Murphy USA 7798,-81.257301,31.998291,6004 Ogeechee Rd.,,Savannah,GA,31419,,CHATHAM
La Guadalupana Grocery,-81.26049,31.996868,6009 Ogeechee Rd,,Savannah,GA,31419,8902,CHATHAM
OGEECHEE MEAT MARKET,-81.260788,31.996719,6011 Ogeechee Rd,,Savannah,GA,31419,8902,CHATHAM
Family Dollar 9019,-81.100739,32.070267,610 Martin Luther King Jr Blvd,,Savannah,GA,31401,5506,CHATHAM
Shivashrey Store Inc,-81.100899,32.069702,634 Martin Luther King Jr Blvd,,Savannah,GA,31401,5506,CHATHAM
Dollar General 20159,-81.100113,32.009151,6719 Waters Ave,,Savannah,GA,31406,2717,CHATHAM
Savannah Convenience Inc.,-81.101212,32.007015,6827 Waters Ave,,Savannah,GA,31406,2759,CHATHAM
KROGER 460,-81.097649,31.957258,7 Diamond Cswy,,Savannah,GA,31406,7416,CHATHAM
Walgreens 2171,-81.097443,32.025368,700 E Derenne Ave,,Savannah,GA,31405,6716,CHATHAM
Yash Food Mart,-81.108742,32.059296,701 W 37th St,,Savannah,GA,31415,8405,CHATHAM
Kwik Way Food,-81.149361,32.091805,702 US Highway 80 W,,Savannah,GA,31408,3112,CHATHAM
Family Dollar 315,-81.083794,32.072212,702 Wheaton St,,Savannah,GA,31401,5122,CHATHAM
3G,-81.084061,32.071648,703 Wheaton St,,Savannah,GA,31401,5121,CHATHAM
Viet Huong Oriental Market,-81.108932,32.00964,7044 Hodgson Memorial Dr,,Savannah,GA,31406,2529,CHATHAM
Al Madinneh Halal Meat & Grocery Market,-81.109024,32.009304,7064 Hodgson Memorial Dr,,Savannah,GA,31406,2529,CHATHAM
Okey Tropical Market,-81.109009,32.00935,7082 Hodgson Memorial Dr,,Savannah,GA,31406,2529,CHATHAM
CVS Pharmacy 4257,-81.100708,32.010246,712 Stephenson Ave,,Savannah,GA,31405,5975,CHATHAM
Chevron,-81.114693,32.010803,7203 Abercorn St,,Savannah,GA,31406,2407,CHATHAM
DollarTree 8166,-81.073845,31.98695,7360 Skidaway Rd,,Savannah,GA,31406,4533,CHATHAM
Sunoco Food Mart,-81.074646,31.985933,7361 Skidaway Rd,,Savannah,GA,31406,4280,CHATHAM
Nouria 7406 Waters Avenue 600,-81.101242,32.004055,7406 Waters Ave,,Savannah,GA,31406,3805,CHATHAM
Ms & Mh Enterprise Llc,-81.061592,32.057926,750 Pennsylvania Ave,,Savannah,GA,31404,1857,CHATHAM
DollarTree 372,-81.119087,32.004784,7805 Abercorn St Ext,,Savannah,GA,31406,,CHATHAM
Katyan 1,-81.104218,31.998827,8001 Waters Ave,,Savannah,GA,31406,4927,CHATHAM
Dollar General 25535,-81.124352,32.002308,8108 Abercorn St,,Savannah,GA,31406,3476,CHATHAM
Papa Murphy's Pizza GA009,-81.096077,32.025543,830 E Derenne Ave,,Savannah,GA,31405,6717,CHATHAM
Om Foodmart,-81.121811,31.998592,8408 White Bluff Rd,,Savannah,GA,31406,3411,CHATHAM
Hunter AAF Commissary 325,-81.123657,32.025406,89 Haley Ave,,Savannah,GA,31409,5007,CHATHAM
GX Gas Express Market,-81.123711,31.996307,8900 White Bluff Rd,,Savannah,GA,31406,4604,CHATHAM
FOOD LION 1181,-81.124748,31.996008,8914 White Bluff Rd,,Savannah,GA,31406,4604,CHATHAM
Jasmine Foodmart,-81.123306,31.996733,9602 White Bluff Rd,,Savannah,GA,31406,4656,CHATHAM
Nouria 9801 Ferguson Avenue 1353,-81.097672,31.959707,9801 Ferguson Ave,,Savannah,GA,31406,8514,CHATHAM
Publix 1489,-81.04982,31.940884,6 Westridge Rd,,Skidaway,GA,31411,2952,CHATHAM
Cuevas Mexican Store,-80.855042,32.019829,1105 Hwy 80,Ste E,Tybee Island,GA,31328,9771,CHATHAM
Tybee Market,-80.847221,31.998755,1111 Butler Ave,,Tybee Island,GA,31328,9754,CHATHAM
Nouria 1264 Highway 80 East 828,-80.859467,32.019688,1264 Hwy 80,,Tybee Island,GA,31328,9772,CHATHAM
Chu's 102,-80.849892,31.992247,1603 Inlet Ave,,Tybee Island,GA,31328,9653,CHATHAM
Chu's 101,-80.842896,32.012527,304 1st St,,Tybee Island,GA,31328,8753,CHATHAM
Chu's Convenience Mart 121,-80.848083,32.016182,725 1st Street,,Tybee Island,GA,31328,,CHATHAM
Cusseta Travel Center 84,-84.790512,32.306225,159 Ga Hwy 520,,Cusseta,GA,31805,,CHATTAHOOCHEE
DOLLAR GENERAL 8353,-84.784309,32.302025,175 Highway 520,,Cusseta,GA,31805,0147,CHATTAHOOCHEE
Borderline Quick Stop,-85.44632,34.345589,10895 Highway 114,,Lyerly,GA,30730,5007,CHATTOOGA
Lyerly Food Mart,-85.406212,34.404892,6138 Highway 114,,Lyerly,GA,30730,3048,CHATTOOGA
Dollar General 13562,-85.406815,34.404316,6190 Highway 114,,Lyerly,GA,30730,3049,CHATTOOGA
Bj's Food Mart #4 1,-85.406937,34.40369,6230 Highway 114,,Lyerly,GA,30730,3049,CHATTOOGA
Dollar General 31451,-85.511353,34.527599,12347 Highway 48,,Menlo,GA,30731,6241,CHATTOOGA
Lucky's Supermarket,-85.474777,34.482964,7880 Highway 48,,Menlo,GA,30731,6337,CHATTOOGA
Dollar General 9740,-85.478729,34.483929,8077 Highway 48,,Menlo,GA,30731,6445,CHATTOOGA
Family Dollar 178,-85.346786,34.482445,10205 Commerce St,,Summerville,GA,30747,1416,CHATTOOGA
DOLLAR GENERAL 2001,-85.34314,34.48761,10551 Commerce St,,Summerville,GA,30747,1488,CHATTOOGA
Circle K 2723658,-85.34034,34.4921,10935 Commerce St,,Summerville,GA,30747,1478,CHATTOOGA
DollarTree 4562,-85.33654,34.493805,11190 Highway 27,,Summerville,GA,30747,2032,CHATTOOGA
Grocery Outlet 40,-85.332375,34.498638,11610 Highway 27,,Summerville,GA,30747,5873,CHATTOOGA
Corner Store,-85.324501,34.509239,12449 Highway 27,,Summerville,GA,30747,5896,CHATTOOGA
DOLLAR GENERAL 10130,-85.352425,34.473633,356 Highway 114,,Summerville,GA,30747,1552,CHATTOOGA
Circle K 2723521,-85.359665,34.467308,406 Lyerly St,,Summerville,GA,30747,,CHATTOOGA
INGLES MARKETS 416,-85.353661,34.471493,416 Highway 114,,Summerville,GA,30747,1590,CHATTOOGA
Gore Food Mart,-85.268402,34.465984,4326 Highway 27,,Summerville,GA,30747,6710,CHATTOOGA
Dollar General 18333,-85.268608,34.466408,49 Gore Subligna Rd,,Summerville,GA,30747,6608,CHATTOOGA
Esther Manor Farmers' Market NAFMNP,-85.342171,34.482327,50 Eleanor Ave,,Summerville,GA,30747,1898,CHATTOOGA
Wright's Meat Processing Inc.,-85.213013,34.529877,5677 Gore Subligna Rd,,Summerville,GA,30747,6626,CHATTOOGA
Subligna Food Mart,-85.188004,34.559856,8140 Gore Subligna Rd,,Summerville,GA,30747,6637,CHATTOOGA
Wildlife Quick Stop,-85.333405,34.46587,8647 Highway 27,,Summerville,GA,30747,6011,CHATTOOGA
George's Kwik Service,-85.33844,34.492138,959 Highland Ave,,Summerville,GA,30747,1928,CHATTOOGA
CVS Pharmacy 4582,-85.349289,34.477184,9849 Rome Blvd,,Summerville,GA,30747,1585,CHATTOOGA
B&b Market,-85.292923,34.567497,11 Ridgeway Dr,,Trion,GA,30753,5001,CHATTOOGA
Bulldog Food Mart,-85.328796,34.53944,1135 Trion Teloga Rd,,Trion,GA,30753,1365,CHATTOOGA
Murphy USA 7816,-85.314125,34.520458,13425 Highway 27,,Trion,GA,30753,1549,CHATTOOGA
Walmart S/C 756,-85.313431,34.521152,13427 Highway 27,,Trion,GA,30753,1549,CHATTOOGA
Gb & T Food Mart,-85.310219,34.523922,13746 Highway 27,,Trion,GA,30753,1534,CHATTOOGA
DOLLAR GENERAL 2521,-85.306885,34.53212,14368 Old Highway 27,,Trion,GA,30753,,CHATTOOGA
Benny's 2,-85.294167,34.547329,15582 Highway 27,,Trion,GA,30753,5100,CHATTOOGA
Dollar General 17119,-85.239746,34.629951,21 Highway 151 Spur,,Trion,GA,30753,1949,CHATTOOGA
Mountain View Grocery,-85.281166,34.549999,925 Mountain View Rd,,Trion,GA,30753,5267,CHATTOOGA
Supermercado La Villa,-84.586853,34.088425,6158 HWY 92,,ACWORTH,GA,30102,,CHEROKEE
Race Trac 538,-84.655083,34.082661,1135 Highway 92,,Acworth,GA,30102,2085,CHEROKEE
QuikTrip 1777,-84.654465,34.082485,1138 Highway 92,,Acworth,GA,30102,2032,CHEROKEE
Circle M Food Shop 60,-84.655136,34.083847,1265 Highway 92,,Acworth,GA,30102,2088,CHEROKEE
MAPCO Express Inc. 3509,-84.586235,34.120041,1430 Kellogg Creek Rd,,Acworth,GA,30102,1405,CHEROKEE
Laxami Mai,-84.642372,34.096447,2385 Highway 92,Old,Acworth,GA,30102,1506,CHEROKEE
CVS Pharmacy 2105,-84.614197,34.092178,4595 Highway 92,,Acworth,GA,30102,2233,CHEROKEE
Holiday Food Mart Inc,-84.612556,34.091076,4620 Highway 92,,Acworth,GA,30102,2234,CHEROKEE
Circle K #148,-84.628975,34.098251,550 Cherokee Pkwy,,Acworth,GA,30102,,CHEROKEE
Food Depot 39,-84.574265,34.085861,5530 Bells Ferry Rd,A,Acworth,GA,30102,,CHEROKEE
Chevron Extra Mile 001,-84.581932,34.096638,5900 Bells Ferry Rd,,Acworth,GA,30102,1411,CHEROKEE
6045 Hwy 92 Llc,-84.588707,34.088478,6045 Highway 92,,Acworth,GA,30102,2300,CHEROKEE
QUIKTRIP 793,-84.583565,34.08847,6090 Highway 92,,Acworth,GA,30102,2312,CHEROKEE
KROGER 291,-84.58548,34.090244,6199 Highway 92,Ste 176,Acworth,GA,30102,2346,CHEROKEE
La Villa Panaderia,-84.580383,34.089123,6501 Highway 92,Ste 100,Acworth,GA,30102,2999,CHEROKEE
Collins Corner,-84.585419,34.105499,6646 Allatoona Gateway,,Acworth,GA,30102,,CHEROKEE
Dollar General 6256,-84.37796,34.353897,10150 BALL GROUND HWY,,BALL GROUND,GA,30107,,CHEROKEE
Ball Ground Chevron,-84.381828,34.340805,3005 Canton Hwy,,Ball Ground,GA,30107,2569,CHEROKEE
Wilkes Meat Market Of Ball Ground,-84.386391,34.331207,8302 Ball Ground Hwy,,Ball Ground,GA,30107,3963,CHEROKEE
PUBLIX 1248,-84.503189,34.271187,15 LAUREL CANYON VILLAGE CIRCLE,SUITE 118,CANTON,GA,30114,,CHEROKEE
Walgreens 9981,-84.509155,34.190907,101 Prominence Point Pkwy,,Canton,GA,30114,9009,CHEROKEE
Riverstone Food Mart,-84.493477,34.243675,101 Riverstone Pkwy,,Canton,GA,30114,2449,CHEROKEE
INGLES MARKETS 96,-84.491158,34.243862,104 Riverstone Pkwy,,Canton,GA,30114,2448,CHEROKEE
19th Hole Chevron,-84.538589,34.191837,10490 Bells Ferry Rd,,Canton,GA,30114,9581,CHEROKEE
Dollar General 23135,-84.524178,34.20575,105 Providence Walk Dr,,Canton,GA,30114,8565,CHEROKEE
Western Way Station,-84.471191,34.221153,111 Mountain Vista Blvd,Unit B,Canton,GA,30115,,CHEROKEE
DOLLAR GENERAL 6740,-84.306671,34.248035,11351 Cumming Hwy,,Canton,GA,30115,8113,CHEROKEE
WALGREEN'S 07340,-84.494514,34.243923,120 Marietta Hwy,,Canton,GA,30114,2303,CHEROKEE
PUBLIX 1064,-84.511375,34.191978,120 Prominence Point Pkwy,,Canton,GA,30114,9008,CHEROKEE
PUBLIX 0042,-84.291054,34.238914,12424 Cumming Hwy,,Canton,GA,30115,7778,CHEROKEE
CVS Pharmacy 7273,-84.494438,34.243046,129 Marietta Hwy,,Canton,GA,30114,2304,CHEROKEE
PUBLIX 624,-84.476974,34.252243,1451 Riverstone Pkwy,,Canton,GA,30114,5624,CHEROKEE
Race Trac 543,-84.470978,34.252804,1465 Riverstone Pkwy,,Canton,GA,30114,5612,CHEROKEE
Teddy's Market Canton,-84.509697,34.189533,149 Prominence Point Pkwy,,Canton,GA,30114,9009,CHEROKEE
QuikTrip 1714,-84.470169,34.252525,1490 Riverstone Pkwy,,Canton,GA,30114,5605,CHEROKEE
DollarTree 6727,-84.509636,34.188915,151 Prominence Point Pkwy,,Canton,GA,30114,,CHEROKEE
Walmart 518,-84.461296,34.255424,1550 Riverstone Pkwy,,Canton,GA,30114,2889,CHEROKEE
Murphy Express 8801,-84.469498,34.252739,1556 Riverstone Pkwy,,Canton,GA,30114,2818,CHEROKEE
Welcome Foods,-84.50219,34.223686,1666 Marietta Hwy,,Canton,GA,30114,3633,CHEROKEE
Costa De Jalisco- Canton,-84.504921,34.223343,1750 Marietta Hwy,Ste 140,Canton,GA,30114,3994,CHEROKEE
DOLLAR GENERAL 1280,-84.504921,34.223343,1750 Marietta Hwy,Ste 170,Canton,GA,30114,8388,CHEROKEE
Sunrise Market 101,-84.506676,34.203087,180 Butterworth Rd,,Canton,GA,30114,8358,CHEROKEE
Tienda y Carniceria Mi Pueblo,-84.489395,34.244164,180 Riverstone Pkwy,Ste 120,Canton,GA,30114,6404,CHEROKEE
Dollar General 23645,-84.459885,34.236061,1810 Cumming Highway,,Canton,GA,30114,,CHEROKEE
Dollar General 6891,-84.464859,34.220459,1883 Hickory Flat Hwy,,Canton,GA,30115,1304,CHEROKEE
RaceTrac 2331,-84.457924,34.23748,2017 Cumming Blvd,,Canton,GA,30114,,CHEROKEE
Target Store 2476,-84.457176,34.234177,2022 Cumming Hwy,,Canton,GA,30114,8071,CHEROKEE
Pj's Hop-In,-84.504341,34.180641,2240 Holly Springs Pkwy,,Canton,GA,30115,9079,CHEROKEE
DollarTree 4553,-84.454056,34.238979,2243 Cumming Hwy,Ste 104,Canton,GA,30115,,CHEROKEE
Clayton Food Store,-84.487518,34.330357,3421 Land Rd,,Canton,GA,30114,4715,CHEROKEE
Shell Food Mart,-84.508827,34.198875,3550 Marietta Hwy,Ste A,Canton,GA,30114,8307,CHEROKEE
Chevron At Canton,-84.491203,34.228893,370 Marietta Rd,,Canton,GA,30114,3723,CHEROKEE
Publix 0694,-84.54985,34.178066,3760 Sixes Rd,Ste 110,Canton,GA,30114,,CHEROKEE
CVS Pharmacy 2470,-84.550461,34.178619,3785 Sixes Rd,,Canton,GA,30114,7809,CHEROKEE
KROGER 402,-84.507629,34.19313,4045 Marietta Hwy,,Canton,GA,30114,8317,CHEROKEE
Knox Bridge Foods,-84.591988,34.209564,4230 Knox Bridge Hwy,,Canton,GA,30114,6526,CHEROKEE
TIENDA Y CARNICERIA RAMIREZ,-84.493393,34.227783,551 Marietta Rd,,Canton,GA,30114,3728,CHEROKEE
ALDI 45,-84.485878,34.2458,553 Riverstone Pkwy,,Canton,GA,30114,5222,CHEROKEE
DollarTree 763,-84.485596,34.245842,555 Riverstone Pkwy,,Canton,GA,30114,5222,CHEROKEE
Union Hill Valero,-84.377472,34.197624,5963 Union Hill Rd,,Canton,GA,30115,6802,CHEROKEE
WALGREEN 7396,-84.420952,34.176895,6111 Hickory Flat Hwy,,Canton,GA,30115,7253,CHEROKEE
CVS Pharmacy 7888,-84.420044,34.176495,6120 Hickory Flat Hwy,,Canton,GA,30115,7252,CHEROKEE
Publix 711,-84.417633,34.175507,6175 Hickory Flat Hwy,Ste 140,Canton,GA,30115,7210,CHEROKEE
Kroger 680,-84.416611,34.17144,6766 Hickory Flat Hwy,,Canton,GA,30115,9224,CHEROKEE
Macedonia Food Store Inc,-84.379372,34.248123,6929 Cumming Hwy,,Canton,GA,30115,2963,CHEROKEE
Racetrac 2582 2582,-84.360687,34.253433,7984 Cumming Hwy,,Canton,GA,30115,3029,CHEROKEE
KROGER 408,-84.358147,34.252625,8020 Cumming Hwy,,Canton,GA,30115,9337,CHEROKEE
Kwik Serv #18,-84.359787,34.254749,8023 Cumming Hwy,,Canton,GA,30115,9380,CHEROKEE
Tienda La Encantada,-84.49485,34.254017,863 Waleska Rd,Ste A,Canton,GA,30114,2220,CHEROKEE
Race Trac 75,-84.507507,34.220741,9664 Knox Bridge Hwy,,Canton,GA,30114,3991,CHEROKEE
Walmart Supercenter 5814,-84.503922,34.181496,2200 Holly Springs Pkwy,,Holly Springs,GA,30115,9079,CHEROKEE
QUIKTRIP 781,-84.510857,34.143848,4865 Holly Springs Pkwy,,Holly Springs,GA,30188,,CHEROKEE
Racetrac 2502,-84.519379,34.149605,901 Sixes Rd,,Holly Springs,GA,30114,,CHEROKEE
KROGER 463,-84.555717,34.112034,2295 TOWNE LAKE PKWY,,WOODSTOCK,GA,30189,,CHEROKEE
Waleska Super Thrift,-84.549889,34.314575,6839 Reinhardt College Pkwy,,Waleska,GA,30183,3279,CHEROKEE
Dollar General 10225,-84.549545,34.315006,6882 Reinhardt College Pkwy,,Waleska,GA,30183,3266,CHEROKEE
Mt Olive Crossing LLC,-84.635658,34.219803,298 Mount Olive Church Ln NE,,White,GA,30184,3203,CHEROKEE
Ramirez Mini Market,-84.522362,34.075596,10350 Main St,Ste 120,Woodstock,GA,30188,3984,CHEROKEE
BJ's Membership Club 146,-84.541992,34.081493,105 Long Dr,,Woodstock,GA,30189,3766,CHEROKEE
La Villita Bonita Llc,-84.516602,34.100914,106 Arnold Mill Rd,Ste B,Woodstock,GA,30188,5018,CHEROKEE
Costco Wholesale 1295,-84.516083,34.119888,113 Lincoln St,,Woodstock,GA,30188,7800,CHEROKEE
KROGER 419,-84.486,34.086575,12050 Highway 92,Ste 112,Woodstock,GA,30188,4287,CHEROKEE
Walgreens 17077,-84.485153,34.088764,12075 Highway 92,,Woodstock,GA,30188,4499,CHEROKEE
Flash Foods LLC 2745095,-84.48391,34.087788,12155 Highway 92,,Woodstock,GA,30188,4298,CHEROKEE
PUBLIX 636,-84.483498,34.088169,12165 Highway 92,,Woodstock,GA,30188,4298,CHEROKEE
Walmart S/C 575,-84.479286,34.087143,12182 Highway 92,,Woodstock,GA,30188,4481,CHEROKEE
DollarTree 484,-84.479195,34.08709,12184 Highway 92,Ste 100,Woodstock,GA,30188,5400,CHEROKEE
Trefoil Gardens,-84.551598,34.093246,122 Bascomb Dr,,Woodstock,GA,30189,3542,CHEROKEE
TARGET STORE T-1780,-84.54657,34.0853,140 Woodstock Square Ave,,Woodstock,GA,30189,6500,CHEROKEE
Sprouts Farmers Market 523,-84.540245,34.104404,1430 Towne Lake Pkwy,,Woodstock,GA,30189,1581,CHEROKEE
QUIKTRIP 779,-84.542351,34.105247,1470 Towne Lake Pkwy,,Woodstock,GA,30189,7070,CHEROKEE
Race Trac 147,-84.498711,34.085171,155 Hames Rd,,Woodstock,GA,30188,4304,CHEROKEE
CVS PHARMACY 2236,-84.544685,34.106106,1600 Town Lake Parkway,,Woodstock,GA,30189,,CHEROKEE
ALDI 74069 74069,-84.469933,34.08839,200 W Village Dr,,Woodstock,GA,30188,5132,CHEROKEE
ALDI 76042,-84.567154,34.113213,2014 Eagle Drive,,Woodstock,GA,30189,,CHEROKEE
Arnoldmill Chevron,-84.508484,34.101364,238 Arnold Mill Rd,,Woodstock,GA,30188,5543,CHEROKEE
Sunoco Food Mart,-84.504547,34.103462,256 Arnold Mill Rd,,Woodstock,GA,30188,4197,CHEROKEE
PUBLIX 463,-84.571136,34.126766,4403 Towne Lake Pkwy,,Woodstock,GA,30189,8132,CHEROKEE
RaceTrac 2388,-84.521225,34.135704,443 Rope Mill Rd,,Woodstock,GA,30188,,CHEROKEE
Woodstock Chevron,-84.585091,34.128292,5195 Towne Lake Pkwy,,Woodstock,GA,30189,8179,CHEROKEE
KROGER STORE 430,-84.50502,34.140495,5339 Old Highway 5,,Woodstock,GA,30188,2431,CHEROKEE
Publix 880,-84.498001,34.134163,6236 Holly Spring Pkwy,,Woodstock,GA,30188,2426,CHEROKEE
DollarTree 7390,-84.497787,34.130272,6238 Old Highway 5,Ste C1,Woodstock,GA,30188,7811,CHEROKEE
Bells Ferry Valero,-84.581161,34.111629,6410 Bells Ferry Rd,,Woodstock,GA,30189,8175,CHEROKEE
Lidl 1415,-84.581795,34.11124,6421 Bells Ferry Rd,,Woodstock,GA,30189,2317,CHEROKEE
DollarTree 1309,-84.580795,34.113457,6424 Bells Ferry Rd,Ste 130,Woodstock,GA,30189,8269,CHEROKEE
Walmart Supercenter 5275,-84.582642,34.114281,6435 Bells Ferry Rd,,Woodstock,GA,30189,2317,CHEROKEE
Townlake Texaco,-84.586388,34.121521,6511 Bells Ferry Rd,,Woodstock,GA,30189,5552,CHEROKEE
Dollar General 22718,-84.587433,34.139816,6719 Bells Ferry Rd,Ste 100,Woodstock,GA,30189,1410,CHEROKEE
Welcome Foodmart,-84.590065,34.147163,6742 Bells Ferry Rd,,Woodstock,GA,30189,1411,CHEROKEE
Race Trac 80,-84.554405,34.084591,7944 Highway 92,,Woodstock,GA,30189,5232,CHEROKEE
Chevron Food Mart,-84.532738,34.101818,875 Towne Lake Pkwy,,Woodstock,GA,30189,1570,CHEROKEE
H&m Food Mart,-84.53801,34.084812,9068 Highway 92,,Woodstock,GA,30189,3649,CHEROKEE
DollarTree 7680,-84.39399,34.141445,9105 Hickory Flat Hwy,,Woodstock,GA,30188,5683,CHEROKEE
Mainstreet Chevron,-84.520264,34.093449,9114 Main St,,Woodstock,GA,30188,3721,CHEROKEE
Supermarket Las Pinitas LLC,-84.393051,34.137264,9411 Hickory Flat Hwy,,Woodstock,GA,30188,5698,CHEROKEE
Sam's Club 8158,-84.519524,34.088058,9464 Main St,,Woodstock,GA,30188,3715,CHEROKEE
Walgreens 9749,-84.535431,34.102131,950 Towne Lake Pkwy,,Woodstock,GA,30189,1601,CHEROKEE
9595 Mainstreet Llc,-84.518799,34.086292,9595 Main St,,Woodstock,GA,30188,3730,CHEROKEE
DOLLAR GENERAL 8073,-84.519325,34.084351,9740 Main St,Ste 150,Woodstock,GA,30188,3940,CHEROKEE
DollarTree 9751,-84.520439,34.084202,9740 Main St,Ste 170 - 194,Woodstock,GA,30188,3900,CHEROKEE
Mi Favorita,-84.519325,34.084179,9740 Main St,Ste 294,Woodstock,GA,30188,3966,CHEROKEE
QUIKTRIP 801,-84.527481,34.086327,9765 Highway 92,,Woodstock,GA,30188,3842,CHEROKEE
KROGER 435,-83.447128,33.914639,1720 EPPS BRIDGE RD,,ATHENS,GA,30606,,CLARKE
KROGER ST0RE 428,-83.409142,33.946648,191 ALPS RD,,ATHENS,GA,30606,,CLARKE
PUBLIX 451,-83.456184,33.939217,3620 ATLANTA HIGHWAY,,ATHENS,GA,30606,,CLARKE
Prince Market,-83.381248,33.960438,100 Prince Avenue,Suite 205,Athens,GA,30601,,CLARKE
Murphy USA 6788,-83.443192,33.919506,1031 Jordan Dr,,Athens,GA,30606,6162,CLARKE
Magic Smoke Groceries & Lotto,-83.394508,33.947292,1041 Baxter St,,Athens,GA,30606,3707,CLARKE
Aldi 76003,-83.337059,33.926609,1055 Gaines School Rd,Ste 104,Athens,GA,30605,3164,CLARKE
Orient Mart,-83.337051,33.926601,1055 Gaines School Rd,Ste 108,Athens,GA,30605,3164,CLARKE
Los Amigos Supermercado Llc,-83.391678,33.97319,109 Rowe Rd,,Athens,GA,30601,1851,CLARKE
On The Way,-83.402184,33.945812,1097 Baxter St,,Athens,GA,30606,6397,CLARKE
Walgreens 7134,-83.409813,33.950829,110 Hawthorne Ave,,Athens,GA,30606,2814,CLARKE
Lara Food Mart,-83.324661,33.997921,1112 Hull Rd,,Athens,GA,30601,3902,CLARKE
DOLLAR GENERAL 14048,-83.391106,33.954193,1125 W Broad St,,Athens,GA,30606,3049,CLARKE
Ila Food & Fuel Llc,-83.329613,34.026031,115 Ila Rd,,Athens,GA,30601,4050,CLARKE
Quick Pantry,-83.371246,33.966759,115 North Ave,,Athens,GA,30601,2241,CLARKE
1190 Food Mart,-83.377251,33.979729,1190 Commerce Rd,,Athens,GA,30607,1164,CLARKE
Daily Groceries,-83.397202,33.962639,1190 Prince Ave,,Athens,GA,30606,2769,CLARKE
Harry's 34,-83.334602,33.926041,1195 Cedar Shoals Dr,,Athens,GA,30605,5288,CLARKE
Golden Pantry Food Stores Inc. 1001,-83.386528,33.939075,1205 S Milledge Ave,,Athens,GA,30605,1445,CLARKE
Dollar General 3547,-83.333885,33.925545,1225 Cedar Shoals Dr,,Athens,GA,30605,3509,CLARKE
QuikTrip 819,-83.444092,33.914597,1240 Oconee Connector,,Athens,GA,30606,,CLARKE
Dollar General Store 17447,-83.493942,34.012959,125 Hwy 330,,Athens,GA,30607,,CLARKE
Golden Pantry Food Stores 1005,-83.429428,33.965435,125 Tallassee Rd,,Athens,GA,30606,1609,CLARKE
Golden Pantry Food Stores 1066,-83.388382,33.95528,126 N Milledge Ave,,Athens,GA,30601,3802,CLARKE
DollarTree 10245,-83.347244,33.922058,1265 College Station Rd,,Athens,GA,30605,3615,CLARKE
Target Store T3362,-83.37635,33.957516,127 E Broad St,,Athens,GA,30601,2801,CLARKE
Quick Pantry,-83.326782,34.012005,1285 Highway 29 N,,Athens,GA,30601,1127,CLARKE
Racetrac 2564,-83.357903,33.948009,1321 Oconee St,,Athens,GA,30605,1841,CLARKE
J C FOOD STORE,-83.394577,33.955627,1323 W Hancock Ave,,Athens,GA,30606,2911,CLARKE
Circle K 2723316,-83.383301,33.942886,1333 S Lumpkin St,,Athens,GA,30605,1345,CLARKE
Los Compadres,-83.40097,33.96394,1380 Prince Ave,,Athens,GA,30606,2734,CLARKE
Costa De Jalisco 2,-83.383888,33.96162,140 Barber St,,Athens,GA,30601,2303,CLARKE
Fast Trac,-83.401642,33.964195,1428 Prince Ave,Ste A,Athens,GA,30606,2210,CLARKE
Fast Fare,-83.324211,33.937054,145 Gaines School Rd,,Athens,GA,30605,3117,CLARKE
Sams Foodmart # 1,-83.402267,33.964542,1452 Prince Ave,Ste B,Athens,GA,30606,2200,CLARKE
Flowers Bakery Outlet 143,-83.394394,33.976639,1455 N Chase St,,Athens,GA,30601,1849,CLARKE
Quick Pantry,-83.354012,33.994972,1480 Danielsville Rd,,Athens,GA,30601,1310,CLARKE
Prime Grocery Food & Vape,-83.355103,33.95631,155 Nellie B Ave,,Athens,GA,30601,3371,CLARKE
JP Lexington Rd 289,-83.351578,33.946072,1590 Lexington Rd,,Athens,GA,30605,2326,CLARKE
Magic Convenience Store,-83.397858,33.952312,1625 W Broad St,,Athens,GA,30606,3549,CLARKE
Earth Fare 300,-83.387024,33.937618,1689 S Lumpkin St,,Athens,GA,30606,4742,CLARKE
CVS Pharmacy 10865,-83.377991,33.957088,170 W Broad St,,Athens,GA,30601,,CLARKE
Athens Food Mart,-83.348068,33.946743,1735 Lexington Rd,,Athens,GA,30605,2329,CLARKE
Highway Food Mart,-83.321014,34.021126,1745 Highway 29 N,,Athens,GA,30601,1137,CLARKE
Commerce Rd Shell,-83.379761,33.994942,1790 Commerce Rd,,Athens,GA,30607,1018,CLARKE
DollarTree 11043,-83.454544,33.916317,1791 Oconee Connector,Suite 340,Athens,GA,30606,,CLARKE
Walgreens 17805,-83.339851,33.925781,1850 Barnett Shoals Rd,,Athens,GA,30605,3011,CLARKE
PUBLIX 1146,-83.340538,33.925125,1860 Barnett Shoals Rd,,Athens,GA,30605,6811,CLARKE
Supermercado La Pasadita,-83.319839,34.020866,1880 Highway 29 N,,Athens,GA,30601,6332,CLARKE
Walmart S/C 1400,-83.442749,33.918457,1911 Epps Bridge Pkwy,,Athens,GA,30606,6130,CLARKE
The Fresh Market 155,-83.409264,33.947014,196 Alps Rd,Ste 50,Athens,GA,30606,4068,CLARKE
1960 Foodmart,-83.343964,33.944359,1960 Lexington Rd,,Athens,GA,30605,2334,CLARKE
Fooks Foods,-83.378548,33.92387,2026 S Milledge Ave,Ste C6,Athens,GA,30605,6479,CLARKE
Chevron Food Mart,-83.378517,33.923367,2030 S Milledge Ave,,Athens,GA,30605,1608,CLARKE
Kroger 665,-83.340836,33.923035,2040 Barnett Shoals Rd,,Athens,GA,30605,3602,CLARKE
Nima Food Mart,-83.4105,33.951214,205 Hawthorne Ave,,Athens,GA,30606,2815,CLARKE
Dollar General 15295,-83.34037,33.944782,2194 Lexington Rd,,Athens,GA,30605,2338,CLARKE
Handy Pantry,-83.342033,33.920643,2275 Barnett Shoals Rd,,Athens,GA,30605,3605,CLARKE
Barnett Shoals Food & Gas,-83.342033,33.920036,2285 Barnett Shoals Rd,,Athens,GA,30605,3605,CLARKE
Golden Pantry Food Stores 1002,-83.342331,33.920216,2290 Barnett Shoals Rd,,Athens,GA,30605,3606,CLARKE
Freedom City Gardens NAFMNP,-83.368332,33.976242,235 Northside Dr,,Athens,GA,30601,2125,CLARKE
Golden Pantry Food Stores 1023,-83.414497,33.949051,2350 W Broad St,,Athens,GA,30606,3418,CLARKE
Dollar General Market 13517,-83.415283,33.972626,2411 Jefferson Rd,,Athens,GA,30607,1202,CLARKE
2545 Food Mart,-83.42495,33.946007,2545 Atlanta Hwy,,Athens,GA,30606,6919,CLARKE
Race Trac 643,-83.427147,33.945522,2625 Atlanta Hwy,,Athens,GA,30606,3342,CLARKE
Circle K 2723346,-83.347366,33.981903,290 Highway 29 N,,Athens,GA,30601,5500,CLARKE
Target Store 1453,-83.441353,33.94165,3065 Atlanta Hwy,,Athens,GA,30606,3334,CLARKE
Walmart Neighborhood Market 5267,-83.443253,33.942554,3130 Atlanta Hwy,,Athens,GA,30606,6977,CLARKE
BULLDOG CORNER,-83.381325,33.950737,320 Baxter St,,Athens,GA,30605,1102,CLARKE
QuikTrip 1728,-83.323143,33.938713,3360 Lexington Rd,,Athens,GA,30605,2449,CLARKE
ALDI 76018,-83.452049,33.939976,3400 Atlanta Hwy,,Athens,GA,30606,3396,CLARKE
Jp Jefferson Road 215,-83.420425,33.98624,3465 Jefferson Rd,,Athens,GA,30607,1431,CLARKE
Chevron Food Mart,-83.454094,33.938831,3495 Atlanta Hwy,Ste A,Athens,GA,30606,3327,CLARKE
DollarTree 20,-83.455307,33.936848,3565 Atlanta Hwy,,Athens,GA,30606,3152,CLARKE
CVS PHARMACY 3874,-83.45517,33.939041,3595 Atlanta Hwy,,Athens,GA,30606,3152,CLARKE
QuikTrip 1726,-83.459648,33.939796,3668 Atlanta Hwy,,Athens,GA,30606,3149,CLARKE
La Jalisco of Athens,-83.422073,33.987839,3750 Jefferson Rd,,Athens,GA,30607,1479,CLARKE
Family Dollar 11739,-83.422813,33.988258,3870 Jefferson Rd,Old,Athens,GA,30607,1440,CLARKE
Dollar General 25811,-83.365105,33.975586,395 North Ave,,Athens,GA,30601,2245,CLARKE
Tienda Mexicana El Bajio 1,-83.381104,33.994457,395 Old Commerce Rd,Ste D,Athens,GA,30607,7000,CLARKE
Texaco,-83.476364,33.940891,4020 Atlanta Hwy,,Athens,GA,30606,0838,CLARKE
CVS Pharmacy 4555,-83.323318,33.936794,4044 Lexington Rd,,Athens,GA,30605,2528,CLARKE
Family Dollar 3055,-83.321152,33.937954,4060 Lexington Rd,,Athens,GA,30605,2528,CLARKE
Golden Pantry Food Stores 1020,-83.429855,33.989613,4099 Jefferson Rd,,Athens,GA,30607,1458,CLARKE
Golden Pantry Food Stores 1097,-83.384506,33.960617,424 Prince Ave,,Athens,GA,30601,2449,CLARKE
Savita Enterprise LLC,-83.486153,33.940662,4360 Atlanta Hwy,,Athens,GA,30606,0807,CLARKE
Sam's Club 8194,-83.486572,33.93819,4365 Atlanta Hwy,,Athens,GA,30606,0808,CLARKE
Walmart Supercenter 2811,-83.311653,33.933025,4375 Lexington Rd,,Athens,GA,30605,2525,CLARKE
Harry's 35,-83.311218,33.932495,4390 Lexington Rd,,Athens,GA,30605,2561,CLARKE
Murphy Express 8577,-83.310448,33.931969,4400 Lexington Rd,,Athens,GA,30605,2502,CLARKE
DollarTree 1503,-83.309937,33.931618,4410 Lexington Rd,,Athens,GA,30605,2502,CLARKE
Chevron 4450,-83.488693,33.94035,4450 Atlanta Hwy,,Athens,GA,30606,0805,CLARKE
Racetrac 2592,-83.340714,33.990707,461 Highway 29 N,US,Athens,GA,30601,1537,CLARKE
North Avenue Enterprises Llc,-83.36425,33.975166,470 North Ave,,Athens,GA,30601,2255,CLARKE
Piggly Wiggly Athens 19,-83.362328,33.975136,484 North Ave,,Athens,GA,30601,2255,CLARKE
Exxon Food Mart,-83.500153,33.941204,4883 Atlanta Hwy,,Athens,GA,30606,0714,CLARKE
Quick Pantry,-83.39801,33.989124,495 Newton Bridge Rd,,Athens,GA,30607,1141,CLARKE
Petro Express,-83.364128,33.975677,496 North Ave,,Athens,GA,30601,2255,CLARKE
Jimbo's 3,-83.385124,33.920742,520 Macon Hwy,,Athens,GA,30606,5157,CLARKE
Publix Super Markets Inc. 1838,-83.434761,33.992462,5345 Jefferson Road,,Athens,GA,30606,,CLARKE
Natalia Foodmart,-83.362503,33.981201,645 Danielsville Rd,Ste C,Athens,GA,30601,1441,CLARKE
Kroger 618,-83.335716,33.997578,700 Highway 29 N,,Athens,GA,30601,1544,CLARKE
Athens Farmer Market Collective Inc.,-83.41095,33.964481,700 Sunset Drive,Bishop Park,Athens,GA,30606,,CLARKE
Chevron Athens,-83.393097,33.96553,723 Boulevard,,Athens,GA,30601,1860,CLARKE
Bp Food Mart,-83.351463,33.936417,790 Barnett Shoals Rd,,Athens,GA,30605,2702,CLARKE
CVS PHARMACY 5704,-83.414116,33.961769,795 Oglethorpe Ave,,Athens,GA,30606,2242,CLARKE
DOLLAR GENERAL 13858,-83.360397,33.982479,800 Danielsville Rd,,Athens,GA,30601,,CLARKE
Valley Market,-83.339584,33.959774,805 Indian Hills Rd,,Athens,GA,30605,,CLARKE
West Broad Market Garden,-83.393288,33.951,813 Waddell St,,Athens,GA,30606,3647,CLARKE
Marathon Food Mart 2,-83.334587,33.993748,840 Hull Rd,,Athens,GA,30601,1534,CLARKE
Dollar General 15280,-83.36377,33.900375,880 Whitehall Rd,,Athens,GA,30605,4223,CLARKE
Circle K 2723320,-83.392944,33.962017,990 Prince Ave,,Athens,GA,30606,2726,CLARKE
B&T'S Food Fresh 6,-83.414131,33.970551,995 Hawthorne Ave,,Athens,GA,30606,2175,CLARKE
Family Dollar 12036,-83.343567,33.95499,995 Winterville Rd,,Athens,GA,30605,2043,CLARKE
Race Trac 285,-83.543549,33.947414,3790 Atlanta Hwy,,Bogart,GA,30622,2246,CLARKE
Firefly Farmstop,-83.279434,33.966858,100 Marigold Lane,,Winterville,GA,30683,,CLARKE
Marigold Market,-83.278099,33.967785,115 Parkview Dr,,Winterville,GA,30683,1712,CLARKE
Golden Pantry Food Stores 1009,-83.288826,33.973972,315 Athens Rd,,Winterville,GA,30683,1567,CLARKE
DOLLAR GENERAL 8743,-83.290024,33.973724,335 Athens Rd,,Winterville,GA,30683,1542,CLARKE
Rubos,-85.049217,31.604828,104 Hancock St,,Fort Gaines,GA,39851,,CLAY
Georgia Giant Foods Of Fort Gains,-85.045502,31.619257,204 Eufaula Rd,,Fort Gaines,GA,39851,3130,CLAY
Family Dollar 13587,-85.049828,31.613335,507 Hancock St N,,Fort Gaines,GA,39851,3221,CLAY
Dollar General 10676,-85.047073,31.665697,804 Eufaula Hwy,,Fort Gaines,GA,39851,,CLAY
Neighborhood Food Mart,-84.48098,33.586037,2749 Flat Shoals Rd,,Atlanta,GA,30349,4802,CLAYTON
U S Amoco,-84.449921,33.616455,5097 W Fayetteville Rd,,Atlanta,GA,30349,5409,CLAYTON
Fayetville Food Mart,-84.449257,33.614025,5181 W Fayetteville Rd,Unit A,Atlanta,GA,30349,5760,CLAYTON
Ruta Inc,-84.448929,33.613388,5209 W Fayetteville Rd,,Atlanta,GA,30349,5580,CLAYTON
Exxon Food Mart,-84.403534,33.612095,5231 Highway 85,,Atlanta,GA,30349,5900,CLAYTON
Sun Food Market,-84.436569,33.611198,5280 Riverdale Rd,,Atlanta,GA,30349,5712,CLAYTON
Kom Pong Thom Market,-84.43605,33.610867,5298 Riverdale Rd,,Atlanta,GA,30349,5712,CLAYTON
QUIKTRIP 724,-84.435982,33.608368,5390 Riverdale Rd,,Atlanta,GA,30349,5710,CLAYTON
International Fresh Seafood,-84.435898,33.607502,5419 Riverdale Rd,,Atlanta,GA,30349,6193,CLAYTON
Family Dollar 2678,-84.435822,33.607342,5425 Riverdale Rd,,Atlanta,GA,30349,6193,CLAYTON
Wayfield Foods 3,-84.444267,33.607201,5432 Riverstation Blvd,,Atlanta,GA,30349,9199,CLAYTON
River Food And Snacks,-84.434753,33.606709,5436 Riverdale Rd,Ste N,Atlanta,GA,30349,6100,CLAYTON
One Stop Food Mart,-84.43763,33.606571,5445 Riverdale Rd,,Atlanta,GA,30349,6193,CLAYTON
Lee Market & Cafe,-84.435646,33.606548,5459 Riverdale Rd,,Atlanta,GA,30349,6193,CLAYTON
Family Dollar 4220,-84.427628,33.600758,5638 Riverdale Rd,,Atlanta,GA,30349,7315,CLAYTON
Chevron Food Mart,-84.428482,33.599823,5690 Riverdale Rd,,Atlanta,GA,30349,6442,CLAYTON
Bp Garden Walk,-84.428505,33.597473,5780 Riverdale Rd,,Atlanta,GA,30349,6364,CLAYTON
Bp To-go,-84.409401,33.628277,600 Lake Mirror Rd,,Atlanta,GA,30349,6052,CLAYTON
Gas Express LLC dba Circle K 127,-84.445572,33.608093,1697 Norman Dr,,College Park,GA,30349,5405,CLAYTON
DOLLAR GENERAL 8090,-84.430267,33.602028,5611 Riverdale Rd,Rivers SH Ste F,College Park,GA,30349,7381,CLAYTON
ALDI 40061 40061,-84.42894,33.59655,5820 Riverdale Rd,,College Park,GA,30349,6202,CLAYTON
SHELL FOOD MART,-84.447365,33.590805,6036 W Fayetteville Rd,,College Park,GA,30349,6125,CLAYTON
Parker's Grocery,-84.330658,33.640129,1787 Rock Cut Rd,,Conley,GA,30288,2041,CLAYTON
Exxon Food Mart,-84.312675,33.62944,2360 Anvil Block Rd,,Ellenwood,GA,30294,2218,CLAYTON
Rex Road Shell,-84.303207,33.593525,2661 Rex Rd,,Ellenwood,GA,30294,4021,CLAYTON
Rex Road Chevron,-84.302185,33.593964,2684 Rex Rd,,Ellenwood,GA,30294,4019,CLAYTON
Chevron Foodmart,-84.295776,33.633274,2863 Anvil Block Rd,,Ellenwood,GA,30294,2308,CLAYTON
QUIKTRIP 787,-84.298828,33.612015,2881 Forest Pkwy,,Ellenwood,GA,30294,3518,CLAYTON
FM Ellenwood,-84.294792,33.633602,2901 Anvil Block Rd,,Ellenwood,GA,30294,2434,CLAYTON
Murphy Express 8761,-84.293533,33.633846,2920 Anvil Block Rd,,Ellenwood,GA,30294,2403,CLAYTON
Walmart Supercenter 3609,-84.292793,33.633717,2940 Anvil Block Rd,,Ellenwood,GA,30294,2403,CLAYTON
DollarTree 4017,-84.28981,33.635597,3056 Anvil Block Rd,Ste 100,Ellenwood,GA,30294,2865,CLAYTON
Express In And Out,-84.30735,33.617786,5020 Highway 42,,Ellenwood,GA,30294,3453,CLAYTON
Chevron Food Mart,-84.286652,33.611031,5248 Bouldercrest Rd,,Ellenwood,GA,30294,3644,CLAYTON
Ellenwood Citgo,-84.29953,33.601013,5635 Highway 42,,Ellenwood,GA,30294,3823,CLAYTON
Discount Food Mart,-84.302048,33.591862,5957 Mount Zion Blvd,,Ellenwood,GA,30294,4018,CLAYTON
Pak N Go NO,-84.357506,33.617523,1003 Forest Pkwy,,Forest Park,GA,30297,2382,CLAYTON
CVS Pharmacy 2184,-84.356758,33.617645,1029 Forest Pkwy,,Forest Park,GA,30297,2350,CLAYTON
Racetrac 2574,-84.384369,33.620182,132 Forest Pkwy,,Forest Park,GA,30297,2047,CLAYTON
H&Y Food Mart,-84.34359,33.635345,1401 Rockcut Rd,,Forest Park,GA,30297,3633,CLAYTON
Forest Park Mart LLC,-84.343414,33.635052,1403 Rockcut Rd,,Forest Park,GA,30297,3633,CLAYTON
Food Depots Market Grocery 97,-84.387527,33.619545,16 Forest Pkwy,Bldg K Unit 1,Forest Park,GA,30297,,CLAYTON
Chevron Food Mart,-84.396439,33.617443,210 Forest Pkwy,,Forest Park,GA,30297,2010,CLAYTON
Family Dollar 9226,-84.379204,33.620605,307 Forest Pkwy,,Forest Park,GA,30297,2124,CLAYTON
Family Dollar 7963,-84.36364,33.64547,4018 Jonesboro Rd,,Forest Park,GA,30297,1036,CLAYTON
Texaco Food Mart,-84.361099,33.640202,4192 Jonesboro Rd,,Forest Park,GA,30297,1064,CLAYTON
Forest Park Food Mart,-84.361748,33.640347,4193 Jonesboro Rd,,Forest Park,GA,30297,1037,CLAYTON
Tr1 Usa Llc,-84.356308,33.639256,4233 Thurmond Rd,,Forest Park,GA,30297,3672,CLAYTON
Carniceria Garcia Inc,-84.359566,33.636322,4325 Jonesboro Rd,Ste G,Forest Park,GA,30297,3521,CLAYTON
DollarTree 4895,-84.358055,33.633656,4420 Jonesboro Rd,,Forest Park,GA,30297,3541,CLAYTON
Dollar General 20164,-84.358292,33.633949,4423 Jonesboro Rd,,Forest Park,GA,30297,3540,CLAYTON
Bp Food Mart,-84.357994,33.633385,4441 Jonesboro Rd,,Forest Park,GA,30297,4316,CLAYTON
Carniceria Garcia 5,-84.357658,33.632908,4460 Jonesboro Rd,,Forest Park,GA,30297,4314,CLAYTON
Exxon Food Mart,-84.386749,33.630264,4531 Old Dixie Hwy,,Forest Park,GA,30297,1705,CLAYTON
QuikTrip 849,-84.385841,33.629959,4571 Old Dixie Hwy,,Forest Park,GA,30297,1705,CLAYTON
Family Dollar 397,-84.355095,33.625664,4735 Jonesboro Rd,,Forest Park,GA,30297,4318,CLAYTON
America's Food Basket,-84.354507,33.624405,4769 Jonesboro Rd,,Forest Park,GA,30297,4318,CLAYTON
Shell Food Mart,-84.353813,33.623344,4806 Jonesboro Rd,,Forest Park,GA,30297,3556,CLAYTON
Sss Holdings Iii Llc,-84.369904,33.620998,4869 West St,,Forest Park,GA,30297,1850,CLAYTON
Circle M Food Shop 57,-84.38327,33.619381,4950 Old Dixie Hwy,,Forest Park,GA,30297,2110,CLAYTON
A One Store,-84.350807,33.619434,4962 Jonesboro Rd,,Forest Park,GA,30297,3535,CLAYTON
Z Food Mart,-84.36364,33.616089,5067 Ash St,,Forest Park,GA,30297,2320,CLAYTON
Texaco Food Mart,-84.383713,33.61499,5111 Old Dixie Hwy,,Forest Park,GA,30297,6623,CLAYTON
BP Food Mart 0,-84.40213,33.613037,5198 GA Highway 85,,Forest Park,GA,30297,2400,CLAYTON
Discount Food Mart 0,-84.372665,33.622887,528 Main St,,Forest Park,GA,30297,1822,CLAYTON
Family Groceries,-84.380501,33.606525,5428 Old Dixie Hwy,,Forest Park,GA,30297,2617,CLAYTON
Royal Food Mart,-84.379585,33.602318,5604 Old Dixie Hwy,,Forest Park,GA,30297,2669,CLAYTON
Mercado El Granero,-84.378365,33.600483,5668 Old Dixie Hwy,,Forest Park,GA,30297,2620,CLAYTON
Jay Mahavir LLC,-84.37838,33.597771,5735 Old Dixie Hwy,,Forest Park,GA,30297,2914,CLAYTON
Supermercados Jaguar,-84.377907,33.594486,5863 Old Dixie Hwy,Ste F,Forest Park,GA,30297,3272,CLAYTON
Buddy's Food Mart,-84.365906,33.593525,5891 Ash St,,Forest Park,GA,30297,3016,CLAYTON
Happy Food Mart,-84.365997,33.591179,5971 Ash St,,Forest Park,GA,30297,3076,CLAYTON
Food Mart,-84.377953,33.589333,6065 Old Dixie Hwy,,Forest Park,GA,30297,3250,CLAYTON
Bp Foodmart,-84.378464,33.587566,6125 Old Dixie Hwy,,Forest Park,GA,30297,3211,CLAYTON
655 Food and Gas,-84.368668,33.622101,655 Main St,,Forest Park,GA,30297,1815,CLAYTON
Mobil Mart,-84.368553,33.622044,655 Main St,,Forest Park,GA,30297,1815,CLAYTON
Chevron Food & Gas,-84.366325,33.591068,738 Morrow Rd,,Forest Park,GA,30297,3241,CLAYTON
Food Depot 29,-84.364899,33.590702,792 Morrow Rd,,Forest Park,GA,30297,3229,CLAYTON
Family Dollar 3669,-84.364273,33.591232,798 Morrow Rd,,Forest Park,GA,30297,3229,CLAYTON
Tienda Hispana La Alegria 1,-84.357826,33.61795,977 Forest Pkwy,,Forest Park,GA,30297,2382,CLAYTON
Vrajk Llc Dba Jp Lovejoy,-84.315521,33.442207,11440 Hastings Bridge Rd,,Hampton,GA,30228,6278,CLAYTON
DOLLAR GENERAL 11170,-84.315399,33.441055,11519 Hastings Bridge Rd,,Hampton,GA,30228,6279,CLAYTON
Shell Food Mart,-84.314087,33.436592,11673 Hastings Bridge Rd,,Hampton,GA,30228,6473,CLAYTON
Quick Food Shop,-84.354126,33.397175,1949 Upper Woolsey Rd,,Hampton,GA,30228,3634,CLAYTON
Market At Lovejoy Amoco,-84.323013,33.440289,2105 Lovejoy Rd,,Hampton,GA,30228,3864,CLAYTON
Shell Foodmart,-84.311363,33.452534,2471 McDonough Rd,Ste A,Hampton,GA,30228,6438,CLAYTON
Supermercado La Potosina,-84.337662,33.476002,10231 Tara Blvd,,Jonesboro,GA,30236,6555,CLAYTON
Dollar General 16824,-84.33728,33.474751,10291 Tara Blvd,,Jonesboro,GA,30236,6555,CLAYTON
CVS Pharmacy 2281,-84.337074,33.473961,10307 Tara Blvd,,Jonesboro,GA,30236,6553,CLAYTON
KROGER STORE 413,-84.338531,33.472263,10375 Tara Blvd,,Jonesboro,GA,30236,6536,CLAYTON
Citgo Quick Mart,-84.33567,33.466965,10569 Tara Blvd,,Jonesboro,GA,30236,6736,CLAYTON
Premium Meat & Seafood,-84.351952,33.538864,1197 Highway 138,,Jonesboro,GA,30236,2365,CLAYTON
Lucky Grocery Store,-84.344101,33.528008,1423 Stockbridge Rd,,Jonesboro,GA,30236,,CLAYTON
Marathon Food Mart,-84.353622,33.518532,155 S McDonough St,,Jonesboro,GA,30236,3678,CLAYTON
Dollar General 14975,-84.337814,33.552448,1575 Battlecreek Rd,,Jonesboro,GA,30236,7980,CLAYTON
DollarTree 7885,-84.335617,33.53059,1638 Highway 138 E,,Jonesboro,GA,30236,3800,CLAYTON
Shell Food Mart,-84.332008,33.492565,1725 Noahs Ark Rd,,Jonesboro,GA,30236,6143,CLAYTON
Family Dollar 6415,-84.338348,33.486084,1765 Mundys Mill Rd,,Jonesboro,GA,30236,6035,CLAYTON
Foodyo,-84.330765,33.493782,1820 Noahs Ark Rd,Ste 108,Jonesboro,GA,30236,7455,CLAYTON
Exxon Food Mart,-84.330254,33.537701,1861 Highway 138 E,,Jonesboro,GA,30236,2717,CLAYTON
Amoco Food Shop,-84.326378,33.537769,1975 Highway 138 E,,Jonesboro,GA,30236,2723,CLAYTON
Speedzone,-84.38353,33.57896,200 Upper Riverdale Rd,,Jonesboro,GA,30236,1002,CLAYTON
Unity Farm Stand And Market,-84.38237,33.578262,220 Arrowhead Blvd,,Jonesboro,GA,30236,1102,CLAYTON
Riverdale Usa Inc,-84.382881,33.579166,222 Upper Riverdale Rd,,Jonesboro,GA,30236,1042,CLAYTON
Exxon Food Mart,-84.354477,33.53072,226 N Main St,,Jonesboro,GA,30236,3269,CLAYTON
Family Dollar 10473,-84.314293,33.535648,2335 Highway 138 E,,Jonesboro,GA,30236,2731,CLAYTON
Mt. Zion Chevron,-84.314682,33.559441,2355 Mount Zion Pkwy,,Jonesboro,GA,30236,2511,CLAYTON
Shell Food Mart,-84.300323,33.552193,2775 Mount Zion Pkwy,,Jonesboro,GA,30236,2540,CLAYTON
Sunoco Food Mart,-84.300034,33.55629,2783 Mount Zion Rd,,Jonesboro,GA,30236,6820,CLAYTON
Family Dollar 11059,-84.295738,33.555332,2923 Mt Zion Rd,,Jonesboro,GA,30236,,CLAYTON
Big H,-84.380859,33.518372,335 Flint River Rd,,Jonesboro,GA,30238,4774,CLAYTON
Flint Mart,-84.37986,33.518257,365 Flint River Rd,,Jonesboro,GA,30238,4700,CLAYTON
Food Mart,-84.374756,33.517578,526 Flint River Rd,,Jonesboro,GA,30238,4586,CLAYTON
ALDI 76063,-84.370331,33.533875,615 North Ave,,Jonesboro,GA,30236,2223,CLAYTON
Keshav Sks,-84.370865,33.568184,622 Southside Commercial Pkwy,,Jonesboro,GA,30236,8912,CLAYTON
Rs Riverdale Inc,-84.377762,33.582096,6331 Tara Blvd,,Jonesboro,GA,30236,1223,CLAYTON
El Latino Supermarket,-84.374847,33.57769,6463 Tara Blvd,,Jonesboro,GA,30236,1214,CLAYTON
DOLLAR GENERAL 8077,-84.373451,33.577744,6489 Tara Blvd,,Jonesboro,GA,30236,1232,CLAYTON
DollarTree 5135,-84.37291,33.576797,6533 Tara Blvd,,Jonesboro,GA,30236,1227,CLAYTON
La Morena Supermarket Inc,-84.37014,33.573669,6628 Tara Blvd,,Jonesboro,GA,30236,1230,CLAYTON
Food Mart 0,-84.371254,33.572731,6656 Tara Blvd,,Jonesboro,GA,30236,1200,CLAYTON
Chevron Food Mart,-84.371124,33.57098,6714 Tara Blvd,,Jonesboro,GA,30236,1401,CLAYTON
8848 Food Market,-84.371246,33.570271,6736 Tara Blvd,,Jonesboro,GA,30236,1401,CLAYTON
VIP New Orleans Seafood,-84.372429,33.567879,6811 Tara Blvd,,Jonesboro,GA,30236,1501,CLAYTON
685 Fast Lane Inc,-84.369392,33.555332,685 Battlecreek Rd,,Jonesboro,GA,30236,1915,CLAYTON
New Orleans Bay Seafood,-84.371178,33.565796,6892 Tara Blvd,,Jonesboro,GA,30236,1502,CLAYTON
Market At Tara,-84.371048,33.563885,6980 Tara Blvd,,Jonesboro,GA,30236,1514,CLAYTON
Jonesboro Chevron,-84.323669,33.560787,7119 Mount Zion Blvd,,Jonesboro,GA,30236,2517,CLAYTON
Family Dollar 8894,-84.37104,33.559475,7132 Tara Blvd,,Jonesboro,GA,30236,1826,CLAYTON
T&k Discount Meats And Seafood 1,-84.370888,33.558296,7170 Tara Blvd,Ste E,Jonesboro,GA,30236,1892,CLAYTON
Magic Food Mart,-84.367256,33.573242,728 Mount Zion Rd,,Jonesboro,GA,30236,3001,CLAYTON
Ayaan Mount Zion,-84.366943,33.572884,742 Mt. Zion Rd.,,Jonesboro,GA,30236,,CLAYTON
Supermercados Jaguar,-84.369705,33.544888,7675 Tara Blvd,Ste 400,Jonesboro,GA,30236,7322,CLAYTON
Happy Mart,-84.368233,33.544914,7694 Tara Blvd,,Jonesboro,GA,30236,2202,CLAYTON
Raceway,-84.368439,33.544037,7721 Tara Blvd,,Jonesboro,GA,30236,2201,CLAYTON
DollarTree 412,-84.367165,33.53878,7899 Tara Blvd,B1,Jonesboro,GA,30236,,CLAYTON
Ami 72 Llc,-84.350952,33.539177,7903 Jonesboro Rd,,Jonesboro,GA,30236,2433,CLAYTON
WALGREEN 9271,-84.365562,33.538349,7935 Tara Blvd,,Jonesboro,GA,30236,2205,CLAYTON
DOLLAR GENERAL 7574,-84.365631,33.537071,7941 Tara Blvd,Ste B,Jonesboro,GA,30236,,CLAYTON
KROGER 373,-84.366478,33.534046,8059 Tara Blvd,,Jonesboro,GA,30236,3293,CLAYTON
CVS Pharmacy 4549,-84.364746,33.531757,8139 Tara Blvd,,Jonesboro,GA,30236,3142,CLAYTON
QuikTrip 799R,-84.36367,33.531796,8140 Tara Blvd,,Jonesboro,GA,30236,3175,CLAYTON
Lidl 1186,-84.364006,33.531891,8155 Tara Blvd,,Jonesboro,GA,30236,3142,CLAYTON
Family Dollar 270,-84.363548,33.537956,836 Spur 138,,Jonesboro,GA,30236,2218,CLAYTON
Bassamaya International Tropical Market,-84.363693,33.53706,843 Spur 138,,Jonesboro,GA,30236,2217,CLAYTON
Family Dollar 4238,-84.422539,33.522907,8500 Highway 85,,Jonesboro,GA,30238,4308,CLAYTON
Tara Convenience,-84.364037,33.521206,8545 Tara Blvd,,Jonesboro,GA,30236,3410,CLAYTON
Food Mart,-84.424095,33.521748,8550 Highway 85,,Jonesboro,GA,30238,4300,CLAYTON
Family Dollar 6973,-84.363297,33.521347,8570A Tara Blvd,,Jonesboro,GA,30236,3416,CLAYTON
Select International Farmers Market 1,-84.363762,33.519161,8639 Tara Blvd,,Jonesboro,GA,30236,3444,CLAYTON
Wayfield Foods 1,-84.364761,33.5158,8777 Tara Blvd,,Jonesboro,GA,30236,4904,CLAYTON
QUIKTRIP 756,-84.362724,33.515232,8805 Tara Blvd,,Jonesboro,GA,30236,4970,CLAYTON
Food Mart,-84.359138,33.539326,974 Highway 138,Ste 990,Jonesboro,GA,30236,,CLAYTON
Right Stop Exxon,-84.340454,33.485844,9875 Tara Blvd,,Jonesboro,GA,30236,6070,CLAYTON
KROGER 492,-84.339195,33.60017,5664 Jonesboro Rd,,Lake City,GA,30260,3808,CLAYTON
Circle K 191,-84.338936,33.599632,5690 Jonesboro Rd,,Lake City,GA,30260,3808,CLAYTON
Citgo Quick Shop,-84.321724,33.598652,5731 Trammell Rd,Ste A,Lake City,GA,30260,,CLAYTON
Dollar General 19088,-84.3386,33.598545,5745 Joneboro Rd,,Lake City,GA,30260,3805,CLAYTON
Family Dollar 8515,-84.324791,33.448303,11108 Tara Blvd,,Lovejoy,GA,30250,,CLAYTON
Murphy USA 7156,-84.324158,33.444798,11461 Tara Blvd,Ste 1,Lovejoy,GA,30250,,CLAYTON
Supermercado Talpa 11,-84.354172,33.572769,1096 Mount Zion Rd,,Morrow,GA,30260,2213,CLAYTON
1152 Mount Zion 0,-84.352425,33.572193,1152 Mount Zion Rd,,Morrow,GA,30260,2220,CLAYTON
Neighborhood Grocery,-84.351341,33.586353,1186 Morrow Rd,Ste Y,Morrow,GA,30260,1073,CLAYTON
Shell Food Mart,-84.337982,33.571442,1585 Mount Zion Rd,,Morrow,GA,30260,3009,CLAYTON
Trinh Grocery,-84.337105,33.583477,1602 Lake Harbin Rd,Ste B,Morrow,GA,30260,1711,CLAYTON
Costco Wholesale 0579,-84.335403,33.571236,1700 Mount Zion Rd,,Morrow,GA,30260,3014,CLAYTON
Forest Park Quick Mart,-84.32991,33.611042,1810 Forest Pkwy,,Morrow,GA,30260,3673,CLAYTON
DollarTree 3478,-84.331589,33.569572,1821 Mount Zion Rd,,Morrow,GA,30260,3015,CLAYTON
Morrow International Farmers Market Inc.,-84.327477,33.566563,1940 Mount Zion Rd,,Morrow,GA,30260,3316,CLAYTON
Spn Herbs,-84.326111,33.56683,1940 Mount Zion Rd,Suite B,Morrow,GA,30260,3316,CLAYTON
PUBLIX 461,-84.324265,33.56279,2035 Mount Zion Rd,,Morrow,GA,30260,3313,CLAYTON
Food Mart,-84.32267,33.562065,2058 Mount Zion Rd,,Morrow,GA,30260,3314,CLAYTON
Lake Mart,-84.320793,33.59861,2111 Rex Rd,,Morrow,GA,30260,3943,CLAYTON
Lake Food Mart,-84.316551,33.611248,2240 Forest Pkwy,,Morrow,GA,30260,3675,CLAYTON
Family Dollar 4107,-84.313499,33.583038,2350 Lake Harbin Rd,,Morrow,GA,30260,1908,CLAYTON
DollarTree 6030,-84.312019,33.582954,2383 Lake Harbin Rd,,Morrow,GA,30260,1941,CLAYTON
Hv Food Mart,-84.312645,33.583248,2390 Lake Harbin Rd,,Morrow,GA,30260,1906,CLAYTON
La Consentida3,-84.310806,33.582916,2423 Lake Harbin Rd,Ste E,Morrow,GA,30260,2024,CLAYTON
Dollar General 12309,-84.348495,33.612637,5220 Jonesboro Rd,,Morrow,GA,30260,3403,CLAYTON
ABC Green Farm,-84.348457,33.61253,5226 Jonesboro Rd,,Morrow,GA,30260,3403,CLAYTON
Chevron Food Mart,-84.340164,33.604092,5540 Jonesboro Rd,Suite A,Morrow,GA,30260,3807,CLAYTON
DollarTree 995,-84.340691,33.601639,5613 Jonesboro Rd,,Morrow,GA,30260,3804,CLAYTON
Walmart S/C 1047,-84.337891,33.589058,6065 Jonesboro Rd,,Morrow,GA,30260,1106,CLAYTON
6121 Citgo Mart,-84.338554,33.588017,6121 Jonesboro Rd,,Morrow,GA,30260,1149,CLAYTON
Bp Food Mart,-84.339821,33.582966,6309 Jonesboro Rd,,Morrow,GA,30260,1704,CLAYTON
Value Mart,-84.340225,33.581661,6331 Jonesboro Rd,,Morrow,GA,30260,1730,CLAYTON
QuikTrip 1774,-84.34108,33.579044,6459 Jonesboro Rd,,Morrow,GA,30260,1729,CLAYTON
Buddys Supermart,-84.302757,33.575737,6550 Mount Zion Blvd,Ste 113,Morrow,GA,30260,2274,CLAYTON
Circle K #100,-84.342773,33.574131,6629 Jonesboro Rd,,Morrow,GA,30260,2304,CLAYTON
Chevron Food Mart 0,-84.305267,33.574234,6629 Mount Zion Blvd,,Morrow,GA,30260,2822,CLAYTON
Family Dollar 4967,-84.348755,33.57201,6715 Merchants Way,,Morrow,GA,30260,2347,CLAYTON
CVS Pharmacy 2088,-84.31057,33.571419,6716 Mount Zion Blvd,,Morrow,GA,30260,,CLAYTON
Moes Zion Holdings,-84.31073,33.571068,6727 Mount Zion Blvd,,Morrow,GA,30260,3101,CLAYTON
QUIKTRIP 791,-84.314667,33.568867,6801 Mount Zion Blvd,,Morrow,GA,30260,3103,CLAYTON
Vesta Brook Acres 1,-84.303139,33.568806,6806 Vesta Brook Dr,,Morrow,GA,30260,2842,CLAYTON
Sam's Club 8287,-84.34684,33.55526,7325 Jonesboro Rd,,Morrow,GA,30260,2950,CLAYTON
Quiktrip 814,-84.347076,33.553932,7390 Jonesboro Rd,,Morrow,GA,30260,2949,CLAYTON
Family Dollar 10792,-84.294258,33.592018,5960 Highway 42,,Rex,GA,30273,1062,CLAYTON
Citgo Food Mart,-84.28759,33.577774,6381 Highway 42,,Rex,GA,30273,1601,CLAYTON
Rex C Store,-84.282585,33.577766,6448 Highway 42,,Rex,GA,30273,1729,CLAYTON
Dollar General 21437,-84.281578,33.57793,6456 Highway 42,,Rex,GA,30273,1728,CLAYTON
Food Depot 46,-84.281181,33.577274,6459 Highway 42,,Rex,GA,30273,1718,CLAYTON
Family Dollar 5239,-84.281731,33.576656,6463 Highway 42,,Rex,GA,30273,1765,CLAYTON
Rex Food Mart,-84.275024,33.577385,6539 Highway 42,Ste 1,Rex,GA,30273,1742,CLAYTON
Valero Food Mart,-84.27433,33.57885,6550 Highway 42,,Rex,GA,30273,1726,CLAYTON
El Granero Grocery Rex Llc,-84.272881,33.57777,6561 Highway 42,,Rex,GA,30273,1724,CLAYTON
Chevron Food Mart,-84.393852,33.565857,126 Valley Hill Rd SW,,Riverdale,GA,30274,3189,CLAYTON
Lakeridge Food Mart,-84.432571,33.549892,1296 Highway 138 SW,Ste 104,Riverdale,GA,30296,1458,CLAYTON
Dollar General 20907,-84.44632,33.551216,1705 Highway 138 SW,,Riverdale,GA,30296,1921,CLAYTON
Kwik Zone Llc,-84.385086,33.579063,199 Upper Riverdale Rd Se,,Riverdale,GA,30274,,CLAYTON
DOLLAR GENERAL 4011,-84.400711,33.541767,286 Highway 138 SW,Ste 115,Riverdale,GA,30274,4010,CLAYTON
Exxon Food Mart,-84.402771,33.544159,336 Highway 138 SW,,Riverdale,GA,30274,4044,CLAYTON
BP Food Mart,-84.391769,33.541855,35 Highway 138 SW,,Riverdale,GA,30274,4076,CLAYTON
Chevon Riverdale,-84.402824,33.545361,377 Highway 138 SW,,Riverdale,GA,30274,4045,CLAYTON
Family Dollar 10699,-84.391968,33.541527,50 Highway 138,,Riverdale,GA,30274,,CLAYTON
Citgo Food Mart,-84.407013,33.571922,510 Valley Hill Rd,,Riverdale,GA,30274,,CLAYTON
Super Mercado Garcias,-84.411697,33.548126,553 Highway 138 SW,,Riverdale,GA,30274,3984,CLAYTON
Shreegiriraj Business Llc,-84.405975,33.600456,5647 Highway 85,,Riverdale,GA,30274,1401,CLAYTON
CVS Pharmacy 2468,-84.4095,33.518894,581 Flint River Rd,,Riverdale,GA,30274,4519,CLAYTON
Chevron Food & Gas,-84.40818,33.59428,5883 Highway 85,,Riverdale,GA,30274,1403,CLAYTON
Gardenwalk Raceway,-84.408478,33.593464,5905 Highway 85,,Riverdale,GA,30274,1501,CLAYTON
Popular Springs Shell,-84.410431,33.587536,6141 Highway 85,Ste B,Riverdale,GA,30274,1663,CLAYTON
Happy Stop Food Mart,-84.410553,33.581421,622 Allen Dr,,Riverdale,GA,30274,1713,CLAYTON
Valero Food Mart,-84.410408,33.583763,6288 Highway 85,,Riverdale,GA,30274,1607,CLAYTON
SUPER H MART,-84.411354,33.582996,6335 Highway 85,,Riverdale,GA,30274,1608,CLAYTON
Family Dollar 8648,-84.411644,33.581741,6365 Highway 85,,Riverdale,GA,30274,1608,CLAYTON
Acroplus Afro-carib Market,-84.411842,33.579975,6407 Highway 85,,Riverdale,GA,30274,2024,CLAYTON
A One Stores II,-84.41246,33.579071,6455 Highway 85,,Riverdale,GA,30274,2024,CLAYTON
Sarpanch Investments Inc,-84.414536,33.576782,6522 Church St,,Riverdale,GA,30274,2105,CLAYTON
Kings Mini Mart,-84.414581,33.575836,6551 Church St,,Riverdale,GA,30274,2185,CLAYTON
K & B Grocery,-84.41214,33.566174,660 Roberts Dr,,Riverdale,GA,30274,2914,CLAYTON
DOLLAR GENERAL 2498,-84.412323,33.574142,6620 Highway 85,,Riverdale,GA,30274,2347,CLAYTON
Food Depot 31,-84.411972,33.573231,6642 Highway 85,,Riverdale,GA,30274,2382,CLAYTON
Walgreens 11758,-84.413063,33.57325,6665 Highway 85,,Riverdale,GA,30274,2346,CLAYTON
Family Dollar 12510,-84.412003,33.572033,6690 Highway 85,,Riverdale,GA,30274,2376,CLAYTON
Family Dollar 2930,-84.413666,33.547653,674 Highway 138 SW,,Riverdale,GA,30274,3965,CLAYTON
Flowers Bakery Outlet 176,-84.412994,33.567226,6866 Highway 85,,Riverdale,GA,30274,2319,CLAYTON
Tanz Food Mart,-84.413109,33.555141,699 Rountree Rd,Ste K,Riverdale,GA,30274,3456,CLAYTON
Walmart 787,-84.410675,33.563717,7050 Highway 85,,Riverdale,GA,30274,2981,CLAYTON
DollarTree 445,-84.413765,33.562103,7055 Highway 85,Ste D,Riverdale,GA,30274,,CLAYTON
Big A Shell Food Mart,-84.468689,33.560795,7100 Old National Hwy,,Riverdale,GA,30296,1604,CLAYTON
KROGER 319,-84.415245,33.560909,7125 Highway 85,,Riverdale,GA,30274,2900,CLAYTON
Right Stop 0,-84.41478,33.55584,7295 Highway 85,Ste 100,Riverdale,GA,30274,2966,CLAYTON
QUIKTRIP 760,-84.41423,33.554317,7350 Highway 85,,Riverdale,GA,30274,3453,CLAYTON
Family Dollar 4367,-84.465935,33.552574,7490 Old National Hwy,,Riverdale,GA,30296,1672,CLAYTON
Peggis African Market N/A,-84.414162,33.549927,7512 Highway 85,Ste B,Riverdale,GA,30274,3459,CLAYTON
LITTLE GIANT FARMERS MARKET 614,-84.416939,33.549084,7535 Highway 85,,Riverdale,GA,30274,3438,CLAYTON
Pit Shop Convenience Store,-84.417366,33.537148,7986 Highway 85,,Riverdale,GA,30274,3902,CLAYTON
Circle K #235,-84.418633,33.534687,8060 Highway 85,,Riverdale,GA,30274,4102,CLAYTON
Ray1610 Food Mart Inc,-84.419601,33.534271,8075 Ga-85,,Riverdale,GA,30274,,CLAYTON
Citgo Foodmart,-84.42289,33.525871,8425 Highway 85,,Riverdale,GA,30274,4192,CLAYTON
Express Shop Bp 0,-84.42186,33.525558,8426 Highway 85,Ste A,Riverdale,GA,30274,4191,CLAYTON
Riverdale Food Mart,-84.423271,33.525253,8439 Highway 85,,Riverdale,GA,30274,4109,CLAYTON
Studio Farmer,-84.38736,33.546894,90 Rountree Rd,,Riverdale,GA,30274,4043,CLAYTON
QUIKTRIP 726,-84.392517,33.576946,93 Upper Riverdale Rd SW,,Riverdale,GA,30274,2624,CLAYTON
Argyle Food Store,-82.649063,31.073755,6366 Main St,,Argyle,GA,31623,2014,CLINCH
Dollar General 21317,-82.516739,30.623718,31 Hwy 94,,Fargo,GA,31631,,CLINCH
J & P Food Mart,-82.561852,30.687099,690 US Highway 441,,Fargo,GA,31631,3212,CLINCH
Dollar General 24686,-82.758553,31.046215,1071 Pearson Hwy,,Homerville,GA,31634,1707,CLINCH
Gec Meats Llc,-82.747093,31.035954,14 W Plant Ave,,Homerville,GA,31634,3105,CLINCH
Walgreens 18329,-82.749069,31.039202,191 N Church St,,Homerville,GA,31634,2449,CLINCH
DollarTree 9734,-82.743385,31.031763,369 S Church St,,Homerville,GA,31634,3014,CLINCH
Family Dollar 13934,-82.743385,31.031763,369 S Church St,,Homerville,GA,31634,3014,CLINCH
One Trip Express,-82.751457,31.031748,370 W Forest Ave,,Homerville,GA,31634,3425,CLINCH
Fuel Center,-82.740509,31.03879,398 E Dame Ave,,Homerville,GA,31634,2529,CLINCH
Dollar General 661,-82.742729,31.030491,471 S Church St,,Homerville,GA,31634,,CLINCH
Piggly Wiggly 174,-82.750626,31.043549,528 N Church St,,Homerville,GA,31634,2333,CLINCH
Family Dollar 846,-82.751343,31.043974,609 N Church St,,Homerville,GA,31634,,CLINCH
One Trip,-82.761047,31.033957,850 Valdosta Hwy,,Homerville,GA,31634,9713,CLINCH
KROGER 442,-84.705673,33.997051,1720 MARS HILL RD,Ste 550,ACWORTH,GA,30101,,COBB
PUBLIX 566,-84.705971,33.996571,1727 MARS HILL RD.,,ACWORTH,GA,30101,,COBB
KROGER 397,-84.677475,34.034817,3330 COBB PKWY,,ACWORTH,GA,30101,,COBB
PUBLIX 536,-84.477524,33.862537,2451 CUMBERLAND PKWY,,ATLANTA,GA,30339,,COBB
DollarTree 614,-84.587479,33.857224,1133 EAST WEST CONNECTOR,,AUSTELL,GA,30106,,COBB
Walgreens 6461,-84.705414,33.997627,1762 Mars Hill Rd NW,,Acworth,GA,30101,8091,COBB
Shell Food Mart,-84.624237,34.064716,2557 Baker Rd NW,,Acworth,GA,30101,3033,COBB
Murphy USA 6762,-84.659622,34.03051,3111 Cobb Pkwy NW,,Acworth,GA,30101,,COBB
Dollar General 23627,-84.683037,34.033699,3335 Cobb Pkwy NW,Ste 150,Acworth,GA,30101,8365,COBB
DollarTree 3617,-84.683205,34.033947,3335 Cobb Pkwy NW,Ste 700,Acworth,GA,30101,8366,COBB
TARGET STORE T-2091,-84.68203,34.035748,3352 Cobb Pkwy NW,,Acworth,GA,30101,8304,COBB
FINDLEY'S BUTCHER SHOP,-84.689644,34.038166,3450 Cobb Pkwy NW,Ste 150,Acworth,GA,30101,8379,COBB
CHEVRON FOOD MART,-84.649033,34.07555,3453 Baker Rd NW,,Acworth,GA,30101,3019,COBB
Family Dollar 10480,-84.650917,34.075844,3454 Baker Rd NW,,Acworth,GA,30101,3703,COBB
PUBLIX 593,-84.651436,34.075863,3507 Baker Rd NW,Ste 300,Acworth,GA,30101,3706,COBB
Walmart SUPERCENTER 3748,-84.697388,34.047771,3826 Cobb Pkwy NW,,Acworth,GA,30101,4022,COBB
QUIKTRIP 811,-84.699463,34.049458,3888 Cobb Pkwy NW,,Acworth,GA,30101,4022,COBB
Knock On Wood Llc,-84.663719,34.054825,4138 S Main St,Ste B,Acworth,GA,30101,5676,COBB
Racetrac 2312,-84.722084,34.0606,4337 Cobb Parkway North NW,,Acworth,GA,30101,4219,COBB
Valero Food Mart,-84.722061,34.060616,4357 Cobb Parkway North NW,,Acworth,GA,30101,4219,COBB
Mile 12 Africa & Tropical Mart,-84.666191,34.062092,4433 S Main St,,Acworth,GA,30101,5544,COBB
DollarTree 7776,-84.677139,34.073399,4890 Cherokee St,,Acworth,GA,30101,4902,COBB
Race Trac 618,-84.680565,34.073891,5001 Cherokee St,,Acworth,GA,30101,4907,COBB
INGLES MARKETS 411,-84.678452,34.07703,5055 Cherokee St,,Acworth,GA,30101,4907,COBB
Dollar General 22601,-84.678635,34.074196,5071 Lake Acworth Drive,,Acworth,GA,30101,,COBB
Quick Trip Mart Llc,-84.652382,34.077599,5160 Cowan Rd,,Acworth,GA,30101,5197,COBB
Quick Serve Mart 1,-84.692398,34.077301,5473 N Main St,,Acworth,GA,30101,4846,COBB
Walgreens 7338,-84.655243,34.076572,6090 Lake Acworth Dr NW,,Acworth,GA,30101,5005,COBB
PUBLIX 1096,-84.726791,34.062687,6110 Cedarcrest Rd NW,,Acworth,GA,30101,9539,COBB
CVS PHARMACY 2086,-84.460655,33.903759,2014 Powers Ferry Rd SE,Ste 100,Atlanta,GA,30339,5042,COBB
Walgreen 19823,-84.476791,33.864784,2498 Cumberland Pkwy SE,,Atlanta,GA,30339,4502,COBB
JP Cobb Parkway 212,-84.471573,33.885632,2756 Cobb Pkwy Se,,Atlanta,GA,30339,3125,COBB
QUIKTRIP 729,-84.470665,33.865734,2804 Paces Ferry Rd SE,,Atlanta,GA,30339,3717,COBB
Costco Wholesale 0631,-84.471222,33.8806,2900 Cumberland Mall SE,,Atlanta,GA,30339,8107,COBB
DollarTree 11011,-84.460838,33.882103,2955 Cobb Pkwy,Suite 330,Atlanta,GA,30339,,COBB
Bharath Bazaar,-84.474396,33.882065,2997 Cumberland Blvd SE,Ste 260,Atlanta,GA,30339,3190,COBB
Shell Food Mart,-84.484795,33.840931,4641 S Atlanta Rd SE,,Atlanta,GA,30339,1502,COBB
Food Depot 42,-84.628845,33.813732,10155 Veterans Memorial Hwy,,Austell,GA,30168,,COBB
Walmart S/C 1586,-84.587479,33.857224,1133 East West Connector,,Austell,GA,30106,1589,COBB
Food Mart,-84.551109,33.773827,124 Six Flags Pkwy,,Austell,GA,30168,7858,COBB
Lucky Annam Inc,-84.594185,33.78199,1355 Blair Bridge Rd,Ste B,Austell,GA,30168,5905,COBB
Food Depot 33,-84.596451,33.855347,1355 E West Connector,,Austell,GA,30106,1351,COBB
Hurt Rd Texaco,-84.594734,33.861877,1401 Hurt Rd,,Austell,GA,30106,1341,COBB
Pure Foodmart,-84.560158,33.772491,152 Riverside Pkwy SW,,Austell,GA,30168,7757,COBB
Dollar General 22998,-84.602371,33.853348,1757 East West Connector,,Austell,GA,30106,1251,COBB
Petro Mart,-84.619354,33.798439,208 Maxham Rd,Ste B,Austell,GA,30168,5511,COBB
Ez Stop Food Mart,-84.622833,33.833138,2347 Clay Rd,,Austell,GA,30106,2013,COBB
QUIKTRIP 742,-84.563522,33.775616,291 Six Flags Dr,,Austell,GA,30168,7326,COBB
Chevron Food Mart,-84.636452,33.807861,2920 Veterans Memorial Hwy SW,,Austell,GA,30168,4026,COBB
Dollar General 21434,-84.636604,33.805702,3000 Veterans Memorial Hwy SW,,Austell,GA,30168,4028,COBB
Ais Business Inc,-84.565804,33.778011,356 Riverside Pkwy,Ste 104,Austell,GA,30168,7327,COBB
Obaapa Express Tropical,-84.565948,33.777355,361 Six Flags Dr,Ste 105,Austell,GA,30168,,COBB
Family Dollar 4370,-84.566574,33.776402,361 Six Flags Pkwy,,Austell,GA,30168,7425,COBB
Magania Market,-84.566551,33.778187,366 Riverside Pkwy,Ste 200,Austell,GA,30168,7354,COBB
QUIKTRIP 733,-84.591286,33.856926,3964 Floyd Rd,,Austell,GA,30106,1510,COBB
WALGREENS 5811,-84.604645,33.853504,4120 Austell Rd,,Austell,GA,30106,1841,COBB
Target Store T-1164,-84.6036,33.8536,4125 Austell Rd,,Austell,GA,30106,1836,COBB
DollarTree 11058,-84.604118,33.851486,4155 Austell Rd,,Austell,GA,30106,1836,COBB
Race Trac 660,-84.609192,33.846649,4414 Austell Rd,,Austell,GA,30106,1844,COBB
Austell Kwik Mart,-84.61132,33.840824,4600 Austell Rd,,Austell,GA,30106,1911,COBB
DollarTree 7244,-84.611702,33.834217,4930 Austell Rd,,Austell,GA,30106,2006,COBB
Jahs Tropical Market,-84.612465,33.832039,4968 Austell Rd,Ste 156,Austell,GA,30106,2070,COBB
Jerez Mexican Market,-84.613159,33.832451,4968 Austell Rd,Ste 126,Austell,GA,30106,2070,COBB
Haitian Food Store,-84.612999,33.83094,5042 Austell Rd,,Austell,GA,30106,2804,COBB
DOLLAR GENERAL 2565,-84.613625,33.829254,5055 Austell Rd,Ste 125,Austell,GA,30106,2074,COBB
Mercado El Canaston Llc,-84.612076,33.829704,5055 Austell Rd,Ste 153,Austell,GA,30106,2076,COBB
Austell Food & Gas,-84.614105,33.828262,5161 Austell Rd,,Austell,GA,30106,2855,COBB
Austell Food Store,-84.636421,33.816837,5565 Austell Powder Springs Rd,,Austell,GA,30106,3174,COBB
Dollar General 11983,-84.575691,33.779072,710 Six Flags Dr,,Austell,GA,30168,7006,COBB
CVS PHARMACY 4522,-84.57695,33.856602,800 E West Connector,,Austell,GA,30106,1358,COBB
Healthy Hills Farm NAFMNP,-84.550362,33.781723,90 Hillcrest Dr SE,,Austell,GA,30168,6706,COBB
El Amigo Market Llc,-84.582535,33.565742,13 Hudson Plaza,,Fairburn,GA,30126,,COBB
PUBLIX 0769,-84.599449,33.993622,1635 OLD 41 HWY NW,,KENNESAW,GA,30152,,COBB
CVS Pharmacy 2147,-84.626038,34.023094,2782 COBB PKWY NW,,KENNESAW,GA,30152,,COBB
KROGER 446,-84.601227,34.048176,3895 CHEROKEE ST NW,,KENNESAW,GA,30144,,COBB
PUBLIX 0764,-84.556274,34.054832,4290 BELLS FERRY RD,,KENNESAW,GA,30144,,COBB
Target Store T-981,-84.572014,34.007523,740 EARNEST W BARRETT PKY NW,,KENNESAW,GA,30144,,COBB
Swifty Save Chastain,-84.580185,34.031654,1025 Chastain Rd NW,,Kennesaw,GA,30144,5583,COBB
QuikTrip 1715,-84.591232,33.995911,1400 Ernest W Barrett Pkwy NW,,Kennesaw,GA,30152,5002,COBB
Race Trac 52,-84.597702,33.993465,1625 Old 41 Hwy NW,,Kennesaw,GA,30152,4425,COBB
Pack N Sack Food Mart Llc,-84.581741,33.993809,1647 Cobb Pkwy NW,,Kennesaw,GA,30152,4576,COBB
PUBLIX 1077,-84.612038,34.049519,2090 Baker Rd NW,,Kennesaw,GA,30144,4600,COBB
Chevron Convenience Center,-84.612404,34.049164,2091 Baker Rd NW,,Kennesaw,GA,30144,1225,COBB
Patel Brothers,-84.567825,34.016491,2646 George Busbee Pkwy,Ste 100,Kennesaw,GA,30144,,COBB
Texaco Food Mart,-84.62925,33.991772,2675 Stilesboro Rd NW,,Kennesaw,GA,30152,4201,COBB
Watan International Grocery,-84.561546,34.015224,2710 Town Center Dr Nw,Ste 300,Kennesaw,GA,30144,4905,COBB
QUIKTRIP 753,-84.621925,34.019791,2761 Cobb Pkwy NW,,Kennesaw,GA,30152,3473,COBB
DOLLAR GENERAL 1757,-84.62207,34.020725,2768 Cobb Pkwy NW,,Kennesaw,GA,30152,3438,COBB
Publix 559,-84.623039,34.021191,2774 N Cobb Pkwy,Ste 201,Kennesaw,GA,30152,3469,COBB
Walgreens 5485,-84.624031,34.021343,2779 Cobb Pkwy NW,,Kennesaw,GA,30152,3437,COBB
Super Mercado La Villa,-84.62793,34.022964,2851 N Cobb Pkwy,,Kennesaw,GA,30152,2716,COBB
Chevron Food Mart,-84.650398,34.029274,3053 Cobb Pkwy NW,,Kennesaw,GA,30152,2501,COBB
ALDI 76051,-84.650627,34.029579,3076 Cobb Pkwy NW,,Kennesaw,GA,30152,6502,COBB
Walmart S/C 3471,-84.657028,34.030579,3105 Cobb Pkwy NW,,Kennesaw,GA,30152,1013,COBB
3129 Cobb Pkwy Llc,-84.649673,34.02853,3129 Cobb Pkwy,,Kennesaw,GA,30152,1021,COBB
Squares103,-84.657372,34.03162,3140 Cobb Pkwy NW,Ste 30,Kennesaw,GA,30152,1047,COBB
Cherokee Food Mart,-84.605766,34.034214,3326 Cherokee St Nw,,Kennesaw,GA,30144,1906,COBB
Rk Market,-84.605659,34.03442,3338 Cherokee St Nw,Ste B,Kennesaw,GA,30144,1922,COBB
Gas Express LLC dba Circle K 150,-84.574913,34.034981,3400 Busbee Dr Nw,,Kennesaw,GA,30144,5596,COBB
CITGO FOOD MART,-84.660049,34.046764,3801 Highway 293 N,,Kennesaw,GA,30144,1009,COBB
Moon Station Texaco Food Mart,-84.61602,34.047951,3870 Moon Station Rd NW,Ste C,Kennesaw,GA,30144,1802,COBB
Citgo Food Shop,-84.581535,34.046906,3930 Busbee Pkwy NW,,Kennesaw,GA,30144,6657,COBB
Shell Food Mart,-84.580482,34.050098,4000 Frey Rd NW,,Kennesaw,GA,30144,6701,COBB
Walgreens 07068,-84.595848,34.050575,4075 Cherokee St NW,,Kennesaw,GA,30144,1278,COBB
Texaco Food Mart,-84.593803,34.051941,4160 Wade Green Rd NW,,Kennesaw,GA,30144,1215,COBB
Euro Bazar Llc,-84.590912,34.057396,4200 Wade Green Rd NW,Ste 212,Kennesaw,GA,30144,1808,COBB
Preet Bansri Inc,-84.601646,34.047249,4240 Jiles Rd NW,,Kennesaw,GA,30144,6435,COBB
Shell - 4261 Bells Ferry Koala # 10,-84.557121,34.054981,4261 Bells Ferry Rd NW,,Kennesaw,GA,30144,1301,COBB
DollarTree 1807,-84.593018,34.057259,4283 Wade Green Rd NW,,Kennesaw,GA,30144,1244,COBB
RaceTrac 2359,-84.557556,34.057392,4331 Bells Ferry Rd NW,,Kennesaw,GA,30144,1303,COBB
QUIKTRIP 752,-84.557213,34.057102,4340 Bells Ferry Rd NW,,Kennesaw,GA,30144,1304,COBB
Race Trac 434,-84.592506,34.059032,4350 Wade Green Rd NW,,Kennesaw,GA,30144,1247,COBB
Walgreens 7764,-84.557693,34.058174,4360 Bells Ferry Rd NW,,Kennesaw,GA,30144,1354,COBB
PUBLIX 146,-84.592606,34.061935,4430 Wade Green Rd NW,Ste 100,Kennesaw,GA,30144,1267,COBB
Barrett Commercial Properties Llc,-84.565147,34.010704,465 Ernest Barrett Pkwy Nw,,Kennesaw,GA,30144,,COBB
H&N Caribbean Grocery,-84.56395,34.009991,501 Roberts Ct NW,Ste 11,Kennesaw,GA,30144,4968,COBB
Barrett Parkway Circle-k 0,-84.570671,34.008606,550 Ernest W Barrett Pkwy NW,,Kennesaw,GA,30144,4919,COBB
Bp Food Mart,-84.570831,34.007347,575 Ernest W Barrett Pkwy NW,,Kennesaw,GA,30144,4920,COBB
Costco Wholesale 0189,-84.570839,34.007896,645 Ernest W Barrett Pkwy NW,,Kennesaw,GA,30144,4922,COBB
Aldi 76038,-84.57106,34.0107,860 Cobb Place Blvd NW,Ste 400,Kennesaw,GA,30144,4864,COBB
DOLLAR GENERAL 19469,-84.576653,34.052368,925 Shiloh Rd NW,,Kennesaw,GA,30144,1423,COBB
Whole Foods Market 10590,-84.586861,33.998993,1300 Ernest Barrett Pkwy,,Kennesay,GA,30144,,COBB
DOLLAR GENERAL 9612,-84.595253,33.815201,1391 VETERANS MEMORIAL PKWY SU,,MABLETON,GA,30126,,COBB
KROGER 464,-84.574333,33.835339,4875 FLOYD RD SW,,MABLETON,GA,30126,,COBB
KROGER 455,-84.580917,33.951836,1000 WHITLOCK AVE,,MARIETTA,GA,30064,,COBB
QUIKTRIP 775,-84.553482,34.013863,105 EARNEST BARRETT PKY NW,,MARIETTA,GA,30066,,COBB
KROGER 498,-84.601974,33.907372,1690 POWDER SPRINGS RD,,MARIETTA,GA,30064,,COBB
Walmart 1181,-84.488579,33.909931,1785 COBB PKWY S,,MARIETTA,GA,30060,,COBB
PUBLIX 672,-84.509491,33.994774,1860 SANDY PLAINS RD,,MARIETTA,GA,30066,,COBB
KROGER 454,-84.488403,33.967937,2100 ROSWELL RD,,MARIETTA,GA,30062,,COBB
DOLLAR GENERAL 8200,-84.579399,33.890697,2561 Austell Rd SW,Ste 14,MARIETTA,GA,30008,,COBB
PUBLIX 725,-84.46656,33.923904,2900 DELK RD SE,STE 1150,MARIETTA,GA,30067,,COBB
KROGER 365,-84.530251,34.038933,3595 CANTON RD,,MARIETTA,GA,30066,,COBB
KROGER 356,-84.655296,33.953918,3600 DALLAS HWY SUITE A09,,MARIETTA,GA,30064,,COBB
KROGER 335,-84.408112,33.96368,4880 LOWER ROSWELL RD,,MARIETTA,GA,30068,,COBB
QUIKTRIP 727,-84.556595,33.935669,692 POWDER SPRINGS RD,,MARIETTA,GA,30064,,COBB
QuikTrip 839,-84.559059,33.802151,695 W Dodge Rd,,Mabelton,GA,30126,,COBB
PUBLIX 1112,-84.524422,33.804119,1025 Veterans Memorial Hwy SE,Ste 400,Mableton,GA,30126,7709,COBB
Becky Mart,-84.587074,33.817169,1127 Veterans Memorial Hwy SW,Ste 124,Mableton,GA,30126,3220,COBB
Mableton Foodmart,-84.5886,33.813988,1181 Old Powder Springs Rd SW,,Mableton,GA,30126,4056,COBB
Supermercado Talpa 8,-84.589661,33.815773,1245 Veterans Memorial Hwy SW,Ste 42,Mableton,GA,30126,3115,COBB
Family Dollar 364,-84.591415,33.816265,1255 Veterans Memorial Hwy SW,#16,Mableton,GA,30126,3109,COBB
Exxon Food Mart,-84.591934,33.816364,1290 Veterans Memorial Hwy SW,,Mableton,GA,30126,3165,COBB
Topmart Llc,-84.593918,33.815567,1338 Veterans Memorial Hwy SW,Ste 120,Mableton,GA,30126,3116,COBB
Race Trac 140,-84.513145,33.799858,1461 Veterans Memorial Hwy SE,,Mableton,GA,30126,2858,COBB
Bp Ampm 64390,-84.558922,33.812359,155 Veterans Memorial Hwy Se,,Mableton,GA,30126,2613,COBB
Citgo Food Mart,-84.561714,33.814827,268 Veterans Memorial Hwy SW,,Mableton,GA,30126,2518,COBB
Doyin Tropical Mart,-84.54628,33.813206,299 Veterans Memorial Hwy SE,,Mableton,GA,30126,2615,COBB
Neighbors Food Mart,-84.545616,33.813049,302 Veterans Memorial Hwy SE,,Mableton,GA,30126,2618,COBB
Hebys Shell,-84.584679,33.84642,4360 Floyd Rd SW,,Mableton,GA,30126,1314,COBB
Lidl 1170,-84.576447,33.836891,4844 Floyd Rd SW,,Mableton,GA,30126,1324,COBB
ALDI 76069,-84.575943,33.831657,5020 Floyd Rd SW,,Mableton,GA,30126,1608,COBB
Food Depot 26,-84.575493,33.823578,5345 Floyd Rd SW,,Mableton,GA,30126,2270,COBB
Race Trac 53,-84.57592,33.824505,5350 Floyd Rd SW,,Mableton,GA,30126,2216,COBB
CVS/Pharmacy 2187,-84.572624,33.811077,5846 Mableton Pkwy SW,,Mableton,GA,30126,3471,COBB
The Mableton Supermarket,-84.569405,33.807293,6041 Mableton Pkwy Sw,Ste 120,Mableton,GA,30126,3478,COBB
CARNICERIA LA MEXICANA,-84.567673,33.802246,6200 Mableton Pkwy SW,,Mableton,GA,30126,5248,COBB
Texaco Food Mart,-84.561127,33.79427,6430 Mableton Pkwy SW,,Mableton,GA,30126,5213,COBB
Shell Food Mart,-84.575104,33.78973,690 S Gordon Rd,,Mableton,GA,30126,,COBB
Dollar General 18209,-84.543251,33.78545,6905 Mableton Pkwy SE,,Mableton,GA,30126,4537,COBB
Lodhi 9 Food Mart Llc,-84.541,33.783241,6960 Mableton Pkwy SE,,Mableton,GA,30126,4506,COBB
Racetrac 2510,-84.535614,33.780441,7039 Mableton Pkwy SE,,Mableton,GA,30126,,COBB
QUIKTRIP 738,-84.536926,33.781147,7130 Mableton Pkwy SE,,Mableton,GA,30126,4665,COBB
Citgo Foodmart,-84.578423,33.826054,832 Clay Rd SW,,Mableton,GA,30126,2230,COBB
DollarTree 7317,-84.530968,33.807289,835 Veterans Memorial Hwy SE,,Mableton,GA,30126,27ND,COBB
Family Dollar 10326,-84.579163,33.818722,850 Veterans Memorial Hwy SW,,Mableton,GA,30126,3204,COBB
Walgreens 09452,-84.529312,33.806103,855 Veterans Memorial Hwy SE,,Mableton,GA,30126,2733,COBB
Shell Food Mart,-84.528679,33.806217,873 Veterans Memorial Hwy SE,,Mableton,GA,30126,2733,COBB
DollarTree 713,-84.581161,33.81839,925 Veterans Memorial Hwy SW,Ste 162,Mableton,GA,30126,3176,COBB
CVS Pharmacy 6106,-84.548187,34.013744,100 Piedmont Rd,,Marietta,GA,30066,3636,COBB
Chevron Food Mart NA,-84.523155,33.995304,1023 Sandy Plains Rd,,Marietta,GA,30066,6537,COBB
Iguala Meat Market,-84.493736,33.927536,1038 Franklin Rd SE,200,Marietta,GA,30067,8121,COBB
PUBLIX 280,-84.479698,33.976814,1050 E Piedmont Rd,Ste 130,Marietta,GA,30062,4744,COBB
Taqwa Halal Meat And Grocery,-84.469719,33.924576,1094 Powers Ferry Rd Se,Ste 120,Marietta,GA,30067,5745,COBB
City Farmers Market 5 Inc,-84.574165,33.924683,1167 Powder Springs St,,Marietta,GA,30064,3958,COBB
Jerusalem Bakery & Grill Llc,-84.491997,33.924419,1175 Franklin Gateway Road Se,,Marietta,GA,30067,,COBB
1175 Chevron Mini Mart LLC,-84.574097,33.924416,1175 Powder Springs St,,Marietta,GA,30064,3925,COBB
Bp Food Mart,-84.492508,33.923378,1194 Franklin Gtwy SE,,Marietta,GA,30067,8908,COBB
Rss Investments Llc 00,-84.492439,33.92205,1200 Franklin Gtwy SE,,Marietta,GA,30067,8702,COBB
Lidl 1445,-84.418121,33.977959,1205 Johnson Ferry Rd,,Marietta,GA,30068,,COBB
Circle K #202,-84.558762,33.982162,1230 Cobb Pkwy N,,Marietta,GA,30062,2420,COBB
Brazil Market And Butcher Shop,-84.468636,33.922142,1230 Powers Ferry Rd Se,Ste 3,Marietta,GA,30067,5495,COBB
Exxon Food Mart,-84.54335,33.922035,1250 Atlanta Rd SE,,Marietta,GA,30060,3452,COBB
ALDI 76065,-84.578781,33.922497,1260 Powder Springs St,,Marietta,GA,30064,,COBB
Unicco Supermarket,-84.467819,33.921669,1260 Powers Ferry Rd Se,Ste G,Marietta,GA,30067,1445,COBB
Rio Supermarket,-84.467651,33.921391,1275 Powers Ferry Rd Se,Ste 200,Marietta,GA,30067,9487,COBB
CVS PHARMACY 3687,-84.590462,33.914883,1295 Powder Springs Rd SW,,Marietta,GA,30064,3943,COBB
Family Dollar 10056,-84.591049,33.914673,1308 Powder Springs Rd SW,,Marietta,GA,30064,3933,COBB
Kroger 730,-84.46743,33.919884,1310 Powers Ferry Rd SE,,Marietta,GA,30067,5410,COBB
Whole Foods Market 10342,-84.427856,33.97987,1311 Johnson Ferry Rd,Ste 580,Marietta,GA,30068,2945,COBB
QuikTrip 713R,-84.550354,33.919247,1350 S Cobb Dr SE,,Marietta,GA,30060,3802,COBB
Hermanos Food Store,-84.542007,33.919456,1368 Atlanta Rd SE,Ste 107,Marietta,GA,30060,3936,COBB
Target Store T-2121,-84.427925,33.985561,1401 Johnson Ferry Rd,,Marietta,GA,30062,,COBB
Cobb Foodmart,-84.500763,33.918053,1405 Cobb Pkwy S,,Marietta,GA,30060,6546,COBB
Marietta Crawfish,-84.511009,33.950256,1420 Roswell Rd,,Marietta,GA,30062,3635,COBB
DollarTree 4864,-84.468895,33.916798,1453 Terrell Mill Rd SE,Ste 107,Marietta,GA,30067,6133,COBB
Malincho Fresh Market & Kitchen,-84.467461,33.915981,1453 Terrell Mill Rd Se,Ste 125,Marietta,GA,30067,6133,COBB
DOLLAR GENERAL 6034,-84.508492,33.950287,1462 Roswell Rd,,Marietta,GA,30062,3670,COBB
The Goianao Group Llc,-84.469124,33.915787,1475 Terrell Mill Rd SE,,Marietta,GA,30067,6049,COBB
Racetrac 2558,-84.575066,33.895634,15 Windy Hill Rd SW,,Marietta,GA,30060,4600,COBB
Sam's Club 8203,-84.519775,33.949245,150 Cobb Pkwy S,,Marietta,GA,30060,9209,COBB
Chevron Food Mart,-84.508621,33.951668,1501 Roswell Rd,,Marietta,GA,30062,9059,COBB
Food Mart,-84.539551,33.916286,1509 Old Concord Rd SE,,Marietta,GA,30060,4245,COBB
Phoenix Business Group,-84.601654,33.90752,1655 Powder Springs Rd SW,,Marietta,GA,30064,4145,COBB
Amigo Food Mart,-84.545105,33.911423,1709 S Cobb Dr SE,Ste B,Marietta,GA,30060,4314,COBB
WALGREEN 9272,-84.605324,33.905231,1733 Macland Rd SW,,Marietta,GA,30064,4109,COBB
DollarTree 5996,-84.603531,33.905731,1733 Powder Springs Rd SW,,Marietta,GA,30064,4863,COBB
PUBLIX 122,-84.606949,33.903633,1750 Powder Springs Rd SW,,Marietta,GA,30064,4850,COBB
Texaco Food Mart,-84.548775,33.994194,1760 Bells Ferry Rd,,Marietta,GA,30066,6137,COBB
Murphy USA 7554,-84.490936,33.908695,1787 Cobb Pkwy S,,Marietta,GA,30060,9288,COBB
DollarTree 280,-84.519051,33.945381,180 Cobb Pkwy S,Ste C21,Marietta,GA,30060,9308,COBB
Little Shop Rite,-84.540176,33.909161,1802 Old Concord Rd SE,,Marietta,GA,30060,4252,COBB
Gee Farm NAFMNP,-84.606606,33.899197,1803 Powder Springs Rd SW,,Marietta,GA,30064,4149,COBB
SHIVAM GROCERY,-84.499725,33.951889,1812 Lower Roswell Rd,,Marietta,GA,30068,3344,COBB
Marietta Market,-84.489456,33.905869,1889 Cobb Pkwy S,,Marietta,GA,30060,9287,COBB
QUIKTRIP 806,-84.496529,33.951233,1900 Lower Roswell Rd,,Marietta,GA,30068,3347,COBB
Super Mercado Jalisco 3,-84.542572,33.905144,1957 S Cobb Dr SE,Ste 101,Marietta,GA,30060,4985,COBB
Brito Supermarket,-84.542366,33.904621,1977 S Cobb Dr SE,Ste 100,Marietta,GA,30060,0827,COBB
Goods Food Mart,-84.486961,33.903381,2041 Cobb Pkwy,,Marietta,GA,30060,,COBB
Family Dollar 9106,-84.566261,33.90316,2051 Austell Rd SW,,Marietta,GA,30008,4140,COBB
Mercado Marietta,-84.567429,33.902718,2097 Austell Rd SW,,Marietta,GA,30008,4140,COBB
Walmart Supercenter 5390,-84.521515,33.945843,210 Cobb Pkwy S,,Marietta,GA,30060,6509,COBB
ALDI 71060 71060,-84.490974,33.9669,2125 Roswell Rd,Ste 30,Marietta,GA,30062,7533,COBB
DollarTree 3277,-84.491295,33.969372,2145 Roswell Rd,Ste 270,Marietta,GA,30062,0817,COBB
Vatan International Grocery,-84.491295,33.969372,2145 Roswell Rd,Ste 20,Marietta,GA,30062,0820,COBB
La Tiendita,-84.620445,33.883316,2200 Powder Springs Rd Sw,Ste 168,Marietta,GA,30064,4366,COBB
Cajun Meat Company,-84.490196,33.970779,2211 Roswell Rd,Ste 150,Marietta,GA,30062,2999,COBB
El Super,-84.548073,33.993984,225 Williams Dr,Ste 200,Marietta,GA,30066,8114,COBB
Speedy Mart Texaco,-84.573921,33.898567,2270 Austell Rd SW,,Marietta,GA,30008,4123,COBB
WALGREEN 1646,-84.55201,33.951874,23 S Marietta Pkwy SW,,Marietta,GA,30064,3288,COBB
Race Trac 328,-84.52758,34.00779,2337 Canton Rd,,Marietta,GA,30066,5378,COBB
2365 Mini Mart LLC,-84.483246,33.923275,2365 Delk Rd SE,,Marietta,GA,30067,6309,COBB
Samsi International Market,-84.620232,33.880081,2365 Powder Springs Rd SW,Ste 1117,Marietta,GA,30064,4574,COBB
Shell Food Mart,-84.481308,34.041969,2375 Shallowford Rd,,Marietta,GA,30066,2059,COBB
Walgreens 6206,-84.623352,33.946266,2444 Dallas Hwy SW,,Marietta,GA,30064,2529,COBB
Walgreens 6330,-84.479691,33.974213,2464 Roswell Rd,,Marietta,GA,30062,4954,COBB
Race Trac 548,-84.481133,33.922623,2466 Delk Rd SE,,Marietta,GA,30067,6312,COBB
Shell Food Mart,-84.62365,33.945545,2489 Dallas Hwy SW,,Marietta,GA,30064,2545,COBB
ALDI 76116,-84.517212,33.94582,249 Cobb Pkwy S,,Marietta,GA,30060,9210,COBB
Race Trac 78,-84.625336,33.899963,2491 Macland Rd SW,,Marietta,GA,30064,4023,COBB
DOLLAR GENERAL 3937,-84.55204,33.894703,250 Windy Hill Rd SE,Ste 500,Marietta,GA,30060,5589,COBB
Food Depot 25,-84.55204,33.894703,250 Windy Hill Rd SE Ste 600,,Marietta,GA,30060,5589,COBB
PUBLIX 561,-84.625328,33.948376,2500 Dallas Hwy SW,Ste 300,Marietta,GA,30064,2571,COBB
DollarTree 3588,-84.554558,34.015182,2505 Chastain Meadows Pkwy,Ste L,Marietta,GA,30066,3330,COBB
Target Store T-1165,-84.625839,33.946144,2535 Dallas Hwy SW,,Marietta,GA,30064,2543,COBB
Quick Food Mart,-84.549553,34.013191,2543 Bells Ferry Rd,Ste 100,Marietta,GA,30066,5100,COBB
DollarTree 5137,-84.495613,34.012939,2550 Sandy Plains Rd,St 100,Marietta,GA,30066,,COBB
Walgreens 2455,-84.495224,34.013618,2580 Sandy Plains Rd,,Marietta,GA,30066,5798,COBB
Shapla Services Corp dba Shapla Food Mart,-84.475929,33.922512,2610 Delk Rd SE,,Marietta,GA,30067,8800,COBB
Shell Food Mart,-84.499641,33.946091,264 Powers Ferry Rd SE,,Marietta,GA,30067,7560,COBB
Lidl 1248,-84.629776,33.868282,2641 Powder Springs Rd SW,,Marietta,GA,30064,4560,COBB
J & E Food Store,-84.583649,33.888786,2674 Austell Rd SW,Ste B,Marietta,GA,30008,4506,COBB
Shell Circle K,-84.476036,33.90049,2678 Windy Hill Rd SE,,Marietta,GA,30067,8609,COBB
Texaco Windy Hill,-84.476112,33.901623,2697 Windy Hill Rd SE,,Marietta,GA,30067,8612,COBB
Circle K #198,-84.585358,33.887661,2700 Austell Rd SW,,Marietta,GA,30008,4546,COBB
Shell Food Mart,-84.493347,34.016399,2715 Sandy Plains Rd,,Marietta,GA,30066,4344,COBB
Race Trac 122,-84.633034,33.866547,2732 Powder Springs Rd SW,,Marietta,GA,30064,4562,COBB
Dollar General 31924,-84.494026,34.01659,2745 Sandy Plains Rd,Ste 112,Marietta,GA,30066,4327,COBB
Bismillah Halal Meat & Grocery,-84.497566,33.944958,279 Powers Ferry Rd Se,Ste D,Marietta,GA,30067,7580,COBB
Walmart SUPERCENTER 937,-84.557053,34.019279,2795 Chastain Meadows Pkwy,,Marietta,GA,30066,3361,COBB
Suvidha 2,-84.556511,34.020638,2821 Chastain Meadows Pkwy,Ste 120,Marietta,GA,30066,3365,COBB
Walmart Neighborhood Market 5815,-84.587456,33.883461,2909 Austell Rd SW,Ste 100,Marietta,GA,30008,6853,COBB
Shell Food Mart,-84.588303,33.882019,2928 Austell Rd SW,,Marietta,GA,30008,6830,COBB
KROGER 657,-84.466606,34.034912,2960 Shallowford Rd,Ste 199,Marietta,GA,30066,3093,COBB
Walgreens 7526,-84.466515,33.924709,2975 Delk Rd SE,,Marietta,GA,30067,5318,COBB
Walgreens 5337,-84.464516,34.036175,2988 Shallowford Rd,,Marietta,GA,30066,3033,COBB
CVS Pharmacy 2102,-84.550987,33.947697,300 Powder Springs St,,Marietta,GA,30064,3452,COBB
Citgo Food Mart,-84.52906,34.024963,3009 Canton Rd,,Marietta,GA,30066,3845,COBB
DollarTree 9731,-84.426262,34.023605,3033 Johnson Ferry Rd,,Marietta,GA,30062,5678,COBB
Target Store T-1106,-84.460854,34.036606,3040 Shallowford Rd,,Marietta,GA,30062,1252,COBB
CVS PHARMACY 2107,-84.481194,34.025269,3051 Sandy Plains Rd,,Marietta,GA,30066,4721,COBB
QuikTrip 1745,-84.521484,33.952232,31 Cobb Pkwy N,,Marietta,GA,30062,3627,COBB
Walmart Supercenter 1766,-84.422508,34.023254,3100 Johnson Ferry Rd,,Marietta,GA,30062,5657,COBB
Racetrac 2491,-84.461685,33.979507,3103 Roswell Rd,,Marietta,GA,30062,5558,COBB
QuikTrip 749,-84.461273,33.979282,3110 Roswell Rd,,Marietta,GA,30062,5557,COBB
Kroger 478,-84.424232,34.025723,3162 Johnson Ferry Rd,,Marietta,GA,30062,,COBB
Canton Food Mart Usa,-84.52726,34.029381,3190 Canton Rd,Suite C,Marietta,GA,30066,3813,COBB
Quik Stop Austell,-84.58976,33.875652,3195 Austell Rd SW,,Marietta,GA,30008,6823,COBB
Walgreens 5447,-84.528465,34.0317,3299 Canton Rd,,Marietta,GA,30066,3833,COBB
White Water Chevron,-84.517372,33.943958,334 Cobb Pkwy S,,Marietta,GA,30060,9211,COBB
Blackwell Chevron,-84.529205,34.032669,3349 Canton Rd,,Marietta,GA,30066,7622,COBB
Race Trac 247,-84.648788,33.953136,3350 Dallas Hwy SW,,Marietta,GA,30064,2462,COBB
DollarTree 5871,-84.527664,34.03812,3544 Canton Rd,,Marietta,GA,30066,2699,COBB
Shell Food Mark,-84.528656,34.037987,3545 Canton Rd,,Marietta,GA,30066,7617,COBB
Austell International Farmer's Market Llc,-84.593719,33.865913,3565 Austell Rd SW,,Marietta,GA,30008,5769,COBB
PUBLIX 0033,-84.46167,34.037491,3605 Sandy Plains Rd,Ste 200,Marietta,GA,30066,3066,COBB
DollarTree 6226,-84.634094,33.867825,3610 Anderson Farm Rd,,Marietta,GA,30064,,COBB
As Enterprise,-84.595131,33.863628,3661 Austell Rd,,Marietta,GA,30008,,COBB
Super Mercado Talpa 3 3,-84.543518,33.902046,371 Pat Mell Rd SE,Ste 153,Marietta,GA,30060,5002,COBB
Chevron Food Mart 0,-84.563873,33.901936,375 Pat Mell Rd SE,,Marietta,GA,30060,5007,COBB
Sprouts Farmers Market 526,-84.662987,33.950077,3805 Dallas Hwy,Ste 200,Marietta,GA,30064,,COBB
CVS Pharmacy 3013,-84.666908,33.968357,3905 Due West Rd NW,,Marietta,GA,30064,1019,COBB
Sprouts Farmers Market 521,-84.43277,33.980293,4101 Roswell Rd,Ste 700,Marietta,GA,30062,6291,COBB
CVS PHARMACY 5051,-84.426086,33.983654,4250 Roswell Rd,,Marietta,GA,30062,,COBB
Trader Joe's 732,-84.426086,33.983654,4250 Roswell Rd,,Marietta,GA,30062,6498,COBB
Publix 1745,-84.42614,33.986092,4269 Roswell Rd,Bldg 100 Ste 108-112,Marietta,GA,30062,6488,COBB
Race Trac 2452,-84.52182,34.059258,4410 Canton Rd,,Marietta,GA,30066,,COBB
Corner Mart,-84.544189,33.894585,461 Windy Hill Rd SE,Ste A,Marietta,GA,30060,7308,COBB
Circle K 5259,-84.415115,33.965305,4706 Lower Roswell Rd,,Marietta,GA,30068,,COBB
DollarTree 4590,-84.408112,33.96368,4880 Lower Roswell Rd,Ste 720,Marietta,GA,30068,,COBB
Publix 548,-84.550835,34.014023,50 Barrett Pkwy,Ste 300,Marietta,GA,30066,,COBB
Punjabijatt,-84.531776,33.964165,520 Cobb Pkwy N,,Marietta,GA,30062,3319,COBB
Mercado Real De La Villa-marietta Llc,-84.511963,33.938416,562 Wylie Rd SE,Ste 10,Marietta,GA,30067,7880,COBB
Family Dollar 10267,-84.533661,33.965347,567 Cobb Pkwy N,,Marietta,GA,30062,3322,COBB
Tripoli Halal Meat,-84.506111,33.938637,585 Franklin Gtwy SE,Ste B-1,Marietta,GA,30067,7769,COBB
Nazareth Grocery,-84.506798,33.937733,585 Franklin Rd SE,Ste 209C,Marietta,GA,30067,7760,COBB
P S Food Mart,-84.554382,33.938099,600 Powder Springs St,,Marietta,GA,30064,3684,COBB
QuikTrip 845,-84.534615,33.942669,600 S Marietta Pkwy SE,,Marietta,GA,30060,2720,COBB
Daily Market,-84.512756,33.937328,605 Cobb Pkwy S,,Marietta,GA,30060,9220,COBB
Circle M Food Shop 64,-84.494987,33.963753,605 N Greenbriar Pkwy,,Marietta,GA,30062,3845,COBB
Family Dollar 363,-84.532936,33.943058,619 S Marietta Pkwy SE,,Marietta,GA,30060,2748,COBB
QuikTrip 719,-84.504242,33.935665,640 Franklin Gtwy SE,,Marietta,GA,30067,7802,COBB
Walmart SUPERCENTER 3611,-84.633469,33.869095,6520 Ernest W Barrett Pkwy SW,,Marietta,GA,30064,4571,COBB
Nature's Pick Market N/A,-84.571167,33.952896,660 Whitlock Ave Nw,Ste E,Marietta,GA,30064,3174,COBB
Taih Tropical Food Market 1,-84.532562,33.950901,669 Roswell St NE,,Marietta,GA,30060,2177,COBB
Lidl 1430,-84.571877,33.952858,670 Whitlock Ave NW,,Marietta,GA,30064,3152,COBB
QUIKTRIP 815,-84.536743,33.968128,671 Cobb Pkwy N,,Marietta,GA,30062,2405,COBB
Supermercado Talpa 14 Llc 12,-84.556145,33.937603,680 Powder Springs St,Suite 200,Marietta,GA,30064,3630,COBB
Food Depot 27,-84.531677,33.942692,681 S Marietta Pkwy SE,,Marietta,GA,30060,2748,COBB
CVS PHARMACY 7044,-84.412407,33.965424,687 Johnson Ferry Rd,,Marietta,GA,30068,4628,COBB
Racetrac 2596,-84.554832,33.936134,695 Powder Springs St,,Marietta,GA,30064,3629,COBB
Carniceria Conchita,-84.535828,33.968647,714 Allgood Rd,,Marietta,GA,30062,3302,COBB
Family Dollar 2341,-84.555786,33.934326,728 Sandtown Rd SW,,Marietta,GA,30008,3046,COBB
Bawse Lady Garden NAFMNP,-84.540977,33.969151,733 Kiowa Dr NE,,Marietta,GA,30060,7223,COBB
CARNICERIA LA VILLA,-84.530518,33.950676,737 Roswell St NE,Ste 204,Marietta,GA,30060,3503,COBB
Marietta Bp,-84.531303,33.942841,749 S Marietta Pkwy SE,,Marietta,GA,30060,2817,COBB
Supermercado La Confianza,-84.556427,33.934177,752 Sandtown Rd SW,,Marietta,GA,30008,3046,COBB
DollarTree 5178,-84.575722,33.950954,757 Whitlock Ave SW,,Marietta,GA,30064,3001,COBB
Citgo Food Mart,-84.501015,33.932602,780 Franklin Gtwy SE,,Marietta,GA,30067,7854,COBB
786 All Good Llc,-84.53421,33.970482,786 Allgood Rd,,Marietta,GA,30062,3306,COBB
DollarTree 4765,-84.559669,33.934231,790 Powder Springs St,,Marietta,GA,30064,3642,COBB
LE MARCHE,-84.555702,33.933846,796 Sandtown Rd SW,,Marietta,GA,30008,3046,COBB
Chevron Food Mart,-84.54818,33.933556,800 S Cobb Dr SE,,Marietta,GA,30060,3117,COBB
Marietta Halal Meat & Groceries,-84.559837,33.93314,803 Powder Springs St,Ste 6,Marietta,GA,30064,3649,COBB
TEXACO FOOD MART,-84.548241,33.932964,824 S Cobb Dr SE,,Marietta,GA,30060,3152,COBB
QuikTrip 743,-84.526924,33.995808,825 Sandy Plains Rd,,Marietta,GA,30066,6340,COBB
Racetrac 2457,-84.550781,33.972153,840 Church St NW,,Marietta,GA,30060,,COBB
Food Mart,-84.534332,33.953575,86 N Fairground St NE,,Marietta,GA,30060,3504,COBB
Racetrac 2460,-84.577759,33.952164,900 Whitlock Ave NW,,Marietta,GA,30064,1906,COBB
Allgood Properties 62 LLC,-84.529083,33.973385,915 Allgood Rd,,Marietta,GA,30062,2303,COBB
Atlanta Road Grocery,-84.540588,33.931026,940 Atlanta Rd SE,,Marietta,GA,30060,3427,COBB
247 Food Mart,-84.525185,33.940868,941 S Marietta Pkwy SE,,Marietta,GA,30060,2824,COBB
Aghdas Market,-84.509132,33.929455,950 Cobb Pkwy S,Ste 110,Marietta,GA,30060,6500,COBB
KROGER STORE 456,-84.698097,33.845398,4400 BROWNSVILLE RD,,POWDER SPRINGS,GA,30127,,COBB
Walgreens 5897,-84.676453,33.863224,1070 Richard D Sailors Pkwy,,Powder Springs,GA,30127,5221,COBB
CVS Pharmacy 4668,-84.672623,33.90274,2091 Lost Mountain Rd,,Powder Springs,GA,30127,1122,COBB
Usa Food Mart,-84.641777,33.860874,2991 Powder Springs Rd,,Powder Springs,GA,30127,2375,COBB
DollarTree 7142,-84.676239,33.874119,3285 New Macland Rd,,Powder Springs,GA,30127,1742,COBB
Chevron Food Mart,-84.676582,33.873524,3290 New Macland Rd,,Powder Springs,GA,30127,1741,COBB
Food Express 2,-84.657425,33.859699,3550 Powder Springs Rd,,Powder Springs,GA,30127,2367,COBB
Publix 670,-84.675682,33.863579,3721 New Macland Rd,Ste 300,Powder Springs,GA,30127,1966,COBB
Family Dollar 10151,-84.665199,33.860493,3824 Powder Springs Rd,,Powder Springs,GA,30127,2736,COBB
Kk Food Mart,-84.671852,33.858067,3930 Austell Powder Springs Rd,,Powder Springs,GA,30127,2941,COBB
DOLLAR GENERAL 613,-84.66935,33.853477,4110 Austell Powder Springs Rd,,Powder Springs,GA,30127,2926,COBB
La Despensa De Don Luis,-84.669838,33.852936,4110 Austell Powder Springs Rd,Ste 150,Powder Springs,GA,30127,2956,COBB
Welcome Foods,-84.674774,33.859203,4148 Marietta St,Ste 100,Powder Springs,GA,30127,2641,COBB
KROGER STORE 453,-84.674942,33.902496,4150 Macland Rd,,Powder Springs,GA,30127,1202,COBB
Fast Track Sonoco,-84.67543,33.859127,4150 Marietta St,,Powder Springs,GA,30127,2641,COBB
Dollar General 30442,-84.675583,33.873016,4179 Macedonia Rd,,Powder Springs,GA,30127,1904,COBB
SKI 2 Food Mart,-84.694771,33.848595,4321 Brownsville Rd,,Powder Springs,GA,30127,3142,COBB
Mosab Tropical Food Mart,-84.666161,33.845905,4434 Austell Powder Springs Rd,,Powder Springs,GA,30127,2952,COBB
Dollar General 16756,-84.699249,33.843689,4511 Brownsville Rd,,Powder Springs,GA,30127,3004,COBB
Riaan,-84.699692,33.843105,4551 Brownsville Rd,,Powder Springs,GA,30127,3099,COBB
PUBLIX 496,-84.702888,33.940636,5100 Dallas Hwy,,Powder Springs,GA,30127,4491,COBB
Chevron Dallas Hwy,-84.701942,33.940269,5115 Dallas Hwy,,Powder Springs,GA,30127,4492,COBB
Walgreens 6325,-84.704224,33.940231,5230 Dallas Hwy,,Powder Springs,GA,30127,4263,COBB
Family Dollar 11748,-84.721283,33.823639,5380 Brownsville Rd,,Powder Springs,GA,30127,3051,COBB
Racetrac 2498,-84.710884,33.938545,5410 Dallas Hwy SW,,Powder Springs,GA,30127,,COBB
African Pride Grocery Store Llc,-84.722885,33.881817,5780 C H James Pkwy,,Powder Springs,GA,30127,6075,COBB
QUIKTRIP 754,-84.420448,34.061924,4635 Woodstock Rd,,Roswell,GA,30075,1640,COBB
WALGREENS 5902,-84.473885,33.888123,2670 COBB PRKY SE,,SMYRNA,GA,30080,,COBB
PUBLIX 0753,-84.502922,33.845272,4480 S COBB DR,,SMYRNA,GA,30080,,COBB
KROGER STORE 451,-84.51429,33.883621,4715 ATLANTA RD,,SMYRNA,GA,30080,,COBB
Chevron Food Mart 1,-84.51918,33.87619,1166 Concord Rd SE,,Smyrna,GA,30080,4262,COBB
5 Points Food Store,-84.505112,33.890999,1649 Roswell St SE,,Smyrna,GA,30080,2221,COBB
Mom And Pops Family Food Store,-84.50383,33.891167,1680 Roswell St SE,,Smyrna,GA,30080,2259,COBB
Three Star Food Mart,-84.528931,33.907021,1860 Atlanta Rd Se,Ste 100,Smyrna,GA,30080,1233,COBB
Rallies Food Mart,-84.495323,33.898952,2001 Windy Hill Rd SE,,Smyrna,GA,30080,2264,COBB
Carniceria Mi Pueblo Iv,-84.540436,33.901604,2113 S Cobb Dr SE,,Smyrna,GA,30080,1347,COBB
Nam Dae Mun Farmers Market,-84.540504,33.899559,2148 S Cobb Dr Se,,Smyrna,GA,30080,1348,COBB
QUIKTRIP 768,-84.490814,33.901077,2180 Windy Hill Rd SE,,Smyrna,GA,30080,2263,COBB
TARGET STORE T-373,-84.480782,33.895821,2201 Cobb Pkwy SE,,Smyrna,GA,30080,7633,COBB
Ideal Tropical Foods,-84.541702,33.8964,2321 Benson Poole Rd SE,,Smyrna,GA,30082,1519,COBB
Nam Dae Mun Farmers Market,-84.486412,33.883251,2350 Spring Rd Se,Ste 100,Smyrna,GA,30080,2676,COBB
Shell Express,-84.485634,33.883217,2370 Spring Rd SE,,Smyrna,GA,30080,2675,COBB
WALGREENS 5901,-84.538734,33.89492,2390 S Cobb Dr SE,,Smyrna,GA,30080,1359,COBB
Family Dollar 7527,-84.484802,33.883396,2393 Spring Rd SE,,Smyrna,GA,30080,2631,COBB
Super La Villa,-84.477364,33.892166,2431 Cobb Pkwy SE,,Smyrna,GA,30080,3011,COBB
Family Dollar 3143,-84.537704,33.892185,2500 Cobb St Dr SE,Ste F,Smyrna,GA,30080,1838,COBB
Sprouts Farmers Market 530,-84.474945,33.888382,2530 Cumberland Blvd SE,,Smyrna,GA,30080,2831,COBB
Clipper 49,-84.475739,33.890331,2535 Cobb Pkwy SE,,Smyrna,GA,30080,3009,COBB
DollarTree 1160,-84.474815,33.888458,2540 Cumberland Blvd,,Smyrna,GA,30080,2802,COBB
Race Trac 633,-84.479744,33.883263,2550 Spring Rd SE,,Smyrna,GA,30080,3041,COBB
DollarTree 862,-84.537239,33.89098,2552 S Cobb Dr SE,Ste E,Smyrna,GA,30080,1871,COBB
ALDI 76061,-84.477089,33.883327,2589 Spring Rd SE,,Smyrna,GA,30080,3875,COBB
Family Grocery,-84.475029,33.891621,2640 Herodian Way Se,,Smyrna,GA,30080,2905,COBB
QUIKTRIP 732,-84.475861,33.883656,2671 Spring Rd SE,,Smyrna,GA,30080,3042,COBB
Chevron Food Mart,-84.533951,33.883484,2875 S Cobb Dr SE,,Smyrna,GA,30080,3251,COBB
La Mexicana Markers #2 Llc,-84.535614,33.883415,2900 S Cobb Dr SE,Ste A,Smyrna,GA,30080,7860,COBB
Publix 1250,-84.513206,33.88134,2955 Atlanta Rd SE,,Smyrna,GA,30080,3654,COBB
CVS Pharmacy 4740,-84.512932,33.880665,2994 Atlanta Rd SE,,Smyrna,GA,30080,3655,COBB
Dollar General 12586,-84.531197,33.875237,3201 S Cobb Dr SE,,Smyrna,GA,30080,,COBB
Food Depot 35,-84.528969,33.877403,3205 S Cobb Dr SE Ste B,,Smyrna,GA,30080,4129,COBB
Kroger 699,-84.533279,33.876396,3240 S Cobb Dr,,Smyrna,GA,30080,,COBB
VALUE MART 102,-84.531357,33.873951,3280 S Cobb Dr SE,,Smyrna,GA,30080,4124,COBB
E - Z Trip Chevron,-84.492561,33.864883,3601 Atlanta Rd SE,,Smyrna,GA,30080,5931,COBB
Family Dollar 3075,-84.51889,33.861362,3791 S Cobb Dr SE,Ste H,Smyrna,GA,30080,5514,COBB
Race Trac 579,-84.50312,33.842514,4290 E West Connector SE,,Smyrna,GA,30082,4804,COBB
Sprouts Famers Market 518,-84.502167,33.843071,4330 E West Connector SE,,Smyrna,GA,30082,4821,COBB
CVS PHARMACY 2146,-84.506561,33.848492,4345 S Cobb Dr SE,,Smyrna,GA,30080,6331,COBB
WALGREEN 5758,-84.504723,33.846764,4371 S Cobb Dr SE,,Smyrna,GA,30080,6330,COBB
Save & Go Express #1,-84.540428,33.902313,445 Pat Mell Rd SE,,Smyrna,GA,30080,1219,COBB
QuikTrip 1702,-84.501068,33.844032,4495 S Cobb Dr SE,,Smyrna,GA,30080,6957,COBB
Delight Tropical Market,-84.493454,33.831516,4924 S Cobb Dr SE,Ste I,Smyrna,GA,30080,7110,COBB
Smyrna Food Store,-84.4916,33.828918,5181 S Cobb Dr SE,,Smyrna,GA,30080,7151,COBB
Race Trac 256,-84.491554,33.827618,5191 S Cobb Dr SE,,Smyrna,GA,30080,7151,COBB
Clipper 77,-84.49173,33.826488,5220 S Cobb Dr SE,,Smyrna,GA,30080,7180,COBB
Citgo Food Mart,-84.536987,33.868649,540 Concord Rd SE,,Smyrna,GA,30082,2608,COBB
CVS PHARMACY 2089,-84.465431,33.865284,4300 Paces Ferry Rd,,Vinings,GA,30339,,COBB
Dollar General 17406,-83.014717,31.593203,4193 Vickers Xing,,Ambrose,GA,31512,3075,COFFEE
Ambrose Food Mart,-83.014839,31.592648,4227 Vickers Xing,,Ambrose,GA,31512,3133,COFFEE
1st Choice,-82.886154,31.625246,104 Alabama St S,,Broxton,GA,31519,6021,COFFEE
BROXTON GROCERY,-82.887077,31.624704,108 Ocmulgee St W,,Broxton,GA,31519,6067,COFFEE
BROXTON BUTCHER BLOCK,-82.886032,31.626991,205 East Ocmulgee St.,,Broxton,GA,31519,,COFFEE
Jay Narayani Group Llc,-82.887711,31.625525,405 Alabama St N,,Broxton,GA,31519,6000,COFFEE
DOLLAR GENERAL 8044,-82.89077,31.626842,706 Alabama St N,,Broxton,GA,31519,5020,COFFEE
Walmart 593,-82.848251,31.484938,1450 BOWENS MILL RD SE,,DOUGLAS,GA,31533,,COFFEE
Dollar General 31166,-82.852806,31.454132,100 Harvey Vickers Rd,,Douglas,GA,31535,4569,COFFEE
FLASH FOODS 2745043,-82.850128,31.501713,101 Baker Hwy E,,Douglas,GA,31533,5017,COFFEE
HOLTS BAKERY INC,-82.849869,31.510315,101 Sellers St,,Douglas,GA,31533,4607,COFFEE
Solar Food 27,-82.830467,31.495199,1020 Baker Hwy E,,Douglas,GA,31533,1826,COFFEE
Dollar General 23885,-82.849281,31.526112,106 McNeil Dr,,Douglas,GA,31533,2714,COFFEE
T & R Food Mart,-82.832047,31.508953,108 Westgreen Rd,,Douglas,GA,31533,1012,COFFEE
Four Point Food Mart,-82.850502,31.517097,110 Walker St E,,Douglas,GA,31533,8536,COFFEE
DOLLAR GENERAL 21619,-82.822266,31.52195,1201 US Highway 221 N,,Douglas,GA,31533,6852,COFFEE
Fast Check Food,-82.834381,31.508146,1204 Ward St E,,Douglas,GA,31533,1100,COFFEE
Mack's Minit Mart 1,-82.839096,31.494984,1304 McDonald Rd,,Douglas,GA,31533,1860,COFFEE
Publix Super Markets Inc. 1870,-82.851196,31.489552,1329 S. Peterson Avenue,,Douglas,GA,31533,,COFFEE
DollarTree 2812,-82.844963,31.488581,1345 Bowens Mill Rd SE,Ste A,Douglas,GA,31533,1529,COFFEE
Mr T's,-82.846619,31.4869,1400 Bowens Mill Rd SE,,Douglas,GA,31533,1500,COFFEE
Meat Master Butchery 1,-82.871704,31.497885,1432 Baker Hwy W,,Douglas,GA,31533,3922,COFFEE
Baker Express,-82.872147,31.497271,1436 Baker Hwy W,,Douglas,GA,31533,3941,COFFEE
Murphy USA 5752,-82.848976,31.487276,1448 Bowens Mill Rd SE,,Douglas,GA,31533,1500,COFFEE
Gate Service Station 229,-82.849907,31.487265,1460 Bowens Mill Rd SE,,Douglas,GA,31533,1500,COFFEE
Nouria 1601 Ocila Highway 741,-82.871277,31.513212,1601 Ocilla Rd,,Douglas,GA,31533,2214,COFFEE
Quick Gas,-82.817467,31.526752,1656 US Highway 221 N,,Douglas,GA,31533,5540,COFFEE
Flash Foods LLC 274177,-82.850121,31.525244,1716 Peterson Ave N,,Douglas,GA,31533,2818,COFFEE
DOLLAR GENERAL 4789,-82.850502,31.480242,1730 Peterson Ave S,,Douglas,GA,31535,5008,COFFEE
La Bonita Market,-82.849548,31.507872,215 Madison Ave S,,Douglas,GA,31533,5313,COFFEE
1st Choice,-82.850967,31.538467,2150 Broxton Rd,,Douglas,GA,31533,8104,COFFEE
Jet Food Store 80,-82.810547,31.538612,2595 US Highway 221 N,,Douglas,GA,31533,7305,COFFEE
DOLLAR GENERAL 8269,-82.888245,31.519371,2679 Highway 32 W,,Douglas,GA,31533,9029,COFFEE
Jet Food Store 82,-82.85022,31.466969,2897 US Highway 441 S,,Douglas,GA,31535,5062,COFFEE
Nouria 29 Willacoochee Highway 757,-82.859222,31.48745,29 Willacoochee Highway,,Douglas,GA,31533,9087,COFFEE
Tienda Mexicana el Milagro,-82.850716,31.465935,3003 US Highway 441 S,,Douglas,GA,31535,5025,COFFEE
Dollar General 21422,-82.900368,31.487965,3151 Hwy 158 W,,Douglas,GA,31535,,COFFEE
Angeles Mexican Store,-82.849579,31.506096,317A Madison Ave S,,Douglas,GA,31533,5311,COFFEE
Quick Change,-82.876389,31.5256,3887 Bowens Mill Rd,,Douglas,GA,31533,8645,COFFEE
Dollar General 15536,-82.887878,31.43886,4074 Willacooche Hwy,,Douglas,GA,31535,,COFFEE
Dollar General 20437,-82.925064,31.480217,4736 Highway 158 W,,Douglas,GA,31535,2616,COFFEE
DOLLAR GENERAL 8205,-82.850525,31.502596,518 Peterson Ave S,,Douglas,GA,31533,5254,COFFEE
Walgreens 11661,-82.850624,31.500381,602 Peterson Ave S,,Douglas,GA,31533,5233,COFFEE
Benton Poultry & Seafood Llc,-82.856155,31.501375,605 Baker Hwy W,,Douglas,GA,31533,2138,COFFEE
Douglas Quality Meats,-82.856422,31.501345,607 Baker Hwy W,,Douglas,GA,31533,2138,COFFEE
In & Out Food N Gas,-82.842537,31.501024,608 Baker Hwy E,,Douglas,GA,31533,1618,COFFEE
Evans Grocery 1,-82.921913,31.53709,6277 GA Highway 32 W,,Douglas,GA,31533,9221,COFFEE
Marianitas 2,-82.875671,31.500257,733 Bowens Mill Rd SW,,Douglas,GA,31533,3927,COFFEE
Mickey's Food Store,-82.850128,31.515928,740 Peterson Ave N,,Douglas,GA,31533,4910,COFFEE
Satilla County Junction,-82.781822,31.410702,7505 Old Axson Rd,,Douglas,GA,31535,3241,COFFEE
Cost Kutter 496,-82.850128,31.498922,802 Peterson Ave S,,Douglas,GA,31533,5265,COFFEE
Dollar General 22282,-82.829407,31.49791,813 Bowens Mill Rd SE,,Douglas,GA,31533,1305,COFFEE
Family Dollar 215,-82.851555,31.498949,831 Peterson Ave S,,Douglas,GA,31533,5234,COFFEE
CIRCLE K 2707337,-82.872589,31.498028,848 Bowens Mill Rd SW,,Douglas,GA,31533,3923,COFFEE
Jet Food Stores 94,-82.872887,31.497137,855 Bowens Mill Rd SW,,Douglas,GA,31533,3925,COFFEE
ALDI 82179,-82.860863,31.509972,901 Ward St W,,Douglas,GA,31533,3517,COFFEE
CVS Pharmacy 4552,-82.860626,31.509212,912 Ward St W,,Douglas,GA,31533,3516,COFFEE
Marathon 1,-82.861977,31.509653,921 Ward St W,,Douglas,GA,31533,3532,COFFEE
Jet Food Store 81,-82.966118,31.55558,9321 GA Highway 32 W,,Douglas,GA,31533,9386,COFFEE
Jet Food Store 85,-82.634766,31.517529,1001 Van Streat Hwy,,Nicholls,GA,31554,5031,COFFEE
Family Dollar 8959,-82.633598,31.517204,200 N Liberty St,,Nicholls,GA,31554,,COFFEE
Ricky Food Mart,-82.766685,31.506365,4960 GA Highway 32 E,,Nicholls,GA,31554,5804,COFFEE
Food Mart,-82.640816,31.517019,500 Van Streat Hwy,,Nicholls,GA,31554,4596,COFFEE
DOLLAR GENERAL 4854,-82.639351,31.51688,606 Van Streat Hwy,,Nicholls,GA,31554,,COFFEE
Sunrise Express,-82.638664,31.517227,700 Van Streat Hwy,,Nicholls,GA,31554,4017,COFFEE
CIRCLE K 2707332,-82.635391,31.517138,910 Van Streat Hwy,,Nicholls,GA,31554,4075,COFFEE
DOLLAR GENERAL 9050,-82.73481,31.611784,9584 US Highway 221 N,,West Green,GA,31567,4262,COFFEE
Fairway Foods,-82.735184,31.612061,9675 US Highway 221 N,,West Green,GA,31567,4205,COFFEE
Gurthrie's Food Mart,-82.892189,31.423187,20 Old Pearson Hwy,,Willacoochee,GA,31650,4210,COFFEE
Dollar General 12039,-83.619972,31.072552,5941 Hwy 133 South,,Berlin,GA,31722,,COLQUITT
Country Crossing,-84.039001,31.372791,10772 GA Highway 112,,Doerun,GA,31744,4052,COLQUITT
Quick Stop 5,-83.918411,31.319317,131 S Mills St,,Doerun,GA,31744,,COLQUITT
Doerun Piggly Wiggly Express,-83.916397,31.319773,140 East Broad Avenue,,Doerun,GA,31744,,COLQUITT
Quik Mart,-83.915901,31.319422,214 E Broad Ave,,Doerun,GA,31744,5197,COLQUITT
DOLLAR GENERAL 8275,-83.923744,31.319229,605 W Broad Ave,,Doerun,GA,31744,4434,COLQUITT
Dm Food Mart,-83.587578,31.175234,163 S Baker St,,Ellenton,GA,31747,,COLQUITT
Victory Lane,-83.776428,31.178394,1000 1st Ave SE,,Moultrie,GA,31768,4871,COLQUITT
R&R Quick Mart,-83.776314,31.174732,1009 5th Ave SE,,Moultrie,GA,31768,4916,COLQUITT
CVS Pharmacy 4203,-83.788536,31.168722,1027 S Main St,,Moultrie,GA,31768,5438,COLQUITT
Fastrac #9,-83.800087,31.227444,1045 Ga Hwy 133 N.,,Moultrie,GA,31768,,COLQUITT
Dollar General 17424,-83.87175,31.199333,110 E Mulberry St,,Moultrie,GA,31768,8509,COLQUITT
Ez Corner,-83.800972,31.18,1100 W Central Ave,,Moultrie,GA,31768,3516,COLQUITT
Valdosta Fresh For Less Inc.,-83.773674,31.178812,1209 1st Ave SE,,Moultrie,GA,31768,5007,COLQUITT
Country Corner,-83.734047,31.152897,1221 GA Highway 133 S,,Moultrie,GA,31788,2700,COLQUITT
Rayon Supermarket,-83.771606,31.178738,1301 1st Ave SE,,Moultrie,GA,31768,5009,COLQUITT
Raceway 6853,-83.778809,31.20739,1301 Veterans Pkwy N,,Moultrie,GA,31788,1933,COLQUITT
Susie Q's 90,-83.784958,31.114349,135 US Highway 319 S,,Moultrie,GA,31768,7952,COLQUITT
Qwickserv/ Chevron Foodmart,-83.776802,31.207254,1350 Veterans Pkwy N,,Moultrie,GA,31788,1911,COLQUITT
Packers Food Mart,-83.789452,31.196875,1409 N Main St,,Moultrie,GA,31768,2910,COLQUITT
Fastrac,-83.730774,31.14749,1435 Highway 133 South,,Moultrie,GA,31788,2103,COLQUITT
Market Seafood,-83.769661,31.178625,1517 1st Ave SE,,Moultrie,GA,31768,5013,COLQUITT
Marathon Food Mart,-83.765785,31.184788,1520 4th Ave NE,,Moultrie,GA,31768,4136,COLQUITT
Dollar General 10040,-83.811531,31.183208,1575 Camilla Hwy,,Moultrie,GA,31768,2829,COLQUITT
Market Produce Llc,-83.766792,31.177984,1609 1st Ave SE,,Moultrie,GA,31768,5015,COLQUITT
Dollar General 21472,-83.787025,31.20026,165 US Highway 319 N,,Moultrie,GA,31768,4102,COLQUITT
Fastrac,-83.777336,31.153255,1881 Tallokas Rd,,Moultrie,GA,31768,7687,COLQUITT
DOLLAR GENERAL 2331,-83.762817,31.176306,1908 1st Ave SE,,Moultrie,GA,31768,5154,COLQUITT
Dollar General 15573,-83.825073,31.237747,1936 GA Highway 133 S,,Moultrie,GA,31768,2677,COLQUITT
Joe Kems Market,-83.788773,31.159065,2 Tallokas Rd,,Moultrie,GA,31768,5961,COLQUITT
Miranchito Mexican Store,-83.761925,31.176498,2020 1st Ave SE,,Moultrie,GA,31768,2925,COLQUITT
Walgreens 12756,-83.757835,31.175344,2025 1st Ave SE,,Moultrie,GA,31788,5155,COLQUITT
Save A Lot 24733,-83.781715,31.173552,205 6th St SE,,Moultrie,GA,31768,4840,COLQUITT
Dollar General 2646,-83.782112,31.136883,2601 S Main St,,Moultrie,GA,31768,6531,COLQUITT
One Stop 4,-83.78157,31.134611,2725 S Main St,,Moultrie,GA,31768,6906,COLQUITT
Family Dollar 11216,-83.808235,31.180737,2795 West Blvd,,Moultrie,GA,31768,,COLQUITT
Susie Q's 35,-83.748955,31.172039,2819 1st Ave SE,,Moultrie,GA,31788,6256,COLQUITT
DollarTree 9865,-83.781715,31.173378,305 6th St SE,,Moultrie,GA,31768,4842,COLQUITT
Publix 1540,-83.761688,31.186707,378 Veterans Pkwy N,,Moultrie,GA,31788,4171,COLQUITT
Fastrac 1,-83.76252,31.187389,401 Veterans Pkwy N,,Moultrie,GA,31788,9120,COLQUITT
Bishop's Cigarette Outlet,-83.787971,31.175556,402 1st St SE,,Moultrie,GA,31768,4733,COLQUITT
Lukas,-83.794655,31.179644,503 W Central Ave,,Moultrie,GA,31768,3661,COLQUITT
Murphy Express 8512,-83.760841,31.172112,505 Veterans Pkwy S,,Moultrie,GA,31788,8809,COLQUITT
One Stop 5,-83.780022,31.137835,515 26th Ave SE,,Moultrie,GA,31768,6752,COLQUITT
LA REYNA,-83.785851,31.176687,524 3rd Ave SE,,Moultrie,GA,31768,4800,COLQUITT
Solar Food 24,-83.779671,31.20801,527 US Highway 319 N,,Moultrie,GA,31768,1825,COLQUITT
DollarTree 829,-83.761452,31.168774,603 Veterans Pkwy S,,Moultrie,GA,31788,8811,COLQUITT
Best Little Store In Georgia,-83.796242,31.1796,619 W Central Ave,,Moultrie,GA,31768,3663,COLQUITT
SONNY'S MEATS,-83.777489,31.172684,620 10th St SE,,Moultrie,GA,31768,4943,COLQUITT
Walmart 952,-83.757942,31.17024,641 Veterans Pkwy S,,Moultrie,GA,31788,8843,COLQUITT
Susie Q's 11,-83.740356,31.162914,800 GA Highway 133 S,,Moultrie,GA,31768,9137,COLQUITT
Fastrac Travel Center,-83.758713,31.221109,1331 US Highway 319 N,,Norman Park,GA,31771,4588,COLQUITT
Dollar General 7451,-83.68483,31.27865,214 Chafin St,,Norman Park,GA,31771,6046,COLQUITT
Dollar General Store 17497,-83.58741,31.182362,245 Baker St,,Norman Park,GA,31771,5270,COLQUITT
FLINT RIVER GROCERY,-83.685333,31.273247,4351 US Highway 319 N,,Norman Park,GA,31771,6045,COLQUITT
DH Food Mart,-83.572372,31.291649,4257 Ellenton Omega Rd,,Omega,GA,31775,3424,COLQUITT
Sam's Club 8115,-82.08683,33.500004,596 BOBBY JONES EXPY,,AUGUSTA,GA,30907,,COLUMBIA
Dollar General 17190,-82.314835,33.532482,1821 Appling Harlem Rd,,Appling,GA,30802,3720,COLUMBIA
Circle K 5586,-82.314476,33.533127,1825 Appling Harlem Rd,,Appling,GA,30802,3720,COLUMBIA
Dollar General 15094,-82.334396,33.6614,6572 Washington Rd,,Appling,GA,30802,4101,COLUMBIA
Tienda Latina La Chiapaneca,-82.139519,33.506992,101 Maple Dr,Ste 3,Augusta,GA,30907,4274,COLUMBIA
Circle K Store 3167,-82.076668,33.51704,190 Baston Rd,,Augusta,GA,30907,2902,COLUMBIA
DOLLAR GENERAL 6115,-82.138123,33.496075,210 S Belair Rd,,Augusta,GA,30907,9301,COLUMBIA
Nouria 221 Bobby Jones Expressway 833,-82.092842,33.506924,221 Bobby Jones Expy,,Augusta,GA,30907,3404,COLUMBIA
Murphy Express 8566,-82.090614,33.507935,224 Bobby Jones Expy,Suite 1,Augusta,GA,30907,,COLUMBIA
ALDI 76021,-82.092682,33.506409,227 Bobby Jones Expy,,Augusta,GA,30907,3404,COLUMBIA
Kashmir Bazaar Inc 1,-82.090019,33.504871,248 Bobby Jones Expy,Ste F,Augusta,GA,30907,5349,COLUMBIA
Walmart SUPERCENTER 1227,-82.085854,33.504456,260 Bobby Jones Expy,,Augusta,GA,30907,2433,COLUMBIA
Pilot Travel Center 144,-82.029617,33.525227,2975 Gun Club Rd,,Augusta,GA,30907,4880,COLUMBIA
Walmart Neighborhood Market 4206,-82.137421,33.494228,300 S Belair Rd,,Augusta,GA,30907,9337,COLUMBIA
DollarTree 9781,-82.06572,33.516838,3241 Washington Rd,Ste G - H,Augusta,GA,30907,4130,COLUMBIA
Z's Oriental Market,-82.135719,33.489601,337 S Belair Rd,Ste G,Augusta,GA,30907,8865,COLUMBIA
CVS PHARMACY 2359,-82.074883,33.517025,3527 Old Petersburg Rd,,Augusta,GA,30907,2919,COLUMBIA
Augusta Deshi Grocery,-82.079521,33.518387,3558 River Watch Pkwy,,Augusta,GA,30907,3682,COLUMBIA
FOOD LION 1596,-82.136513,33.487015,365 S Belair Rd,,Augusta,GA,30907,8837,COLUMBIA
Express Gas,-82.08181,33.514805,3701 Washington Rd,,Augusta,GA,30907,2847,COLUMBIA
Cho Ba Mien Asian Market,-82.088737,33.512329,3830 Washington Rd,Ste 35,Augusta,GA,30907,5091,COLUMBIA
DollarTree 4224,-82.088509,33.510803,3830 Washington Rd,Ste 4,Augusta,GA,30907,5065,COLUMBIA
Parker's 149,-82.095169,33.510052,3900 Washington Rd,,Augusta,GA,30907,2322,COLUMBIA
Circle K Store 5343,-82.100029,33.509747,3934 Washington Rd,,Augusta,GA,30907,2349,COLUMBIA
Jarriel Farms,-82.096191,33.501705,3971 Concord Pl,,Augusta,GA,30907,2207,COLUMBIA
Beauty Smile,-82.108986,33.527908,4099 River Watch Pkwy,Ste 4113,Augusta,GA,30907,3343,COLUMBIA
Sprint 900720,-82.132484,33.486008,424 S Belair Rd,,Augusta,GA,30907,9601,COLUMBIA
Circle K Store 5342,-82.141403,33.507946,4473 Columbia Rd,,Augusta,GA,30907,4261,COLUMBIA
Circle K Store 0889,-82.106285,33.521294,457 Old Evans Rd,,Augusta,GA,30907,4305,COLUMBIA
Sprint 900721,-82.109047,33.490238,500 Flowing Wells Rd,,Augusta,GA,30907,9713,COLUMBIA
Circle K Store 3185,-82.079346,33.538033,511 Furys Ferry Rd,,Augusta,GA,30907,9059,COLUMBIA
Sprouts Farmers Market 528,-82.057236,33.536213,630 Crane Creek Dr,,Augusta,GA,30907,0004,COLUMBIA
Circle K 5375,-82.089539,33.550533,695 Furys Ferry Rd,,Augusta,GA,30907,9064,COLUMBIA
Dollar General 22787,-82.051598,33.526031,802 Stevens Creek Road,,Augusta,GA,30907,,COLUMBIA
PUBLIX 1286,-82.193306,33.573509,5119 WASHINGTON RD,,EVANS,GA,30809,,COLUMBIA
CVS PHARMACY 945,-82.116852,33.56847,1044 Furys Ferry Rd,,Evans,GA,30809,4208,COLUMBIA
Circle K Store 3182,-82.116173,33.569633,1045 Furys Ferry Rd,,Evans,GA,30809,4248,COLUMBIA
CIRCLE K STORE 2725,-82.126457,33.538601,2402 N Belair Rd,,Evans,GA,30809,,COLUMBIA
TARGET STORE T-2027,-82.117935,33.527084,4223 Washington Rd,,Evans,GA,30809,3069,COLUMBIA
Circle K Store 5381,-82.12561,33.53249,4256 Washington Rd,,Evans,GA,30809,3087,COLUMBIA
PUBLIX 526,-82.127541,33.533455,4274 Washington Rd,,Evans,GA,30809,3070,COLUMBIA
Walgreens 10602,-82.129112,33.53698,4310 Washington Rd,,Evans,GA,30809,3957,COLUMBIA
KROGER 414,-82.132187,33.541737,4355 Washington Rd,,Evans,GA,30809,3939,COLUMBIA
CVS PHARMACY 2407,-82.13092,33.53363,4385 Herford,,Evans,GA,30809,,COLUMBIA
DOLLAR GENERAL 1257,-82.134819,33.540985,4388 Washington Rd,,Evans,GA,30809,3938,COLUMBIA
Circle K Store 3177,-82.137924,33.543472,4403 Washington Rd,,Evans,GA,30809,3801,COLUMBIA
DollarTree 1134,-82.139336,33.545025,4435 Washington Rd,,Evans,GA,30809,6327,COLUMBIA
Dollar General 30665,-82.140709,33.521904,4449 Owens Rd,,Evans,GA,30809,3033,COLUMBIA
Walmart S/C 3570,-82.144272,33.54533,4469 Washington Rd,,Evans,GA,30809,3807,COLUMBIA
Circle K Store 5587,-82.156654,33.554512,4649 Washington Rd,,Evans,GA,30809,3805,COLUMBIA
Parker's 104,-82.19062,33.570618,5095 Washington Rd,,Evans,GA,30809,,COLUMBIA
CVS PHARMACY 8960,-82.19236,33.571995,5101 Washington Rd,,Evans,GA,30809,6445,COLUMBIA
The Pumping Station #18 18,-82.19191,33.570107,5142 Washington Rd,,Evans,GA,30809,5896,COLUMBIA
Walmart 7339,-82.207672,33.4543,5303A WRIGHTSBORO RD,,GROVETOWN,GA,30813,,COLUMBIA
La Guadalajara #2,-82.208977,33.454185,106 Harlem Grovetown Rd,,Grovetown,GA,30813,2645,COLUMBIA
Am Pm Convenience Stores Inc 2,-82.208824,33.453594,110 Harlem Grovetown Rd,,Grovetown,GA,30813,2645,COLUMBIA
K & M Mart,-82.197952,33.476276,281 Meridian Drive,,Grovetown,GA,30813,,COLUMBIA
Circle K 2701875,-82.177361,33.436279,3003 Gordon Hwy,,Grovetown,GA,30813,,COLUMBIA
ALDI 76019,-82.199989,33.478405,3020 Gateway Blvd,,Grovetown,GA,30813,,COLUMBIA
Murphy Express 8578,-82.19693,33.478809,4009 Gateway Blvd,,Grovetown,GA,30813,3195,COLUMBIA
Gas Pro 3 3,-82.130478,33.475079,4311 Wrightsboro Rd,,Grovetown,GA,30813,3209,COLUMBIA
Kroger 644,-82.199623,33.489971,435 Lewiston Rd,,Grovetown,GA,30813,4221,COLUMBIA
Circle K 4464,-82.199745,33.48838,440 Lewiston Rd,,Grovetown,GA,30813,4217,COLUMBIA
Dollar General 30398,-82.140953,33.475826,4449 Wrightsboro Rd,,Grovetown,GA,30813,3215,COLUMBIA
Gas Pro Columbia Road,-82.167625,33.504456,4800 Columbia Rd,,Grovetown,GA,30813,5209,COLUMBIA
Sprint 900749,-82.178009,33.464214,4915 Wrightsboro Rd,,Grovetown,GA,30813,3138,COLUMBIA
Walmart SUPERSTORE 5735,-82.195969,33.481808,5010 Steiner Way,,Grovetown,GA,30813,,COLUMBIA
Circle K Store 5374,-82.194321,33.458164,5101 Wrightsboro Rd,,Grovetown,GA,30813,3050,COLUMBIA
CVS Pharmacy 4589,-82.195152,33.458214,5105 Wrightsboro Rd,,Grovetown,GA,30813,3050,COLUMBIA
Col-Mex Covenience Store,-82.195122,33.457733,5108 Wrightsboro Rd,Ste B,Grovetown,GA,30813,2876,COLUMBIA
DOLLAR GENERAL 4954,-82.197983,33.457218,5130 Wrightsboro Rd,,Grovetown,GA,30813,2802,COLUMBIA
KJ's Market-Grovetown 697,-82.200325,33.458412,5155 Wrightsboro Rd,,Grovetown,GA,30813,2803,COLUMBIA
Food Lion 2143,-82.20031,33.50919,5157 Columbia Rd,,Grovetown,GA,30813,5213,COLUMBIA
Parker's 107,-82.200584,33.50766,5170 Columbia Rd,,Grovetown,GA,30813,5205,COLUMBIA
Dollar General 11587,-82.226418,33.515888,5380 Columbia Rd,,Grovetown,GA,30813,5117,COLUMBIA
3ts Farms,-82.216934,33.506046,557 Great Fls,,Grovetown,GA,30813,5283,COLUMBIA
Family Dollar 11864,-82.184868,33.441723,617 E Robinson Ave,,Grovetown,GA,30813,2224,COLUMBIA
Dollar General 24907,-82.178993,33.438225,685 E Robinson Ave,,Grovetown,GA,30813,2224,COLUMBIA
DollarTree 8477,-82.178322,33.43766,702 E Robinson Ave,,Grovetown,GA,30813,2284,COLUMBIA
DollarTree 10239,-82.192436,33.459927,850 Horizon South Pkwy,,Grovetown,GA,30813,3037,COLUMBIA
Walgreens 15592,-82.193695,33.458069,898 Horizon South Pkwy,,Grovetown,GA,30813,3037,COLUMBIA
Parker's 89,-82.198738,33.480202,925 Husk Box Way,,Grovetown,GA,30813,3384,COLUMBIA
DollarTree 7384,-82.194878,33.481956,975 Branch Ct,,Grovetown,GA,30813,3325,COLUMBIA
Harlem Express,-82.312027,33.414627,110 E Milledgeville Rd,,Harlem,GA,30814,3627,COLUMBIA
Pumpkin Center,-82.315636,33.480743,1313 Appling Harlem Rd,,Harlem,GA,30814,4130,COLUMBIA
Sprint 900733,-82.315605,33.48045,1325 Appling Harlem Rd,,Harlem,GA,30814,4130,COLUMBIA
Harlem Mini Mart,-82.315407,33.415234,175 W Milledgeville Rd,,Harlem,GA,30814,5118,COLUMBIA
Dollar General 24880,-82.307686,33.41404,180 E Milledgeville Rd,,Harlem,GA,30814,3627,COLUMBIA
Family Dollar 4156,-82.309372,33.413761,250 E Milledgeville Rd,,Harlem,GA,30814,3625,COLUMBIA
Kj's Market- Harlem 654,-82.317978,33.41621,305 W Milledgeville Rd,,Harlem,GA,30814,5119,COLUMBIA
Jet Food Store 9,-82.312607,33.414448,345 E Milledgeville Rd,,Harlem,GA,30814,3442,COLUMBIA
Dollar General 10577,-82.324944,33.417259,601 W Milledgeville Rd,,Harlem,GA,30814,5086,COLUMBIA
Dollar General 20562,-82.262726,33.474014,863 Louisville Rd,,Harlem,GA,30814,4201,COLUMBIA
PUBLIX 534,-82.07457,33.529743,403 FURY'S FERRY ROAD,,MARTINEZ,GA,30907,,COLUMBIA
KROGER 294,-82.10807,33.508118,4115 COLUMBIA RD,,MARTINEZ,GA,30907,,COLUMBIA
DOLLAR GENERAL 1094,-82.077103,33.519096,210 Baston Rd,,Martinez,GA,30907,2904,COLUMBIA
Walmart Neighborhood Market 5813,-82.087189,33.550014,3851 Evans to Locks Rd,,Martinez,GA,30907,4914,COLUMBIA
Circle K 5382,-82.133522,33.486126,403 S Belair Rd,,Martinez,GA,30907,9602,COLUMBIA
WALGREEN 6395,-82.140869,33.5075,4470 Columbia Rd,,Martinez,GA,30907,4263,COLUMBIA
Walgreens 7772,-82.089653,33.549591,672 Furys Ferry Rd,,Martinez,GA,30907,8945,COLUMBIA
Liberty 7,-83.418869,31.122601,100 Old Quitman Rd,,Adel,GA,31620,5145,COOK
Quick Gas 8,-83.437782,31.12159,1006 S Elm St,,Adel,GA,31620,3318,COOK
Quick Change 6,-83.425087,31.140694,101 W 1st St,,Adel,GA,31620,2301,COOK
Dollar General 25564,-83.419426,31.123594,1014 S Hutchinson Ave,,Adel,GA,31620,5100,COOK
Gaskin's Grocery,-83.417648,31.122835,1103 S Hutchinson Ave,,Adel,GA,31620,5281,COOK
DOLLAR GENERAL 845,-83.432945,31.134771,115 N Elm St,,Adel,GA,31620,2434,COOK
Shell Food Mart,-83.440193,31.13607,1201 W 4th St,,Adel,GA,31620,2912,COOK
Murphy USA 7615,-83.440704,31.136677,129 Alabama Rd,,Adel,GA,31620,2907,COOK
Circle K #2707043 2707043,-83.442566,31.141958,1402 W 4th St,,Adel,GA,31620,2931,COOK
Adel Truck Plaza,-83.443558,31.138258,1503 W 4th St,,Adel,GA,31620,2936,COOK
Walmart Supercenter 7194,-83.441101,31.129543,351 Alabama Rd,,Adel,GA,31620,3818,COOK
DollarTree 7132,-83.428253,31.135715,403 4th St,,Adel,GA,31620,,COOK
Family Dollar 331,-83.430077,31.135244,507 W 4th St,,Adel,GA,31620,2608,COOK
Neighborhood Mart,-83.431984,31.134464,711 W 4th St,,Adel,GA,31620,2657,COOK
PIGGLY WIGGLY 275,-83.432655,31.135971,714 W 4th St,,Adel,GA,31620,,COOK
Chevron Food Store,-83.400238,31.043518,1770 Old Coffee Road,,Cecil,GA,31627,,COOK
FW Convenience Store,-83.398453,31.044008,1975 Old Coffee Road,,Cecil,GA,31627,,COOK
Dollar General 21348,-83.394516,31.045027,2109 Old Coffee Road,,Cecil,GA,31627,,COOK
Marathon Food Mart,-83.47287,31.267776,271 Kinard Bridge Rd,,Lenox,GA,31637,5304,COOK
DOLLAR GENERAL 6927,-83.465149,31.271452,42 S Robinson St,,Lenox,GA,31637,7100,COOK
DOLLAR GENERAL 8572,-83.436516,31.165604,109 S Goodman St,,Sparks,GA,31647,7547,COOK
Sparks Food Mart,-83.437416,31.165529,110 S Goodman St,,Sparks,GA,31647,7548,COOK
Fac Corp,-83.446861,31.166584,505 W Colquitt St,,Sparks,GA,31647,7611,COOK
Neighborhood Grocery,-84.836296,33.234615,20 Lagrange St,,Grantville,GA,30220,1755,COWETA
DOLLAR GENERAL 9113,-84.836945,33.234444,21 Lagrange St,,Grantville,GA,30220,,COWETA
Fraziers - Grantville,-84.812225,33.239513,5320 Highway 29,,Grantville,GA,30220,2135,COWETA
DOLLAR GENERAL 10653,-84.567451,33.234997,572 Highway 85,,Haralson,GA,30229,,COWETA
Nifty Foods,-84.764839,33.278748,3226 S Highway 27,,Moreland,GA,30259,2401,COWETA
Race Trac 298,-84.754128,33.397366,1 Amlajack Blvd,,Newnan,GA,30265,1015,COWETA
WALGREEN 9890,-84.761711,33.396248,1 Millard Farmer Ind Blvd,,Newnan,GA,30263,1078,COWETA
HEMRICK SUPER THRIFT,-84.821159,33.385822,10 Franklin Rd,,Newnan,GA,30263,1701,COWETA
Mobil Food Mart,-84.794762,33.400776,10 The Crescent,,Newnan,GA,30263,6260,COWETA
PUBLIX 0786,-84.686295,33.409477,100 Glenda Trce,,Newnan,GA,30265,3863,COWETA
JD Food Mart,-84.808662,33.380375,100 Temple Ave,,Newnan,GA,30263,1625,COWETA
Greison Trail Food Mart 0,-84.778198,33.368385,101 Greison Trl,,Newnan,GA,30263,1442,COWETA
Marathon Food Mart,-84.745049,33.397526,1010 Hwy 34 E,Unit B,Newnan,GA,30263,,COWETA
Walmart 494,-84.743591,33.393524,1025 Highway 34 E,,Newnan,GA,30265,6803,COWETA
CVS PHARMACY 962,-84.754799,33.374485,1035 Fayetteville Rd,,Newnan,GA,30265,1321,COWETA
QUIKTRIP 813,-84.743866,33.396954,1060 Bullsboro Dr,,Newnan,GA,30265,1320,COWETA
ALDI 76008 76008,-84.743637,33.396927,1064 Highway 34 E,,Newnan,GA,30265,1320,COWETA
Dollar General 5711,-84.745422,33.336178,1108 Highway 16 E,,Newnan,GA,30263,5245,COWETA
PUBLIX 1143,-84.752571,33.374378,1111 Lower Fayetteville Rd,,Newnan,GA,30265,,COWETA
Papa Murphy's GA017,-84.752419,33.374477,1111 Lower Fayetteville Rd,Ste 900,Newnan,GA,30265,6505,COWETA
Texaco Food Mart 0,-84.810005,33.380512,114 Temple Ave,,Newnan,GA,30263,1671,COWETA
Family Dollar 318,-84.795532,33.382015,121 Jefferson St,,Newnan,GA,30263,1420,COWETA
LAKESIDE SHELL,-84.738953,33.396954,1215 Highway 34 E,Ste A,Newnan,GA,30265,2355,COWETA
Food Depot 37,-84.776703,33.388317,124 Bullsboro Dr,,Newnan,GA,30263,1018,COWETA
Neighbors Market,-84.840111,33.384911,127 Franklin Rd,,Newnan,GA,30263,1373,COWETA
Welcome Station,-84.879013,33.396889,1339 Welcome Rd,,Newnan,GA,30263,4411,COWETA
Little Peach,-84.733688,33.398373,1385 Highway 34 E,,Newnan,GA,30265,2178,COWETA
D J'S GROCERY,-84.814201,33.377022,140 W Washington St,Ste I,Newnan,GA,30263,2159,COWETA
ORIENTIAL MARKET PLACE,-84.730064,33.39843,1485 Highway 34 E,Ste 3C,Newnan,GA,30265,6408,COWETA
Coweta Country Junction,-84.7724,33.420708,1502 Highway 29 N,,Newnan,GA,30263,4738,COWETA
Family Dollar 4751,-84.813858,33.382984,159 Temple Ave,Ste A,Newnan,GA,30263,1669,COWETA
Pilot Travel Center 422,-84.776543,33.319923,1645 Highway 29 S,,Newnan,GA,30263,5296,COWETA
DollarTree 8759,-84.815147,33.383083,166 Temple Ave,,Newnan,GA,30263,1658,COWETA
Newnan BP Foodmart,-84.725082,33.401165,1670 Highway 34 E,,Newnan,GA,30265,1324,COWETA
DOLLAR GENERAL 8845,-84.684189,33.411419,170 Glenda Trce,,Newnan,GA,30265,3863,COWETA
KROGER 647,-84.751785,33.377098,1751 Newnan Crossing Blvd E,,Newnan,GA,30265,1517,COWETA
DollarTree 9074,-84.754265,33.376068,1757 Newnan Crossing Blvd East,,Newnan,GA,30265,,COWETA
Newman One Stop,-84.672417,33.381512,1830 Sharpsburg McCullum Rd,,Newnan,GA,30265,1731,COWETA
Food Mart,-84.793694,33.362831,187 Greenville St,,Newnan,GA,30263,2657,COWETA
CROSSROADS CONVENIENCE STORE,-84.817307,33.444408,1935 Roscoe Rd,,Newnan,GA,30263,4002,COWETA
Newnan Texaco,-84.82679,33.312672,1996 Corinth Rd,,Newnan,GA,30263,7401,COWETA
Newnan Food Mart,-84.819855,33.385525,2 Franklin Rd,,Newnan,GA,30263,1312,COWETA
Little Giant Farmers Market 619,-84.862633,33.429554,2005 West Highway 16,,Newnan,GA,30263,,COWETA
Olde Towne Convenience,-84.806595,33.399281,203 Roscoe Rd,,Newnan,GA,30263,1243,COWETA
Walgreens 17278,-84.817848,33.385883,211 Temple Ave,,Newnan,GA,30263,1328,COWETA
DOLLAR GENERAL 6071,-84.773186,33.392235,216 Bullsboro Dr Ste B,,Newnan,GA,30263,3160,COWETA
Jackson Food Mart,-84.800232,33.392288,223 Jackson St,,Newnan,GA,30263,1157,COWETA
2235 Shell,-84.708397,33.403912,2235 Highway 34 E,,Newnan,GA,30265,2393,COWETA
Greenville Shell,-84.791847,33.360806,226 Greenville St,,Newnan,GA,30263,2633,COWETA
Frazier's at Jackson,-84.800354,33.392651,227 Jackson St,,Newnan,GA,30263,1157,COWETA
CVS Pharmacy 7214,-84.706429,33.40406,2305 Highway 34 E,,Newnan,GA,30265,1329,COWETA
Fraziers At Madras,-84.751572,33.43644,2344 Highway 29 N,,Newnan,GA,30265,1042,COWETA
Redspot 1,-84.792343,33.36018,235 Greenville St,,Newnan,GA,30263,2651,COWETA
Raymond Express,-84.704712,33.332401,2388 Highway 16 E,,Newnan,GA,30263,5251,COWETA
CVS Pharmacy 7216,-84.819221,33.386734,239 Temple Ave,,Newnan,GA,30263,1368,COWETA
Chevron Food Mart 0,-84.790642,33.382984,24 Bullsboro Dr,,Newnan,GA,30263,1462,COWETA
DollarTree 540,-84.759491,33.391216,241 Newnan Crossing Byp,,Newnan,GA,30265,1063,COWETA
DOLLAR GENERAL 4778,-84.819771,33.387142,245 Temple Ave,,Newnan,GA,30263,1369,COWETA
Crook's Inc,-84.819183,33.388771,249 Temple Ave,,Newnan,GA,30263,1369,COWETA
QuikTrip 1765,-84.767509,33.361782,25 Oak Ln,,Newnan,GA,30263,5721,COWETA
Supermercado Juquilita,-84.790413,33.356491,272 Greenville St,,Newnan,GA,30263,2652,COWETA
Racetrac 2573,-84.7528,33.360023,2901 Newnan Crossing Blvd E,,Newnan,GA,30265,2549,COWETA
Lightning Food Store,-84.691528,33.441921,30 Raymond Hill Rd,,Newnan,GA,30265,2255,COWETA
Khodal 369 Llc,-84.682961,33.407471,3079 Highway 34 E,,Newnan,GA,30265,2192,COWETA
Flash Foods LLC 2745121,-84.681778,33.408646,3096 Highway 34 E,,Newnan,GA,30265,1332,COWETA
Walgreens 2454,-84.681236,33.408657,3116 Highway 34 E,,Newnan,GA,30265,1342,COWETA
DollarTree 5575,-84.680176,33.407108,3137 Highway 34 E,,Newnan,GA,30265,,COWETA
KROGER 420,-84.680061,33.408005,3150 Highway 34 W,,Newnan,GA,30265,,COWETA
BJ's Membership Club 147,-84.762459,33.38979,331 Newnan Crossing Byp,,Newnan,GA,30265,1067,COWETA
Dollar General 24415,-84.763954,33.388905,338 Newnan Crossing Byp,,Newnan,GA,30265,1082,COWETA
PUBLIX 470,-84.763245,33.394737,370 Bullsboro Dr,,Newnan,GA,30263,1069,COWETA
Publix Super Markets Inc. 1816,-84.703171,33.448418,4000 Highway 29 N,,Newnan,GA,30265,1872,COWETA
Five Points Grocery,-84.779137,33.363499,44 E Newnan Rd,,Newnan,GA,30263,2230,COWETA
Citgo Express,-84.795746,33.399422,445 Highway 29 N,,Newnan,GA,30263,4735,COWETA
Newells Grocery,-84.795349,33.370346,45 Robinson St,Ste A,Newnan,GA,30263,2567,COWETA
Dollar General 31255,-84.792557,33.433594,46 Westridge Ct,,Newnan,GA,30263,4679,COWETA
KROGER 363,-84.787132,33.383327,48 Bullsboro Dr,,Newnan,GA,30263,1461,COWETA
Mercado Latino,-84.799294,33.371384,48 Greenville St,,Newnan,GA,30263,2629,COWETA
Little Giant Farmers Market 618,-84.796638,33.398823,487 Jackson Street,,Newnan,GA,30263,,COWETA
Dollar General Store 17507,-84.98143,33.338634,4889 Highway 34 W,,Newnan,GA,30263,4910,COWETA
Newnan Food Mart,-84.694962,33.445011,5 McCullum Sta,,Newnan,GA,30265,3890,COWETA
Citgo,-84.765984,33.397938,50 Millard Farmer Ind Blvd,,Newnan,GA,30263,1077,COWETA
CBS,-84.829407,33.358856,550 Smokey Rd,,Newnan,GA,30263,3067,COWETA
Target Store T-1223,-84.759872,33.395947,555 Bullsboro Dr,,Newnan,GA,30265,1045,COWETA
DOLLAR GENERAL 18369,-84.852722,33.38084,557 Highway 34 W,,Newnan,GA,30263,3093,COWETA
DOLLAR GENERAL 6822,-84.782349,33.330475,575 Pine Rd,,Newnan,GA,30263,7424,COWETA
Newnan Gas & Food Llc,-84.739525,33.378448,67 Market Square Rd,,Newnan,GA,30265,5614,COWETA
Supermercado Dos Hermanos,-84.820053,33.385277,7 Belk Rd,,Newnan,GA,30263,1700,COWETA
Carniceria Del Valle,-84.791122,33.380367,72 Farmer St,,Newnan,GA,30263,1437,COWETA
The Witcher Station,-84.83567,33.406765,775 Highway 16 W,,Newnan,GA,30263,4588,COWETA
Red And Eds,-84.801186,33.333527,874 Corinth Rd,,Newnan,GA,30263,5168,COWETA
Shelnutt Grocery,-84.853714,33.411243,978 Welcome Arnco Rd,,Newnan,GA,30263,4585,COWETA
Dollar General 15035,-84.787086,33.363857,99 Martin Luther King Dr,,Newnan,GA,30263,2449,COWETA
CVS PHARMACY 8907,-84.796638,33.398861,395 Jackson St,,Nwenan,GA,30263,,COWETA
COLLINSWORTH BP,-84.640747,33.501392,1046 Collinsworth Rd,,Palmetto,GA,30268,1621,COWETA
Dollar General 13719,-84.574287,33.2939,195 Village Cir,,Senoia,GA,30276,,COWETA
Frazier's At Senoia,-84.591263,33.2985,6599 Highway 16,,Senoia,GA,30276,2723,COWETA
Hit-N-Run Food Mart,-84.553581,33.297153,7814 Wells St,,Senoia,GA,30276,2048,COWETA
Publix Super Markets Inc. 1761,-84.545761,33.294151,8080 Wells St,,Senoia,GA,30276,1905,COWETA
Flash Foods LLC 2745164,-84.54393,33.292805,8144 Wells St,,Senoia,GA,30276,1906,COWETA
Sam's Club 4789,-84.624527,33.400558,310 Fischer Rd,,Sharpsburg,GA,30277,,COWETA
Fraziers One Stop,-84.68454,33.339134,3124 Highway 16 E,,Sharpsburg,GA,30277,2599,COWETA
Flowers Bakery Outlet 50001370,-84.673042,33.341705,3506 Highway 16 E,,Sharpsburg,GA,30277,2211,COWETA
Costco Wholesale 1361,-84.618698,33.397503,40 Fischer Crossing Dr,,Sharpsburg,GA,30277,3664,COWETA
Publix Super Markets Inc. 1890,-84.62851,33.399216,4957 Highway 34 E,,Sharpsburg,GA,30277,3505,COWETA
Dollar General 15130,-84.643372,33.346024,6742 Highway 54,,Sharpsburg,GA,30277,2349,COWETA
Fraziers Sharpsburg,-84.660797,33.359173,897 Highway 154,,Sharpsburg,GA,30277,2329,COWETA
Sugar Bear 2,-83.780319,32.716869,4605 Boy Scout Rd,,Byron,GA,31008,8841,CRAWFORD
Dollar General 22101,-83.778458,32.71772,4620 Boy Scout Rd,,Byron,GA,31008,8842,CRAWFORD
Crossroads Store,-83.860916,32.674538,77 Marshall Mill Rd,,Fort Valley,GA,31030,9398,CRAWFORD
Sandy Point Grocery,-83.89151,32.755726,3737 Sandy Point Rd,,Lizella,GA,31052,7047,CRAWFORD
Sugar Bear #1,-83.848381,32.758598,6333 Marshall Mill Rd,,Lizella,GA,31052,7801,CRAWFORD
Dollar General 18002,-83.845123,32.761002,6541 Marshall Mill Rd,,Lizella,GA,31052,7305,CRAWFORD
Dollar General 25724,-83.99781,32.725082,20 Fairplay Hill Rd,,Musella,GA,31066,3646,CRAWFORD
Dickey Farms Inc.,-84.028763,32.797722,3440 Musella Rd,,Musella,GA,31066,4000,CRAWFORD
Rjm Food Mart,-84.012924,32.720676,145 N Dugger Ave,,Roberta,GA,31078,4815,CRAWFORD
DOLLAR GENERAL 9351,-84.013596,32.722378,250 N Dugger Ave,,Roberta,GA,31078,4847,CRAWFORD
Three Lakes Ranch General Store,-84.010178,32.720123,26 Wright Ave,,Roberta,GA,31078,4932,CRAWFORD
Dollar General 19880,-83.741112,31.834257,3985 Bedgood Ave,,Arabi,GA,31712,3678,CRISP
Bailey Meats Llc,-83.661415,31.852837,774 Brock Rd,,Arabi,GA,31712,2269,CRISP
DOLLAR GENERAL 4025,-83.764992,31.963184,1101 N 16TH AVE E,,CORDELE,GA,31015,,CRISP
ALDI 82236,-83.767685,31.964468,1011 E 16th Ave,,Cordele,GA,31015,1539,CRISP
Cost Kutter 495,-83.78186,31.965076,102 E 14th Ave,Ste C,Cordele,GA,31015,1473,CRISP
Love's Travel Stop 801,-83.784279,31.968981,102 E 8th Ave,I75 Exit,Cordele,GA,31015,4354,CRISP
WALGREEN 9849,-83.766174,31.963037,1024 E 16th Ave,,Cordele,GA,31015,1538,CRISP
Walmart 1006,-83.760941,31.964001,1215 E 16th Ave,,Cordele,GA,31015,4585,CRISP
Murphy USA 7923,-83.761711,31.96244,1305 E 16th Ave,,Cordele,GA,31015,5328,CRISP
COUNTRY STORE,-83.746994,31.97612,1335 GA Highway 257,,Cordele,GA,31015,9116,CRISP
Dollar General 22951,-83.746033,31.976913,1347 State Hwy 257 North,,Cordele,GA,31015,,CRISP
DollarTree 916,-83.758682,31.96287,1411 E 16th Ave,Ste O,Cordele,GA,31015,5362,CRISP
Flash Foods 274144,-83.754234,31.961107,1711 E 16th Ave,,Cordele,GA,31015,5308,CRISP
Stop & Go,-83.793381,31.989906,2001 US Highway 41 N,,Cordele,GA,31015,9697,CRISP
Shell Food Mart,-83.748962,31.95999,2105 E 16th Ave,,Cordele,GA,31015,5312,CRISP
QuikTrip 7076,-83.747879,31.958809,2110 E 16th Ave,,Cordele,GA,31015,5311,CRISP
CVS Pharmacy 4267,-83.779945,31.963112,214 E 16th Ave,,Cordele,GA,31015,1622,CRISP
Pilot Travel Center 416,-83.745636,31.9589,2201 E 16th Ave,,Cordele,GA,31015,5376,CRISP
El Paso,-83.794189,31.992706,2203 US Highway 41 N,,Cordele,GA,31015,9600,CRISP
STRIPLING'S GEN STORE INC,-83.909523,31.860357,2289 GA Highway 300 S,,Cordele,GA,31015,6313,CRISP
Horizon Cordele,-83.911568,31.858418,2302 GA Highway 300 S,,Cordele,GA,31015,6314,CRISP
SALT LICK SAUSAGE COMPANY,-83.912964,31.856808,2346 GA Highway 300 S,,Cordele,GA,31015,6314,CRISP
Family Dollar 13808,-83.915276,31.850351,2434 GA Highway 300 S,,Cordele,GA,31015,6316,CRISP
Hobbs Grocery,-83.911964,31.968481,2452 US Highway 280 W,,Cordele,GA,31015,9337,CRISP
Quick Buys,-83.916069,31.849922,2456 GA Highway 300 S,,Cordele,GA,31015,6316,CRISP
STRIPLING'S GENERAL STORE INC #2,-83.912918,31.967955,2470 US Highway 280 W,,Cordele,GA,31015,9380,CRISP
Dollar General 16977,-83.913658,31.967846,2490 Hwy 280 W,,Cordele,GA,31015,,CRISP
Family Dollar 10889,-83.784805,31.955053,302 W 24th Ave,,Cordele,GA,31015,3821,CRISP
Cordele Food Mart,-83.777878,31.955015,316 E 24th Ave,Ste B,Cordele,GA,31015,2231,CRISP
Grinders Meat Company,-83.765175,31.965796,401 S Pecan St,Ste A,Cordele,GA,31015,4575,CRISP
Nouria 402 7th Street 180,-83.782364,31.97216,402 N 7th St,,Cordele,GA,31015,4365,CRISP
Dollar General 2386,-83.78315,31.96554,402 S 7th St,,Cordele,GA,31015,1441,CRISP
E Z Stop Food Mart,-83.776077,31.964008,501 E 16th Ave,,Cordele,GA,31015,1725,CRISP
Quick Mart #17,-83.788231,31.963179,501 W 16th Ave,,Cordele,GA,31015,2462,CRISP
Divya Foodmart Llc,-83.7882,31.95509,503 W 24th Ave,,Cordele,GA,31015,6953,CRISP
Speedway 1887,-83.756042,31.962185,510 N Greer St,,Cordele,GA,31015,,CRISP
Happy Mart,-83.775223,31.975527,513 E 5th Ave,,Cordele,GA,31015,3628,CRISP
YOUR SUPERMARKET,-83.789948,31.96319,605B W 16th Ave,,Cordele,GA,31015,2464,CRISP
Family Dollar 12903,-83.782272,31.975439,704 N 7th St,,Cordele,GA,31015,3271,CRISP
Flint River Food Mart,-83.768951,31.963221,904 E 16th Ave,,Cordele,GA,31015,1516,CRISP
Vardayani Inc,-85.417946,34.921978,9712 Scenic Hwy,,Lookout Mountain,GA,30750,4138,DADE
Canyon Quick Stop,-85.47963,34.810368,12166 Highway 136,,Rising Fawn,GA,30738,4311,DADE
Kwik Serv 11,-85.542931,34.771526,315 Deer Head Cove Rd,,Rising Fawn,GA,30738,4853,DADE
Pilot Travel Center 415,-85.543098,34.772072,319 Deer Head Cove Rd,,Rising Fawn,GA,30738,4853,DADE
Dollar General 21380,-85.475044,34.810139,45 Scenic Hwy,,Rising Fawn,GA,30738,4337,DADE
Dollar General 21389,-85.538391,34.772415,70 Deer Head Cove Rd,,Rising Fawn,GA,30738,4810,DADE
INGLES MARKETS 408,-85.512482,34.867886,300 S. Main St.,,TRENTON,GA,30752,,DADE
B Mart,-85.593437,34.930531,10125 Highway 301,,Trenton,GA,30752,5006,DADE
Food City 233,-85.517906,34.86832,112 Crimson Dr,,Trenton,GA,30752,,DADE
Dollar General 23251,-85.51416,34.865829,11858 S Main St,,Trenton,GA,30752,2834,DADE
Mingle On The Square FFAB,-85.508652,34.873096,12345 S Main St,,Trenton,GA,30752,5150,DADE
DOLLAR GENERAL 3306,-85.507202,34.874496,12574 N Main St,,Trenton,GA,30752,2227,DADE
Circle K 2723528,-85.510345,34.870289,190 S Main St,,Trenton,GA,30752,,DADE
Dollar General 31811,-85.480827,34.942554,2360 Slygo Rd,,Trenton,GA,30752,4504,DADE
Slygo Fast Stop LLC,-85.478943,34.942627,2481 Slygo Rd,,Trenton,GA,30752,4101,DADE
Dollar General 30644,-85.549477,34.864361,3184 Highway 301,,Trenton,GA,30752,4732,DADE
Dollar General 22607,-85.591408,34.930542,35 Smith Rd,,Trenton,GA,30752,5030,DADE
Food Outlet,-85.525307,34.868542,4645 Highway 136,,Trenton,GA,30752,2908,DADE
DOLLAR GENERAL 9728,-85.520805,34.869747,4929 Highway 136,,Trenton,GA,30752,2908,DADE
MAPCO Express Inc. 3523,-85.517677,34.869064,5090 Highway 136,,Trenton,GA,30752,2903,DADE
DollarTree 6567,-85.512901,34.868504,5404 Highway 136,,Trenton,GA,30752,2901,DADE
CVS Pharmacy 7755,-85.512871,34.869209,5431 Highway 136,,Trenton,GA,30752,2900,DADE
WILDWOOD COUNTRY STORE,-85.402596,34.979404,122 Life Style Ln,,Wildwood,GA,30757,4176,DADE
DOLLAR GENERAL 14026,-85.408646,34.978397,362 Highway 299,,Wildwood,GA,30757,4033,DADE
Pilot Travel Center 254,-85.415047,34.977673,650 Highway 299,,Wildwood,GA,30757,4031,DADE
Kwik Serv 14,-85.418633,34.978279,707 Highway 299,,Wildwood,GA,30757,4030,DADE
Circle K Store 2709343,-85.419701,34.978325,955 Highway 299,,Wildwood,GA,30757,4028,DADE
Harmony Church Chevron,-84.02317,34.380219,1322 Highway 400 N,,Dawsonville,GA,30534,7036,DAWSON
Publix 1542,-84.062332,34.336498,145 Forest Blvd,Ste 100,Dawsonville,GA,30534,,DAWSON
Race Trac 204,-84.052719,34.34446,1554 Highway 400 S,,Dawsonville,GA,30534,,DAWSON
Chevron Food Mart,-84.023804,34.340759,18 Blue Ridge Overlook,,Dawsonville,GA,30534,6852,DAWSON
Gold Creek Market,-84.096077,34.440594,2131 Highway 9 N,,Dawsonville,GA,30534,36ND,DAWSON
Barrettsville Food Store,-84.16526,34.339798,2237 Kelly Bridge Rd,,Dawsonville,GA,30534,5129,DAWSON
Dawsonville Exxon Food Mart,-84.123093,34.421673,236 Highway 53 W,,Dawsonville,GA,30534,3444,DAWSON
Bo's Food Mart,-84.07431,34.353603,2360 Dawson Forest Rd E,,Dawsonville,GA,30534,6713,DAWSON
Dollar General 6979,-84.12368,34.422455,30 Howser Mill Rd,,Dawsonville,GA,30534,3451,DAWSON
Dollar General 895,-84.031914,34.358398,31 TSC Dr,,Dawsonville,GA,30534,6199,DAWSON
Kroger 670,-84.052292,34.346642,378 Marketplace Pkwy,,Dawsonville,GA,30534,7266,DAWSON
War Hill Food Mart,-84.022171,34.340866,40 War Hill Park Rd,,Dawsonville,GA,30534,7377,DAWSON
INGLES MARKETS 441,-84.038078,34.361988,53 Highway 400 S,,Dawsonville,GA,30534,6833,DAWSON
DollarTree 7779,-84.052444,34.346062,534 Marketplace Pkwy,Ste 360,Dawsonville,GA,30534,7585,DAWSON
Circle K 2723337,-84.046249,34.375751,5425 Highway 53 E,,Dawsonville,GA,30534,,DAWSON
DollarTree 6149,-84.112152,34.416637,59 Main St,Ste 110,Dawsonville,GA,30534,4353,DAWSON
Food Lion 2132,-84.119934,34.421246,59 Main St,Ste 100,Dawsonville,GA,30534,,DAWSON
CVS PHARMACY 5640,-84.038017,34.365532,6327 Highway 53 E,,Dawsonville,GA,30534,6250,DAWSON
Dollar General 13612,-84.118011,34.336136,6533 Highway 9 S,,Dawsonville,GA,30534,,DAWSON
Omsai Silver City Inc,-84.117905,34.335464,6623 Highway 9 S,,Dawsonville,GA,30534,6556,DAWSON
Elliott Food Mart,-84.227005,34.511158,7430 Elliott Family Pkwy,Ste A,Dawsonville,GA,30534,1734,DAWSON
DOLLAR GENERAL 18133,-84.228409,34.511772,7473 Elliott Family Pkwy,,Dawsonville,GA,30534,1751,DAWSON
Neighborhood Convenience Store,-84.117485,34.421329,75 Highway 9 N,,Dawsonville,GA,30534,,DAWSON
Dollar General 25132,-84.098251,34.482559,7520 Dawsonville Hwy,,Dawsonville,GA,30534,,DAWSON
Circle K 2723318,-84.117447,34.420982,78 Highway 9 N,,Dawsonville,GA,30534,,DAWSON
DOLLAR GENERAL 18187,-84.010124,34.386299,960 Harmony Church Rd,,Dawsonville,GA,30534,7015,DAWSON
Walmart SUPERCENTER 3874,-84.043846,34.354095,98 Power Center Dr,,Dawsonville,GA,30534,9431,DAWSON
Dollar General 10631,-84.277985,34.412979,25 Holcombe Village Cir,,Marble Hill,GA,30148,2268,DAWSON
Lowes Foods 289,-84.280891,34.415344,70 Foothills Pkwy,,Marble Hill,GA,30148,2255,DAWSON
Piya Llc,-84.486633,30.749687,105 E Griffin Ave,,Attapulgus,GA,39815,2429,DECATUR
Dollar General 10046,-84.487778,30.774214,448 N Griffin Ave,,Attapulgus,GA,39815,2532,DECATUR
Bishops Travel Center,-84.381226,30.692371,7827 Tallahassee Hwy,,Attapulgus,GA,39815,2017,DECATUR
Circle K 2723894,-84.615181,30.980198,1405 HIGHWAY 27 SOUTH,,BAINBRIDGE,GA,39817,,DECATUR
The Meat House,-84.576088,30.893482,100 E Louise St,,Bainbridge,GA,39819,4522,DECATUR
DIXIE DANDY,-84.589432,30.915167,1015 Dothan Rd,,Bainbridge,GA,39817,3060,DECATUR
Stop N Shop,-84.56189,30.903625,1030 E Shotwell St,,Bainbridge,GA,39819,4150,DECATUR
Bainbridge Country Store 0,-84.590599,30.915718,1105 Dothan Rd,,Bainbridge,GA,39817,3062,DECATUR
Wawa Store 6304,-84.565338,30.889254,1401 Tallahassee Hwy,,Bainbridge,GA,39819,7705,DECATUR
Walgreens 10831,-84.554176,30.903357,1410 E Shotwell St,,Bainbridge,GA,39819,4254,DECATUR
Raceway 6837 6837,-84.56588,30.88485,1418 Tallahassee Hwy,,Bainbridge,GA,39819,7768,DECATUR
Publix Super Markets Inc. 2109,-84.564911,30.880402,1515 Tallahassee Hwy,,Bainbridge,GA,39819,7916,DECATUR
DOLLAR GENERAL 3323,-84.550194,30.904316,1609 E Shotwell St,,Bainbridge,GA,39819,4357,DECATUR
Pic n Save Grocery Outlet 656,-84.550323,30.90386,1615 E Shotwell,,Bainbridge,GA,39819,,DECATUR
DollarTree 1949,-84.5485,30.906307,1615 E Shotwell St,Ste 6,Bainbridge,GA,39819,4361,DECATUR
QUICK BUYS 51,-84.536713,30.907604,167 Whigham Dairy Rd,,Bainbridge,GA,39817,7801,DECATUR
A & A Convenience Store,-84.621117,30.846985,1761 Faceville Hwy,,Bainbridge,GA,39819,6160,DECATUR
Circle K 2723910,-84.60273,30.920668,1800 Dothan Rd,,Bainbridge,GA,39817,6741,DECATUR
Bainbridge Express 2,-84.633324,30.884077,1921 Spring Creek Rd,,Bainbridge,GA,39817,6872,DECATUR
Circle K 2723892,-84.537033,30.903334,2011 E Shotwell St,,Bainbridge,GA,39819,8404,DECATUR
Dollar General 25917,-84.541382,30.925461,2045 Vada Rd,,Bainbridge,GA,39817,8343,DECATUR
Dollar General 12774,-84.61898,30.92671,2050 Dothan Rd,,Bainbridge,GA,39817,6711,DECATUR
K Express,-84.612328,30.924416,2080 Dothan Rd,,Bainbridge,GA,39817,6711,DECATUR
Wc One Stop Shop,-84.576683,30.880194,2200 S West St,,Bainbridge,GA,39819,4929,DECATUR
Sp Travel Center,-84.630966,30.929335,2331 Dothan Rd,,Bainbridge,GA,39817,6755,DECATUR
Downtown Foods 1,-84.576462,30.904696,241 S West St,,Bainbridge,GA,39817,3681,DECATUR
DOLLAR GENERAL 18939,-84.523659,30.900616,2560 Thomasville Rd,,Bainbridge,GA,39819,7954,DECATUR
Long Farms,-84.509186,30.907064,2822 Old Whigham Rd,,Bainbridge,GA,39817,8066,DECATUR
Family Dollar 1132,-84.56781,30.903893,303 S Scott St,,Bainbridge,GA,39819,4135,DECATUR
Kings Korner Food Mart,-84.561058,30.907707,308 N Sims St,,Bainbridge,GA,39817,3847,DECATUR
SunStop 430,-84.604134,30.92713,401 Colquitt Hwy,,Bainbridge,GA,39817,6765,DECATUR
JUNIOR MALL,-84.568039,30.909166,417 N Scott St,,Bainbridge,GA,39817,3837,DECATUR
DOLLAR GENERAL 2349,-84.575577,30.908554,426 N Broad St,,Bainbridge,GA,39817,3608,DECATUR
Walmart SUPERCENTER 5422,-84.571075,30.889952,500 E Alice St,,Bainbridge,GA,39819,4998,DECATUR
Bearcats Express,-84.570007,30.909611,500 E Calhoun St,,Bainbridge,GA,39817,3748,DECATUR
Murphy USA 7505,-84.568489,30.889675,502 E Alice St,,Bainbridge,GA,39819,4998,DECATUR
SunStop 425,-84.581436,30.903704,525 W Shotwell St,,Bainbridge,GA,39819,3909,DECATUR
Bob And Jeffs Grocery Outlet,-84.568016,30.900124,602 S Scott St,,Bainbridge,GA,39819,4104,DECATUR
US Food Mart,-84.59288,30.886648,720 Faceville Hwy,,Bainbridge,GA,39819,6100,DECATUR
Prime Convenience Store,-84.567513,30.906796,801 E Water St,,Bainbridge,GA,39817,3852,DECATUR
CVS Pharmacy 4535,-84.567139,30.904482,817 E Shotwell St,,Bainbridge,GA,39819,4145,DECATUR
Stop n Buy,-84.586304,30.913792,835 Dothan Rd,,Bainbridge,GA,39817,3056,DECATUR
ALDI 82169,-84.564514,30.90506,915 E Shotwell St,,Bainbridge,GA,39819,4147,DECATUR
DollarTree 10969,-84.565315,30.903986,919 Shotwell St,,Bainbridge,GA,39817,,DECATUR
QUICK BUYS 116,-84.430962,30.876083,106 E Broad St,,Climax,GA,39834,2537,DECATUR
Dollar General 20946,-84.442375,30.877335,3633 Thomasville Rd,,Climax,GA,39834,2788,DECATUR
JONES COUNTRY MEATS INC,-84.395584,30.877573,4214 Thomasville Rd,,Climax,GA,39834,2507,DECATUR
STOP N SAVE,-84.324318,33.75251,1932 HOSEA WILLIAMS RD,,ATLANTA,GA,30317,,DEKALB
QuikTrip 1717,-84.340225,33.932934,100 Ashwood Pkwy,,Atlanta,GA,30338,6996,DEKALB
Target Store T-2036,-84.340904,33.929005,100 Perimeter Ctr Place,,Atlanta,GA,30346,1223,DEKALB
Publix 1363,-84.335388,33.869865,104 Town Blvd,Ste A100,Atlanta,GA,30319,,DEKALB
Moreland Food Mart,-84.349716,33.724499,1111 Moreland Ave SE,,Atlanta,GA,30316,3182,DEKALB
KROGER STORE 488,-84.349388,33.72282,1160 Moreland Ave SE,,Atlanta,GA,30316,3256,DEKALB
KROGER 461,-84.347855,33.757095,1225 Caroline St NE,,Atlanta,GA,30307,2705,DEKALB
DollarTree 10310,-84.349449,33.715145,1280 Moreland Ave SE,,Atlanta,GA,30316,3255,DEKALB
Ez Market,-84.33046,33.717884,1411 Bouldercrest Rd SE,,Atlanta,GA,30316,3643,DEKALB
Eco Sun Farms,-84.318459,33.82452,1490 High Haven Ct NE,,Atlanta,GA,30329,3202,DEKALB
Unearthing Farm & Market,-84.337975,33.747211,1511 Memorial Dr Se,,Atlanta,GA,30317,1801,DEKALB
CVS PHARMACY 4537,-84.334366,33.947079,1610 Mount Vernon Rd,Ste 100,Atlanta,GA,30338,4259,DEKALB
L & C Food Mart Llc,-84.333595,33.747822,1648 Memorial Dr Se,Ste B,Atlanta,GA,30317,2054,DEKALB
CVS Pharmacy 7689,-84.321175,33.780991,1674 E Clifton Rd NE,,Atlanta,GA,30307,1276,DEKALB
K-Food Mart,-84.332779,33.747433,1675 Memorial Dr SE,,Atlanta,GA,30317,2156,DEKALB
QUIKTRIP 745,-84.335854,33.806564,1836 Briarcliff Rd NE,,Atlanta,GA,30329,4008,DEKALB
Lidl 1453,-84.32663,33.747066,1855 Memorial Dr SE,,Atlanta,GA,30317,2103,DEKALB
Broadway Chevron,-84.32666,33.747425,1860 Memorial Drive,,Atlanta,GA,30317,,DEKALB
Texaco Food Mart,-84.326744,33.740227,1870 Glenwood Ave SE,,Atlanta,GA,30316,2312,DEKALB
Neighbourhood Food Mart,-84.322601,33.726303,1988 Flat Shoals Rd SE,,Atlanta,GA,30316,2857,DEKALB
BP Gas Station,-84.322861,33.750919,1989 Hosea L Williams Dr SE,,Atlanta,GA,30317,2223,DEKALB
Amoco Food Mart,-84.291817,33.74741,202 Candler Rd SE,,Atlanta,GA,30317,3436,DEKALB
Family Dollar 7463,-84.321854,33.725456,2021 Flat Shoals Rd SE,,Atlanta,GA,30316,,DEKALB
DollarTree 1797,-84.255737,33.846973,2104 Henderson Mill Rd NE,,Atlanta,GA,30345,3762,DEKALB
The Kosher Gourmet,-84.335052,33.816715,2153 Briarcliff Rd NE,,Atlanta,GA,30329,3449,DEKALB
Walgreens 7741,-84.325348,33.891857,2154 Johnson Ferry Rd NE,,Atlanta,GA,30319,2558,DEKALB
Flatshoals Bp,-84.317871,33.722496,2155 Flat Shoals Rd SE,,Atlanta,GA,30316,3717,DEKALB
PUBLIX 691,-84.255989,33.847813,2162 Henderson Mill Rd NE,,Atlanta,GA,30345,3762,DEKALB
Sonora Supermercado 01,-84.299469,33.864887,2190 Plaster Rd Ne,,Atlanta,GA,30345,1651,DEKALB
KROGER 318,-84.313797,33.815617,2205 Lavista Rd NE,,Atlanta,GA,30329,3917,DEKALB
PUBLIX 0783,-84.313164,33.738689,2235 Glenwood Ave SE,,Atlanta,GA,30316,2319,DEKALB
Stop N Go Food Mart,-84.332245,33.747082,225 Clifton St SE,,Atlanta,GA,30317,2122,DEKALB
Texaco Food Mart,-84.311348,33.740044,2315 Glenwood Ave SE,,Atlanta,GA,30316,2318,DEKALB
Walgreens 12262,-84.330414,33.828014,2320 N Druid Hills Rd NE,,Atlanta,GA,30329,3109,DEKALB
American Food Mart,-84.310753,33.719509,2345 Flat Shoals Rd SE,,Atlanta,GA,30316,3726,DEKALB
Briarcliff Quickmart,-84.334564,33.824448,2374 Briarcliff Rd NE,,Atlanta,GA,30329,2815,DEKALB
QUIKTRIP 723,-84.329147,33.827293,2375 N Druid Hills Rd NE,,Atlanta,GA,30329,3126,DEKALB
Target Store T-1486,-84.325058,33.8284,2400 N Druid Hills Rd NE,,Atlanta,GA,30329,3211,DEKALB
Walmart SUPERCENTER 3709,-84.310425,33.7188,2427 Gresham Rd SE,,Atlanta,GA,30316,3709,DEKALB
2452 Corner Store Inc,-84.31002,33.717007,2452 Gresham Rd SE,,Atlanta,GA,30316,3710,DEKALB
Bengal Store & Halal Meat,-84.287369,33.885651,2475 Chamblee Tucker Rd,Ste D,Atlanta,GA,30341,3509,DEKALB
DollarTree 3667,-84.333374,33.827385,2480 Briarcliff Rd NE,Ste 8,Atlanta,GA,30329,3034,DEKALB
CVS/Pharmacy 4733,-84.301727,33.958591,2500 Mount Vernon Rd,,Atlanta,GA,30338,3055,DEKALB
Texaco Food Mart,-84.309975,33.715042,2510 Gresham Rd SE,,Atlanta,GA,30316,4138,DEKALB
Chevron Food Mart,-84.284233,33.885078,2515 Chamblee Tucker Rd,,Atlanta,GA,30341,3515,DEKALB
Food Town Market,-84.310677,33.68689,2532 Bouldercrest Rd SE,,Atlanta,GA,30316,4838,DEKALB
Marathon Food Mart,-84.309906,33.712437,2588 Gresham Rd SE,,Atlanta,GA,30316,4138,DEKALB
Shell Food Mart,-84.287163,33.863495,2609 Shallowford Rd NE,,Atlanta,GA,30345,1203,DEKALB
El Loteria,-84.287476,33.863678,2615 Shallowford Rd NE,,Atlanta,GA,30345,1203,DEKALB
Petro Green Shell,-84.290092,33.865566,2690 Shallowford Rd NE,,Atlanta,GA,30341,5213,DEKALB
Rago 2 Llc,-84.309586,33.68214,2701 Bouldercrest Rd SE,Ste A,Atlanta,GA,30316,4860,DEKALB
Right Mart Shell,-84.290237,33.866234,2706 Shallowford Rd NE,,Atlanta,GA,30341,5215,DEKALB
Food & Gas,-84.307983,33.681763,2710 Bouldercrest Rd Se,Ste B,Atlanta,GA,30316,4800,DEKALB
San Miguel 2,-84.290207,33.8666,2714 Shallowford Rd NE,,Atlanta,GA,30341,5215,DEKALB
QuikTrip 0838,-84.312126,33.836498,2746 Clairmont Rd NE,,Atlanta,GA,30329,2713,DEKALB
Dekalb Convenience Store,-84.293442,33.860207,2772 Northeast Expy NE,,Atlanta,GA,30345,1807,DEKALB
Food Mart,-84.292618,33.861347,2800 Northeast Expy NE,Ste C,Atlanta,GA,30345,4226,DEKALB
QuikTrip 709R,-84.274467,33.880058,2805 Chamblee Tucker Rd,,Atlanta,GA,30341,3914,DEKALB
CVS PHARMACY 4513,-84.312302,33.818485,2830 N Druid Hills Rd NE,,Atlanta,GA,30329,3926,DEKALB
Tienda Y Panaderia Delicias,-84.291595,33.862629,2840 Northeast Expy NE,Ste 106,Atlanta,GA,30345,4203,DEKALB
The Spicy Peach,-84.310989,33.816376,2887 N Druid Hills Rd NE,,Atlanta,GA,30329,3924,DEKALB
Chevron Food Mart,-84.272087,33.877872,2889 Chamblee Tucker Rd,,Atlanta,GA,30341,4005,DEKALB
Shell Food Mart,-84.271095,33.878403,2898 Chamblee Tucker Rd,,Atlanta,GA,30341,4006,DEKALB
Sam's Club 6643,-84.311295,33.842648,2901A Clairmont Rd NE,,Atlanta,GA,30329,1611,DEKALB
CVS Pharmacy 5376,-84.341103,33.833523,2910 Buford Hwy NE,,Atlanta,GA,30329,1802,DEKALB
PUBLIX 0773,-84.310562,33.813499,2969 N Druid Hills Rd NE,,Atlanta,GA,30329,3909,DEKALB
Brito Supermarket,-84.337021,33.836372,3020 Buford Hwy NE,,Atlanta,GA,30329,1804,DEKALB
Big H Food Mart,-84.263741,33.910992,3041 Oakcliff Rd,,Atlanta,GA,30340,2620,DEKALB
La Surtidora,-84.288536,33.889679,3146 Chamblee Dunwoody Rd,Ste 108,Atlanta,GA,30341,2961,DEKALB
Fiesta Food Mart 2,-84.289276,33.890228,3174 Chamblee Dunwoody Rd,,Atlanta,GA,30341,2905,DEKALB
Supermercado La Favorita,-84.291351,33.892078,3245 Chamblee Dunwoody Rd,Ste B100,Atlanta,GA,30341,2994,DEKALB
Tienda Tikal,-84.291359,33.89209,3245 Chamblee Dunwoody Rd,Ste A105,Atlanta,GA,30341,2990,DEKALB
Brito Super Market,-84.256828,33.885166,3322 Chamblee Tucker Rd,,Atlanta,GA,30341,4353,DEKALB
Buddy's Food Store,-84.253372,33.885262,3409 Chamblee Tucker Rd,,Atlanta,GA,30341,4350,DEKALB
CVS Pharmacy 2083,-84.324562,33.890556,3439 Ashford Dunwoody Rd NE,,Atlanta,GA,30319,2546,DEKALB
Ez Shop,-84.32579,33.845612,3444 Buford Hwy Ne,,Atlanta,GA,30329,1406,DEKALB
Texaco Food Mart,-84.249947,33.885841,3484 Chamblee Tucker Rd,,Atlanta,GA,30341,4408,DEKALB
JP Dunwoody 208,-84.328407,33.893974,3500 Ashford Dunwoody Rd Ne,,Atlanta,GA,30319,2002,DEKALB
Chevron Food Mart,-84.248482,33.885891,3530 Chamblee Tucker Rd,,Atlanta,GA,30341,4410,DEKALB
Kroger 685,-84.243462,33.885483,3559 Chamblee Tucker Rd,,Atlanta,GA,30341,4409,DEKALB
CVS Pharmacy 2526,-84.309425,33.865009,3615 Clairmont Rd NE,,Atlanta,GA,30319,3627,DEKALB
RaceTrac 2448,-84.309509,33.865681,3630 Clairmont Rd,,Atlanta,GA,30341,4908,DEKALB
Chevron Food Mart,-84.251015,33.898392,3635 Northcrest Rd,,Atlanta,GA,30340,3418,DEKALB
Royal Food Mart,-84.239037,33.895084,3820 Pleasantdale Rd,Ste B,Atlanta,GA,30340,4254,DEKALB
KROGER 491,-84.29583,33.906006,3871 N Peachtree Rd,,Atlanta,GA,30341,1921,DEKALB
Walgreens 11757,-84.29628,33.907871,3925 N Peachtree Rd,,Atlanta,GA,30341,1605,DEKALB
Merkato Market Llc,-84.311241,33.858715,3950 Buford Hwy NE,Ste A,Atlanta,GA,30345,1647,DEKALB
ALDI 79071 79071,-84.310425,33.858047,3963 Buford Hwy NE,,Atlanta,GA,30345,1646,DEKALB
Carniceria Mi Pueblo Inc. 2,-84.308846,33.85994,4005 Buford Hwy NE,Ste F,Atlanta,GA,30345,1628,DEKALB
New Bismillah Supermarket,-84.309464,33.860825,4022 Buford Hwy NE,,Atlanta,GA,30345,1649,DEKALB
QUIKTRIP 797,-84.30909,33.861179,4040 Buford Hwy NE,,Atlanta,GA,30345,1649,DEKALB
Quik Trip 707,-84.244621,33.902321,4086 Pleasantdale Rd,,Atlanta,GA,30340,3544,DEKALB
Supermercado Talpa 15 LLC 13,-84.307983,33.864178,4166 Buford Hwy NE,#1114,Atlanta,GA,30345,,DEKALB
Shell Food Mart 1,-84.303215,33.86631,4250 Buford Hwy NE,,Atlanta,GA,30345,1053,DEKALB
La Tienda Del Barrio,-84.301353,33.866974,4285 Buford Hwy Ne,Ste A1,Atlanta,GA,30345,1008,DEKALB
Circle K AAMCO NO,-84.296852,33.918236,4291 N Peachtree Rd,,Atlanta,GA,30341,1214,DEKALB
Peachtree Shell,-84.296761,33.918911,4301 N Peachtree Rd,,Atlanta,GA,30341,1209,DEKALB
Chamblee Quick Mart,-84.31546,33.918877,4400 Chamblee Dunwoody Rd,Ste B,Atlanta,GA,30341,1075,DEKALB
Las Americas,-84.269524,33.92601,4480 Winters Chapel Rd,,Atlanta,GA,30360,2718,DEKALB
Citgo Food Mart,-84.266685,33.928673,4580 Winters Chapel Rd,,Atlanta,GA,30360,2706,DEKALB
Indian Bazaar,-84.311623,33.928104,4639 N Shallowford Rd,Ste H,Atlanta,GA,30338,6300,DEKALB
Rahmania Halal Meat & Grocery Atl Inc,-84.293442,33.877357,4646 Buford Hwy,Ste T,Atlanta,GA,30341,3750,DEKALB
Sevananda Natural Foods Cooperative,-84.34864,33.767246,467 Moreland Ave NE,,Atlanta,GA,30307,8201,DEKALB
Family Dollar 10281,-84.287453,33.887054,4949 Buford Hwy,,Atlanta,GA,30341,3503,DEKALB
Al-Falah Supermarket,-84.288368,33.887138,4978 Buford Hwy,,Atlanta,GA,30341,3504,DEKALB
Publix 1758,-84.339325,33.932835,500 Ashwood Pkwy,,Atlanta,GA,30338,6906,DEKALB
Whole Foods Market 10649,-84.315178,33.886196,5001 Peachtree Blvd,Ste 300,Atlanta,GA,30341,2804,DEKALB
Dunwoody Shell,-84.271606,33.942886,5020 Winters Chapel Rd,,Atlanta,GA,30360,1705,DEKALB
DollarTree 6737,-84.270775,33.943169,5025 Winters Chapel Rd,Ste B,Atlanta,GA,30360,1700,DEKALB
Alam 5048 LLC,-84.286316,33.89016,5048 Buford Hwy,,Atlanta,GA,30341,2997,DEKALB
Confianza en Dios inc,-84.285286,33.890968,5079 Buford Hwy Ne,,Atlanta,GA,30340,1102,DEKALB
DollarTree 4231,-84.281128,33.895962,5223 Buford Hwy NE,,Atlanta,GA,30340,1106,DEKALB
Supermercado Chicago,-84.281052,33.896042,5263 Buford Hwy NE,,Atlanta,GA,30340,1106,DEKALB
QUIKTRIP 773,-84.305702,33.894588,5347 Peachtree Blvd,,Atlanta,GA,30341,2139,DEKALB
Walgreens 2359,-84.305138,33.89513,5373 Peachtree Blvd,,Atlanta,GA,30341,2139,DEKALB
Bangladesh Halal Meat,-84.279175,33.899536,5382 Buford Hwy NE,Ste B,Atlanta,GA,30340,6105,DEKALB
Buchanan's Food Store,-84.301285,33.891933,5382 Peachtree Rd,,Atlanta,GA,30341,2421,DEKALB
Zam Zam Halal Super Market & Restaurant,-84.277657,33.900574,5432 Buford Hwy NE,,Atlanta,GA,30340,1127,DEKALB
Tienda La Variedad/Food Mart 1,-84.275818,33.900795,5463 Buford Hwy NE,,Atlanta,GA,30340,1143,DEKALB
Al- Amin Supermarket & Restaurant,-84.27623,33.901188,5466 Buford Hwy NE,,Atlanta,GA,30340,1126,DEKALB
Quiktrip 848,-84.275322,33.902004,5500 Buford Hwy NE,,Atlanta,GA,30340,1126,DEKALB
Walgreens 07167,-84.3349,33.948803,5511 Chamblee Dunwoody Rd,Ste A,Atlanta,GA,30338,,DEKALB
Publix Super Market 1777,-84.301567,33.898777,5534 Peachtree Blvd,,Atlanta,GA,30341,2218,DEKALB
Halal Madina Market,-84.310555,33.739544,560 Fayetteville Rd SE,,Atlanta,GA,30316,2306,DEKALB
Buford Highway Farmers Market,-84.273712,33.905598,5600 Buford Hwy NE,,Atlanta,GA,30340,1240,DEKALB
East Atlanta Village Farmers Market 0135438,-84.34465,33.738602,572 Stokeswood Ave SE,,Atlanta,GA,30316,2016,DEKALB
Super Mercado La Fiesta,-84.26606,33.908379,5805 Buford Hwy Ne,Ste 7,Atlanta,GA,30340,2432,DEKALB
El Mundo Food Mart,-84.261177,33.91362,5979 Buford Hwy Ne,Ste A1,Atlanta,GA,30340,1369,DEKALB
Texaco Food Mart,-84.282326,33.922852,6380 Peachtree Ind Blvd,,Atlanta,GA,30360,,DEKALB
Mini Mart Tienda,-84.266403,33.930908,6890 Peachtree Industrial Blvd,Ste 3,Atlanta,GA,30360,2306,DEKALB
Peachtree Convenience,-84.265831,33.930855,6900 Peachtree Industrial Blvd,,Atlanta,GA,30360,2339,DEKALB
QUIKTRIP 734,-84.265709,33.93021,6901 Peachtree Industrial Blvd,,Atlanta,GA,30360,2302,DEKALB
Gwinnett Convenience Store,-84.251022,33.923706,6942 Buford Hwy NE,,Atlanta,GA,30340,1410,DEKALB
Circle Food Shop 32,-84.337166,33.923817,77 Perimeter Ctr E,,Atlanta,GA,30346,1806,DEKALB
Discount Food Mart,-84.335579,33.73037,886 Bouldercrest Dr SE,,Atlanta,GA,30316,2120,DEKALB
J & S Food Mart,-84.243675,33.778694,195 Northern Ave,,Avondale Estates,GA,30002,1738,DEKALB
Publix Super Markets Inc. 2039,-84.330788,33.893509,2010 Johnson Ferry Rd NE,,Brookhaven,GA,30319,2506,DEKALB
Exxon Food Mart,-84.337532,33.832829,2055 N Druid Hills Rd NE,Ste D,Brookhaven,GA,30329,1828,DEKALB
Lidl 1444,-84.332642,33.82642,2480 Briarcliff Rd NE,,Brookhaven,GA,30329,,DEKALB
Biswas Grocery And Cafe,-84.341797,33.831493,2853 Buford Hwy NE,,Brookhaven,GA,30329,2101,DEKALB
2911 Food Mart Llc,-84.340141,33.833084,2911 Buford Hwy NE,,Brookhaven,GA,30329,1801,DEKALB
El Progresso Supermarket,-84.334923,33.837051,3061 Buford Hwy NE,,Brookhaven,GA,30329,1841,DEKALB
QUIKTRIP 721,-84.33007,33.841679,3249 Buford Hwy NE,,Brookhaven,GA,30329,1725,DEKALB
Taco Market,-84.328941,33.843349,3310 Buford Hwy NE,,Brookhaven,GA,30329,1710,DEKALB
City Farmers Market,-84.328674,33.843491,3317 Buford Hwy NE,,Brookhaven,GA,30329,3740,DEKALB
Sinfonia Del Mar 1 Llc,-84.328178,33.84346,3326 Buford Hwy NE,,Brookhaven,GA,30329,1710,DEKALB
DollarTree 1564,-84.326279,33.842148,3345 Buford Hwy NE,320.0,Brookhaven,GA,30329,,DEKALB
Dollar General 19081,-84.328522,33.843037,3349 Buford Hwy NE,,Brookhaven,GA,30329,7300,DEKALB
Buford Shell,-84.314743,33.854881,3799 Buford Hwy NE,Ste A,Brookhaven,GA,30329,1094,DEKALB
Ez Market,-84.313042,33.85762,3892 Buford Hwy NE,,Brookhaven,GA,30329,1004,DEKALB
Costco Wholesale 1084,-84.335381,33.871937,500 Brookhaven Ave NE,,Brookhaven,GA,30319,3291,DEKALB
Walmart SUPERCENTER 3621,-84.311424,33.888573,1871 Chamblee Tucker Rd,,Chamblee,GA,30341,2737,DEKALB
Chamblee Food Mart,-84.292107,33.891323,3254 Chamblee Dunwoody Rd,Ste A,Chamblee,GA,30341,2828,DEKALB
El Rey Supermercado,-84.244225,33.883408,3662 Chamblee Tucker Rd,Ste G7,Chamblee,GA,30341,4400,DEKALB
City Farmers Market,-84.288994,33.888126,5000 Buford Highway,A-100,Chamblee,GA,30341,,DEKALB
CVS Pharmacy 4505,-84.294739,33.905506,5764 Peachtree Industrial Blvd,,Chamblee,GA,30341,1908,DEKALB
Asian Rohingya Bazaar,-84.240982,33.808899,1049 Vaughan St,,Clarkston,GA,30021,1224,DEKALB
Exxon Food Mart,-84.243835,33.815708,1051 Montreal Rd,Ste A,Clarkston,GA,30021,1360,DEKALB
Family Dollar 10154,-84.241989,33.809204,1125 N Indian Creek Dr,,Clarkston,GA,30021,1230,DEKALB
4 Sisters Asian Grocery 1,-84.232002,33.822849,1345 Brockett Rd,Ste B,Clarkston,GA,30021,1575,DEKALB
Brockett Road Chevron,-84.232613,33.823841,1382 Brockett Rd,,Clarkston,GA,30021,1570,DEKALB
Chevron Food Mart,-84.247986,33.802719,3635 Church St,,Clarkston,GA,30021,1784,DEKALB
Balageru Food Mart,-84.241127,33.810104,3643 Market St,,Clarkston,GA,30021,1244,DEKALB
R & M Market Corp 1,-84.240845,33.809925,3645 Market St,Ste 1B,Clarkston,GA,30021,1244,DEKALB
South Asian Market,-84.240807,33.809917,3653 Market St,,Clarkston,GA,30021,1244,DEKALB
Texaco Ez Food Mart,-84.24762,33.804039,3906 E Ponce de Leon Ave,,Clarkston,GA,30021,1812,DEKALB
Addis Grocery Llc 1,-84.2407,33.808685,4144 E Ponce de Leon Ave,,Clarkston,GA,30021,8108,DEKALB
MBH Supermarket LLC,-84.23925,33.810493,4212 E Ponce De Leon Ave,,Clarkston,GA,30021,1820,DEKALB
Family Food Mart,-84.235992,33.78746,424 N Indian Creek Dr,,Clarkston,GA,30021,2360,DEKALB
Makka Halal Meat & Food Mart Inc,-84.234039,33.787743,431 N Indian Creek Dr,Ste B,Clarkston,GA,30021,2386,DEKALB
One Stop Food Mart 1,-84.236145,33.789154,450 N Indian Creek Dr,,Clarkston,GA,30021,2360,DEKALB
76 Food Mart,-84.230095,33.819439,4556 E Ponce De Leon Ave,Ste A,Clarkston,GA,30021,8101,DEKALB
Family Dollar 3475,-84.228561,33.819126,4602 E Ponce de Leon Ave,,Clarkston,GA,30021,1870,DEKALB
Fresh Food Town,-84.227676,33.819042,4604 E Ponce de Leon Ave,,Clarkston,GA,30021,1870,DEKALB
Eyrus Food Mart Llc,-84.227936,33.819489,4616 E Ponce de Leon Ave,Ste A,Clarkston,GA,30021,7504,DEKALB
Gork Ha Bazar,-84.228058,33.81918,4622 E Ponce de Leon Ave,Ste E,Clarkston,GA,30021,7506,DEKALB
Share The Harvest,-84.252068,33.798996,735 Park North Blvd,Ste 116,Clarkston,GA,30021,1971,DEKALB
T M Mart,-84.238358,33.802792,887 N Indian Creek Dr,Ste C,Clarkston,GA,30021,2242,DEKALB
A One Asian Market,-84.242302,33.811466,926 Montreal Rd,Ste 10,Clarkston,GA,30021,1368,DEKALB
Deorali Grocery,-84.242104,33.81213,926 Montreal Rd,Ste 4A,Clarkston,GA,30021,1368,DEKALB
Fatma Halal Meat & Grocery LLC,-84.242302,33.811466,926 Montreal Rd,Ste 1A,Clarkston,GA,30021,1393,DEKALB
M Mart 4047356274,-84.242302,33.811466,926 Montreal Rd,Ste A,Clarkston,GA,30021,1393,DEKALB
Clarkston Food Mart,-84.238426,33.803864,927 N Indian Creek Dr,,Clarkston,GA,30021,2284,DEKALB
Stop & Save,-84.238701,33.804264,935 N Indian Creek Dr,Ste A,Clarkston,GA,30021,2289,DEKALB
International Grocery Market,-84.242386,33.812981,953 Montreal Rd,Suite A,Clarkston,GA,30021,1334,DEKALB
Conley Food Mart,-84.327255,33.658379,1540 Cedar Grove Rd,Ste B,Conley,GA,30288,1233,DEKALB
Ksm Conley 190 Llc,-84.340088,33.670982,3000 Moreland Ave,,Conley,GA,30288,1010,DEKALB
S & S International Meat And Produce LLC,-84.0756,33.69878,8661 Covington Hwy SW,Ste 101,Conyers,GA,30012,6464,DEKALB
CVS PHARMACY 5355,-84.155403,34.22348,603 Canton Hwy,,Cumming,GA,30030,,DEKALB
KROGER 210,-84.316277,33.922131,4498 CHAMBLEE DUNWOODY RD,,DUNWOODY,GA,30338,6201,DEKALB
M N Food Mart Llc,-84.233673,33.765224,1026 Holcombe Rd,Suite A,Decatur,GA,30032,2305,DEKALB
Exxon Food Mart,-84.233284,33.763981,1050 Holcombe Rd,,Decatur,GA,30032,2305,DEKALB
Buddys,-84.264908,33.750404,1317 Columbia Dr,,Decatur,GA,30032,2827,DEKALB
Whole Foods Market 10687,-84.284714,33.792912,1555 Church St,,Decatur,GA,30033,5921,DEKALB
Decatur Halal Meat & Cafe,-84.281479,33.796669,1707 Church St,Ste C10,Decatur,GA,30033,5600,DEKALB
PATEL BROTHERS,-84.282082,33.797703,1709 Church St,,Decatur,GA,30033,5601,DEKALB
WAYFIELD FOODS 16,-84.253159,33.740387,1757 Columbia Dr,,Decatur,GA,30032,4618,DEKALB
One Place Food Mart,-84.286568,33.735401,1885 Candler Rd,Ste B,Decatur,GA,30032,4157,DEKALB
QUIKTRIP 741,-84.278252,33.803593,1910 Lawrenceville Hwy,,Decatur,GA,30033,5707,DEKALB
Family Dollar 511,-84.284561,33.73354,1982 Candler Rd,,Decatur,GA,30032,4225,DEKALB
WALGREENS 5580,-84.283096,33.731609,2035 Candler Rd,,Decatur,GA,30032,5508,DEKALB
Circle K Candler,-84.282135,33.730991,2050 Candler Rd,Ste A,Decatur,GA,30032,5557,DEKALB
Meat Masters,-84.282158,33.730579,2064 Candler Rd,,Decatur,GA,30032,5557,DEKALB
Sun Market #1,-84.252686,33.728947,2067 Columbia Dr,,Decatur,GA,30032,5926,DEKALB
Stop N Shop,-84.280907,33.729725,2102 Candler Rd,,Decatur,GA,30032,5500,DEKALB
Adrian Food Corp/America's Food Basket,-84.280518,33.729404,2112 Candler Rd,,Decatur,GA,30032,5500,DEKALB
Shell,-84.273247,33.810757,2146 Lawrenceville Hwy,,Decatur,GA,30033,4319,DEKALB
PUBLIX 0723,-84.304359,33.78968,2155 N Decatur Rd,,Decatur,GA,30033,5307,DEKALB
Ariana Halal Store,-84.270897,33.810387,2179 Lawrenceville Hwy,Ste M,Decatur,GA,30033,4300,DEKALB
CVS Pharmacy 2367,-84.299179,33.775902,225 W Ponce de Leon Ave,,Decatur,GA,30030,3270,DEKALB
Candler Black Market,-84.278397,33.722412,2321 Candler Rd,,Decatur,GA,30032,6405,DEKALB
KROGER 375,-84.215385,33.71788,2385 Wesley Chapel Rd,,Decatur,GA,30035,2803,DEKALB
2399 Columbia Business LLC 0,-84.252899,33.718319,2399 Columbia Dr,,Decatur,GA,30032,6800,DEKALB
Family Dollar 5820,-84.145874,33.716507,2415 Dekalb Medical Pkwy,,Decatur,GA,30058,,DEKALB
2425 Columbia,-84.252899,33.717369,2425 Columbia Dr,Ste B,Decatur,GA,30032,6805,DEKALB
Food Depot 66,-84.213554,33.716648,2440 Wesley Chapel Rd,Ste 8,Decatur,GA,30035,,DEKALB
DollarTree 4380,-84.215569,33.716209,2442 Wesley Chapel Rd,Ste 25B,Decatur,GA,30035,3420,DEKALB
CVS PHARMACY 4742,-84.215317,33.716526,2444 Wesley Chapel Rd,,Decatur,GA,30035,3420,DEKALB
Candler Food Mart,-84.275528,33.717876,2475 Candler Rd,,Decatur,GA,30032,6412,DEKALB
Talars Market,-84.264618,33.819508,2495 Lawrenceville Hwy,,Decatur,GA,30033,3204,DEKALB
Cherry Stone Llc 1,-84.252457,33.714817,2501 Columbia Dr,Ste B,Decatur,GA,30034,1704,DEKALB
Walmart Supercenter 3118,-84.289658,33.793324,2525 N Decatur Rd,,Decatur,GA,30033,6126,DEKALB
Sprouts Farmers Market 525,-84.286629,33.793953,2551 Blackmon Dr,,Decatur,GA,30033,6109,DEKALB
Arf Food Llc,-84.304909,33.714245,2560 Flat Shoals Rd,,Decatur,GA,30034,1026,DEKALB
Chapel Food Mart,-84.215912,33.712547,2571 E Wesley Chapel Way,,Decatur,GA,30035,3408,DEKALB
CVS Pharmacy 2504,-84.263344,33.822159,2586 Lawrenceville Hwy,,Decatur,GA,30033,3229,DEKALB
Aaa Lucky Mart,-84.262352,33.822746,2605 Lawrenceville Hwy,,Decatur,GA,30033,2502,DEKALB
SOUTHERN SEAFOOD,-84.261765,33.822853,2611 Lawrenceville Hwy,,Decatur,GA,30033,2502,DEKALB
Wesley Chapel Retail Services,-84.216995,33.710175,2650 Wesley Chapel Rd,,Decatur,GA,30034,2309,DEKALB
Chevron Wesley Chapel,-84.218697,33.708672,2695 Wesley Chapel Rd,,Decatur,GA,30034,2358,DEKALB
Bsb7 Inc,-84.218239,33.70826,2696 Wesley Chapel Rd,,Decatur,GA,30034,2357,DEKALB
Dukes International Market,-84.272247,33.712097,2701 Candler Rd,Ste D,Decatur,GA,30034,1413,DEKALB
Shell Foodmart,-84.272186,33.712128,2701 Candler Rd,Ste C,Decatur,GA,30034,1413,DEKALB
Publix Super Markets Inc. 1724,-84.278465,33.777111,2720 E Ponce de Leon Ave,,Decatur,GA,30030,2715,DEKALB
BP At Candler,-84.27137,33.710205,2722 Candler Rd,,Decatur,GA,30034,1407,DEKALB
Jv Food Mart,-84.27153,33.709431,2724 Candler Rd,,Decatur,GA,30034,1410,DEKALB
CVS Pharmacy 2175,-84.281204,33.792667,2738 N Decatur Rd,,Decatur,GA,30033,5910,DEKALB
QuikTrip 780,-84.218941,33.706501,2753 Wesley Chapel Rd,,Decatur,GA,30034,2312,DEKALB
DollarTree 4705,-84.272026,33.708622,2764 Candler Rd,,Decatur,GA,30034,1410,DEKALB
NEW FIRST ORIENTAL MARKET,-84.277214,33.778927,2774 E Ponce de Leon Ave,,Decatur,GA,30030,2715,DEKALB
Walgreens 7478,-84.292458,33.824783,2781 Lavista Rd,,Decatur,GA,30033,1713,DEKALB
Big Bear Supermarket 2,-84.272095,33.707088,2849 Candler Rd,,Decatur,GA,30034,1412,DEKALB
DollarTree 1031,-84.273254,33.793011,2863 N Decatur Rd,,Decatur,GA,30033,5911,DEKALB
KROGER 459,-84.274445,33.793713,2875 N Decatur Rd,,Decatur,GA,30033,5911,DEKALB
Family Dollar 11824,-84.269592,33.709801,2942 Rainbow Dr,,Decatur,GA,30034,1605,DEKALB
Cato Convenience & Variety Store,-84.267868,33.707264,2981 S Rainbow Dr,,Decatur,GA,30034,1614,DEKALB
DEKALB FARMERS MARKET,-84.271591,33.784424,3000 E Ponce de Leon Ave,,Decatur,GA,30030,2219,DEKALB
Community Farmers Markets - Decatur,-84.296494,33.778862,308 Clairemont Ave,,Decatur,GA,30030,2594,DEKALB
Kelly's Market,-84.292511,33.772022,308 E Howard Ave,,Decatur,GA,30030,3401,DEKALB
STOP AND STOP,-84.290161,33.738842,3125 Glenwood Rd,,Decatur,GA,30032,4171,DEKALB
O A H Food LLC,-84.271568,33.691521,3230 Panthersville Rd,,Decatur,GA,30034,,DEKALB
Belvedere Express,-84.275078,33.750004,3335 Memorial Dr,,Decatur,GA,30032,2704,DEKALB
DollarTree 717,-84.270981,33.752766,3447 Memorial Dr,,Decatur,GA,30032,2727,DEKALB
ALDI 44020 44020,-84.27066,33.753136,3480 Memorial Dr,,Decatur,GA,30032,2708,DEKALB
Texaco Prime,-84.271767,33.704617,3521 Flat Shoals Rd,,Decatur,GA,30034,1602,DEKALB
Discount Meat Shop,-84.270996,33.704304,3540 Flat Shoals Rd,,Decatur,GA,30034,1601,DEKALB
South New Orleans Seafood,-84.270882,33.704033,3548 Flat Shoals Rd,,Decatur,GA,30034,1601,DEKALB
Chevron Food Mart,-84.267807,33.754791,3557 Memorial Dr,,Decatur,GA,30032,2711,DEKALB
BP Food & Gas,-84.267715,33.755291,3568 Memorial Dr,,Decatur,GA,30032,2713,DEKALB
Walmart Supercenter 3710,-84.267067,33.755306,3580 Memorial Dr,,Decatur,GA,30032,,DEKALB
WALGREENS 6481,-84.22979,33.681828,3584 Wesley Chapel Rd,,Decatur,GA,30034,5215,DEKALB
Shell Food Mart,-84.269012,33.701263,3639 Flat Shoals Rd,,Decatur,GA,30034,1633,DEKALB
PUBLIX 269,-84.230888,33.679482,3649 Flakes Mill Rd,,Decatur,GA,30034,5218,DEKALB
Chevron / Hunt Brothers Pizza,-84.266907,33.700401,3690 Flat Shoals Rd,,Decatur,GA,30034,1632,DEKALB
Shell Food Mart,-84.263458,33.75782,3697 Memorial Dr,,Decatur,GA,30032,2729,DEKALB
International Food Market,-84.247322,33.761463,3709 Covington Hwy,,Decatur,GA,30032,2538,DEKALB
Abd Grocery Llc,-84.242996,33.78561,3711 N Decatur Rd,Ste 118,Decatur,GA,30032,1000,DEKALB
Haifa Bakery Llc,-84.242996,33.785614,3711 N Decatur Rd,Ste 122,Decatur,GA,30032,1000,DEKALB
Chevron Food Mart,-84.276337,33.674335,3726 Panthersville Rd,,Decatur,GA,30034,3808,DEKALB
Best New Orleans Seafood Of Atlanta Llc,-84.245651,33.760654,3757 Covington Hwy,,Decatur,GA,30032,2548,DEKALB
Circle K,-84.264931,33.697186,3801 Flat Shoals Pkwy,,Decatur,GA,30034,4003,DEKALB
Family Dollar 7641,-84.263252,33.695812,3850 Flat Shoals Pkwy,,Decatur,GA,30034,,DEKALB
Karya Sewa Llc,-84.263329,33.695759,3851 Flat Shoals Pkwy,,Decatur,GA,30034,4003,DEKALB
Ammazin Food Mart,-84.240692,33.760223,3858 Covington Hwy,,Decatur,GA,30032,2603,DEKALB
PUBLIX 665,-84.274712,33.810738,3870 N Druid Hills Rd,,Decatur,GA,30033,3002,DEKALB
Sammy Food Mart,-84.259239,33.738438,3880 Glenwood Rd,,Decatur,GA,30032,7065,DEKALB
Big Daddys,-84.258812,33.737743,3893 Glenwood Rd,,Decatur,GA,30032,7063,DEKALB
One Texaco Food Mart Inc,-84.240608,33.758961,3902 Covington Hwy,,Decatur,GA,30032,2605,DEKALB
Discount Food Mart,-84.257446,33.737728,3923 Glenwood Rd,,Decatur,GA,30032,7028,DEKALB
Quik Trip 736R,-84.260216,33.692322,3975 Flat Shoals Pkwy,,Decatur,GA,30034,4153,DEKALB
The Covington Black Market,-84.235519,33.757004,4000 Covington Hwy,,Decatur,GA,30032,3899,DEKALB
ABC CHRISTIAN BOOKS & NATURAL FOODS,-84.254761,33.765469,4003 Memorial Dr,,Decatur,GA,30032,1804,DEKALB
CVS Pharmacy 4684,-84.253036,33.73748,4037 Glenwood Rd,,Decatur,GA,30032,4616,DEKALB
Glenwood 786,-84.252319,33.737663,4047 Glenwood Rd,,Decatur,GA,30032,4616,DEKALB
Exxon Food Mart,-84.252426,33.738247,4052 Glenwood Rd,,Decatur,GA,30032,4643,DEKALB
Georgetown Food Market,-84.23597,33.754883,4055A Covington Hwy,,Decatur,GA,30032,2604,DEKALB
Discount Smokes,-84.234924,33.754288,4101 Covington Hwy,,Decatur,GA,30032,2604,DEKALB
QUIKTRIP 701,-84.234207,33.753876,4113 Covington Hwy,,Decatur,GA,30032,2641,DEKALB
Southeast Meat & Produce,-84.247269,33.737801,4185 Glenwood Rd,,Decatur,GA,30032,4727,DEKALB
Glenwood Food Mart,-84.243408,33.737305,4275 Glenwood Rd,,Decatur,GA,30032,5167,DEKALB
Texaco Food Mart,-84.227943,33.750931,4286 Covington Hwy,,Decatur,GA,30035,1204,DEKALB
Chevron Food Mart,-84.210037,33.711109,4400 Snapfinger Woods Dr,,Decatur,GA,30035,3008,DEKALB
Savway Food Mart,-84.237259,33.737038,4421 Glenwood Rd,Ste 100,Decatur,GA,30032,5095,DEKALB
Petro Foodmart,-84.246315,33.682518,4425 Flat Shoals Pkwy,,Decatur,GA,30034,4828,DEKALB
King Seafood At Glenwood,-84.235123,33.736919,4475 Glenwood Rd,,Decatur,GA,30032,5037,DEKALB
Glenwood Chevron,-84.234634,33.737686,4480 Glenwood Rd,,Decatur,GA,30032,5040,DEKALB
Texaco Hop In,-84.231865,33.737778,4544 Glenwood Rd,,Decatur,GA,30032,5199,DEKALB
Selleme General Merchandise,-84.238953,33.780075,4602 Memorial Dr,,Decatur,GA,30032,1447,DEKALB
B & K Meats,-84.239029,33.779896,4604 Memorial Dr,,Decatur,GA,30032,1447,DEKALB
Glenwood Food Mart,-84.229355,33.73708,4605 Glenwood Rd,,Decatur,GA,30035,1626,DEKALB
Hm Asian Market N/A,-84.238869,33.780197,4614 Memorial Dr,,Decatur,GA,30032,1447,DEKALB
QUIKTRIP 712,-84.235695,33.784115,4733 Memorial Dr,,Decatur,GA,30032,1417,DEKALB
Issa Trading Ga Llc,-84.235764,33.784527,4740 Memorial Dr,Ste 300,Decatur,GA,30032,1453,DEKALB
Family Dollar 7528,-84.217262,33.737488,4787 Covington Hwy,,Decatur,GA,30035,2005,DEKALB
Dollar General 19087,-84.230354,33.681465,4824 Flat Shoals Pkwy,,Decatur,GA,30034,5205,DEKALB
BP FOOD MART,-84.230324,33.68185,4840 Flat Shoals Pkwy,,Decatur,GA,30034,5207,DEKALB
Flakesmill Food Mart,-84.230614,33.681473,4845 Flat Shoals Pkwy,,Decatur,GA,30034,5206,DEKALB
Amoco Food Mart,-84.216248,33.735638,4847 Covington Hwy,,Decatur,GA,30035,2010,DEKALB
DollarTree 1480,-84.229309,33.681061,4855 Flat Shoals Pkwy,,Decatur,GA,30034,5208,DEKALB
ALDI 69081 69081,-84.227837,33.680847,4900 Flat Shoals Pkwy,,Decatur,GA,30034,5209,DEKALB
KROGER STORE 475,-84.228004,33.679188,4919 Flat Shoals Pkwy,Ste 100,Decatur,GA,30034,5256,DEKALB
Texaco Food Mart,-84.189087,33.710625,4943 Snapfinger Woods Dr,Ste A5,Decatur,GA,30035,4197,DEKALB
Chevron Foodmart 402,-84.18441,33.711201,5041 Snapfinger Woods Dr,,Decatur,GA,30035,4019,DEKALB
Texaco Food Mart,-84.287971,33.772301,527 E College Ave,,Decatur,GA,30030,4136,DEKALB
Sm Mahir Enterprises Inc,-84.193787,33.731506,5400 Covington Hwy,,Decatur,GA,30035,2517,DEKALB
Chevron Food Mart,-84.194046,33.730446,5401 Covington Hwy,,Decatur,GA,30035,2500,DEKALB
Family Dollar 13758,-84.19371,33.730915,5404 Covington Hwy,Ste B,Decatur,GA,30035,2520,DEKALB
Caribbean Farmers Market Inc.,-84.193443,33.730778,5410 Covington Hwy,,Decatur,GA,30035,2516,DEKALB
Shell Food Mart,-84.276405,33.793324,570 Dekalb Industrial Way,,Decatur,GA,30030,1703,DEKALB
WALGREENS 5759,-84.276382,33.794235,585 Dekalb Industrial Way,,Decatur,GA,30033,7428,DEKALB
CHEVRON FOOD MART,-84.172424,33.723866,5995 Covington Hwy,Ste A,Decatur,GA,30035,3744,DEKALB
Lidl 1290,-84.170609,33.724064,6038 Covington Hwy,,Decatur,GA,30035,3801,DEKALB
Murphy Express 8785,-84.169357,33.723293,6076 Covington Hwy,,Decatur,GA,30035,3801,DEKALB
A & G Food Mart,-84.167938,33.72308,6114 Covington Hwy,,Decatur,GA,30035,3803,DEKALB
Oakhurst Farmers Market,-84.304596,33.760471,630 E Lake Dr,,Decatur,GA,30030,3514,DEKALB
Aldi 76004,-84.288414,33.7929,676 Decatur Village Way,,Decatur,GA,30033,,DEKALB
Hop N Shop Food Store,-84.302948,33.759171,710 E Lake Dr,,Decatur,GA,30030,4901,DEKALB
Al Barakah Halal Meat And Deli,-84.279655,33.798119,739 Dekalb Industrial Way,Suite 2155,Decatur,GA,30033,,DEKALB
CHERIANS,-84.279732,33.798225,751 Dekalb Industrial Way,,Decatur,GA,30033,5747,DEKALB
Doraville Gas And Food Mart Llc - Bp,-84.244087,33.90242,4095 Pleasantdale Rd,,Doraville,GA,30340,3545,DEKALB
Super H Mart,-84.289772,33.907597,6035 Peachtree Road,,Doraville,GA,30360,,DEKALB
Dollar General 17213,-84.256737,33.91938,7160 Buford Hwy,,Doraville,GA,30340,1456,DEKALB
Walmart Neighborhood Market 3070,-84.270691,33.943359,5025 Winters Chapel Rd,,Dunwoody,GA,30360,,DEKALB
The Fresh Market 043,-84.335648,33.948215,5515 Chamblee Dunwoody,,Dunwoody,GA,30338,4106,DEKALB
PUBLIX 0765,-84.338013,33.950645,5550 Chamblee Dunwoody Rd,,Dunwoody,GA,30338,4111,DEKALB
DollarTree 8338,-84.244881,33.617241,2824 E Atlanta Rd,,Ellenwood,GA,30294,,DEKALB
DOLLAR GENERAL 13055,-84.307755,33.676785,2847 Bouldercrest Rd,,Ellenwood,GA,30294,1014,DEKALB
Bp Panthersville Inc,-84.277145,33.673122,3758 Panthersville Rd,,Ellenwood,GA,30294,1213,DEKALB
Bouldercrest Shell Llc,-84.286003,33.657619,3794 Bouldercrest Rd,,Ellenwood,GA,30294,1629,DEKALB
Food Mart,-84.24894,33.649757,4176 Linecrest Rd,,Ellenwood,GA,30294,1825,DEKALB
Racetrac 2612,-84.307106,33.632587,4443 Old Dunn Ct,,Ellenwood,GA,30294,,DEKALB
QuikTrip 835,-84.592865,34.061268,4455 Wade Green Rd,,Kennesaw,GA,30058,,DEKALB
Walmart S/C 1340,-84.169083,33.702049,5401 FAIRINGTON RD,,LITHONIA,GA,30038,,DEKALB
Chevron Food Mart,-84.081825,33.761326,1115 Rock Chapel Rd,,Lithonia,GA,30058,6703,DEKALB
3 Brothers Foodmart,-84.141304,33.746162,1544 Wellborn Rd,Ste 1,Lithonia,GA,30058,5492,DEKALB
Rock Chapel Stop,-84.086174,33.738644,1801 Rock Chapel Rd,,Lithonia,GA,30058,5104,DEKALB
Shenaz Investment Inc,-84.087875,33.735512,1898 Rock Chapel Rd,,Lithonia,GA,30058,,DEKALB
DOLLAR GENERAL 18964,-84.131699,33.745316,1977 S Deshon Rd,,Lithonia,GA,30058,,DEKALB
Lithonia C Store Usa Inc,-84.13105,33.745251,2038 Stone Mountain Lithonia Rd,,Lithonia,GA,30058,5305,DEKALB
Stone Mountain Usa Inc,-84.125076,33.743011,2206 Stone Mountain Lithonia Rd,,Lithonia,GA,30058,5253,DEKALB
Dollar General 20540,-84.093338,33.724899,2245 Rock Chapel Rd,,Lithonia,GA,30058,5132,DEKALB
Race Trac 124,-84.09259,33.723427,2294 Rock Chapel Rd,,Lithonia,GA,30058,5133,DEKALB
Caribbean Market,-84.108719,33.710598,2618-C Max Cleland Blvd,,Lithonia,GA,30058,,DEKALB
Family Dollar 7600,-84.166092,33.712372,2627 Panola Rd,,Lithonia,GA,30058,4833,DEKALB
WAYFIELD FOODS 10,-84.108597,33.711819,2636 Max Cleland Blvd,,Lithonia,GA,30058,4454,DEKALB
Bp Food Mart,-84.11377,33.706726,2685 Evans Mill Rd,,Lithonia,GA,30058,7414,DEKALB
Family Food Mart 1,-84.115562,33.704643,2761 Evans Mill Rd,,Lithonia,GA,30058,7442,DEKALB
QUIKTRIP 747,-84.169235,33.70649,2776 Panola Rd,,Lithonia,GA,30058,4836,DEKALB
Texaco Food Mart,-84.115372,33.703636,2782 Evans Mill Rd,,Lithonia,GA,30058,7417,DEKALB
Chevron Food Mart,-84.116035,33.703133,2799 Evans Mill Rd,,Lithonia,GA,30058,7478,DEKALB
Circle M Food Shop 91,-84.088455,33.70203,2830 Turner Hill Rd,,Lithonia,GA,30058,4257,DEKALB
QuikTrip 823,-84.088722,33.701492,2841 Turner Hill Rd,,Lithonia,GA,30058,4256,DEKALB
Citgo Food Mart,-84.118706,33.699184,2900 Evans Mill Rd,,Lithonia,GA,30038,2415,DEKALB
DOLLAR GENERAL 3916,-84.119583,33.699493,2922 Evans Mill Rd,,Lithonia,GA,30038,2415,DEKALB
WALGREENS 6205,-84.171532,33.701481,2945 Panola Rd,,Lithonia,GA,30038,2313,DEKALB
Panola Food Mart,-84.172905,33.700638,2983 Panola Road,,Lithonia,GA,30038,,DEKALB
Stop & Shop,-84.171371,33.700562,2984 Panola Rd,Ste 900,Lithonia,GA,30038,2311,DEKALB
PUBLIX 0752,-84.173157,33.697777,3045 Panola Rd,,Lithonia,GA,30038,2317,DEKALB
Family Dollar 7339,-84.178795,33.679016,3635 Panola Rd,,Lithonia,GA,30038,2734,DEKALB
Dollar General 12819,-84.125992,33.646778,4570 Klondike Rd,,Lithonia,GA,30038,4644,DEKALB
Murphy USA 7067,-84.16832,33.702541,5425 Fairington Road,Ste 1,Lithonia,GA,30038,,DEKALB
AR 6 Investment Business LLC,-84.148148,33.702454,5980 Fairington Rd,,Lithonia,GA,30038,1705,DEKALB
Chevron Extramile,-84.145081,33.704926,6030 Hillandale Dr,,Lithonia,GA,30058,4825,DEKALB
Shell Food Mart,-84.143623,33.705299,6039 Hillandale Dr,Ste B,Lithonia,GA,30058,4806,DEKALB
Best Value,-84.166428,33.722473,6139 Covington Hwy,,Lithonia,GA,30058,5467,DEKALB
Covington Food Mart,-84.153725,33.71986,6470 Covington Hwy,,Lithonia,GA,30058,4827,DEKALB
ALDI 76050,-84.146294,33.717655,6650 Covington Hwy,,Lithonia,GA,30058,4814,DEKALB
BP Food Mart,-84.146301,33.717075,6651 Covington Hwy,,Lithonia,GA,30058,4989,DEKALB
WALGREENS 6202,-84.144875,33.717415,6671 Covington Hwy,,Lithonia,GA,30058,4813,DEKALB
KROGER 445,-84.144577,33.71862,6678 Covington Hwy,,Lithonia,GA,30058,4814,DEKALB
DollarTree 3291,-84.143318,33.717278,6746 Covington Hwy,Ste 110,Lithonia,GA,30058,4000,DEKALB
Klondike Food Mart,-84.126167,33.646111,6768 Browns Mill Rd,Ste 500,Lithonia,GA,30038,4681,DEKALB
Family Dollar 470,-84.109589,33.709606,6871 Main St,,Lithonia,GA,30058,4502,DEKALB
Family Dollar 11616,-84.13134,33.716457,7042 Covington Hwy,,Lithonia,GA,30058,7604,DEKALB
Chevron Food Mart,-84.130608,33.717056,7046 Covington Hwy,Ste A,Lithonia,GA,30058,7651,DEKALB
Covington Chevron,-84.128067,33.715805,7101 Covington Hwy,,Lithonia,GA,30058,7605,DEKALB
Soni Food Mart n/a,-84.102943,33.708733,7101 Swift St,,Lithonia,GA,30058,4343,DEKALB
QUIKTRIP 722,-84.101883,33.785034,7225 Rockbridge Rd,,Lithonia,GA,30058,5918,DEKALB
A&D MEAT & POULTRY,-84.099922,33.784416,7245 Rockbridge Rd,Ste 1700,Lithonia,GA,30058,8618,DEKALB
Kinsy Tropical Mart,-84.114098,33.706585,7535 Covington Hwy,Ste B,Lithonia,GA,30058,7477,DEKALB
CVS Pharmacy 4595,-84.113945,33.706543,7550 Covington Hwy,,Lithonia,GA,30058,7402,DEKALB
Mall Parkway Food Mart,-84.105202,33.698502,7655 Mall Pkwy,,Lithonia,GA,30038,2535,DEKALB
DollarTree 9948,-84.076057,33.774426,8000B Rockbridge Rd,,Lithonia,GA,30058,5184,DEKALB
DollarTree 2238,-84.091736,33.69315,8100 Mall Pkwy,Ste. 610,Lithonia,GA,30038,,DEKALB
Walmart Supercenter 4472,-84.084702,33.694996,8424 Mall Pkwy,,Lithonia,GA,30038,2979,DEKALB
DollarTree 9717,-84.166206,33.722889,6152 Covington Hwy.,,Lithonia - Stonecrest,GA,30058,,DEKALB
Race Trac 644,-84.347832,34.038666,420 Crossville Rd,,Roswell,GA,30074,,DEKALB
KROGER 449,-84.131485,33.841621,1227 ROCKBRIDGE RD,,STONE MOUNTAIN,GA,30087,,DEKALB
Walmart STORE 1184,-84.12587,33.824856,1825 ROCKBRIDGE RD,,STONE MOUNTAIN,GA,30087,,DEKALB
Publix 646,-84.365669,33.961048,7525 Roswell Rd,,Sandy Springs,GA,30350,8500,DEKALB
PUBLIX 514,-84.351189,33.994465,8725 Roswell Rd,Ste G,Sandy Springs,GA,30350,,DEKALB
Compromise Krish Inc,-84.26339,33.795113,3436 E Ponce de Leon Ave,,Scottdale,GA,30079,1236,DEKALB
Family Dollar 11635,-84.26239,33.795723,3460 E Ponce de Leon Ave,,Scottdale,GA,30079,1237,DEKALB
DOLLAR GENERAL 13962,-84.249062,33.788746,3510 N Decatur Rd,,Scottdale,GA,30079,1805,DEKALB
Shell Scottdale,-84.260132,33.798016,3550 E Ponce de Leon Ave,,Scottdale,GA,30079,1242,DEKALB
Texaco Food Mart,-84.247864,33.787666,3580 N Decatur Rd,,Scottdale,GA,30079,1805,DEKALB
Citgo Food,-84.047218,33.75996,8329 Norris Lake Rd,,Snellville,GA,30039,5755,DEKALB
Basil Family Farm,-84.186935,33.763309,1071 Park West Ct,,Stone Mountain,GA,30088,2317,DEKALB
Hairston Food Mart,-84.193787,33.811111,1106 N Hairston Rd,,Stone Mountain,GA,30083,5820,DEKALB
CVS Pharmacy 7312,-84.193787,33.811958,1140 N Hairston Rd,,Stone Mountain,GA,30083,5800,DEKALB
KROGER 354,-84.195656,33.760231,1232 S Hairston Rd,,Stone Mountain,GA,30088,2715,DEKALB
Family Dollar 12411,-84.164764,33.756683,1238 Panola Rd,,Stone Mountain,GA,30088,,DEKALB
Citgo Food Mart,-84.19516,33.822697,1452 N Hairston Rd,,Stone Mountain,GA,30083,1900,DEKALB
Texaco Food Mart,-84.195335,33.826157,1525 Mountain Industrial Blvd,,Stone Mountain,GA,30083,1305,DEKALB
Murphy USA 7052,-84.124916,33.826382,1759 Rockbridge Rd.,Ste 1,Stone Mountain,GA,30087,,DEKALB
CHEVRON FOOD MART,-84.118996,33.823746,1900 Rockbridge Road,,Stone Mountain,GA,30087,,DEKALB
Shell Food Mart,-84.162498,33.787071,301 N Stone Mtn Lithonia Rd,,Stone Mountain,GA,30088,1527,DEKALB
Family Dollar 8346,-84.163048,33.787273,319 N Stone Mtn Lithonia Rd,,Stone Mountain,GA,30088,1527,DEKALB
PUBLIX 494,-84.10186,33.785957,380 N Deshong Rd,,Stone Mountain,GA,30087,4797,DEKALB
Qulubi International Market,-84.230835,33.78651,3965 Rockbridge Rd,Ste I,Stone Mountain,GA,30083,4102,DEKALB
Rohingya Asian 1,-84.230812,33.786446,3965 Rockbridge Rd,,Stone Mountain,GA,30083,4102,DEKALB
Country Food,-84.223763,33.76366,4091 Redan Rd,Ste B,Stone Mountain,GA,30083,4767,DEKALB
SUKAB CONVENIENCE,-84.223694,33.764126,4092 Redan Rd,,Stone Mountain,GA,30083,4743,DEKALB
Chevron Food Mart 0,-84.162018,33.786163,410 S Stone Mtn Lithonia Rd,,Stone Mountain,GA,30088,1502,DEKALB
Food Depot 61,-84.22216,33.763767,4100 Redan Rd,,Stone Mountain,GA,30083,5038,DEKALB
Family Dollar 8168,-84.222824,33.763813,4104 Redan Rd,,Stone Mountain,GA,30083,5038,DEKALB
Motherland Foods Market LLC,-84.196144,33.787674,414 N Hairston Rd,Ste 200,Stone Mountain,GA,30083,4355,DEKALB
Stone Mountain Farms 1,-84.210625,33.809772,4369 Central Dr,,Stone Mountain,GA,30083,2444,DEKALB
Chevron Food Mart,-84.213348,33.787521,4402 Rockbridge Rd,,Stone Mountain,GA,30083,4265,DEKALB
Bp Food Mart,-84.212349,33.78756,4420 Rockbridge Rd,,Stone Mountain,GA,30083,4255,DEKALB
Omar & Hassan Grocery Store,-84.212105,33.786694,4429 Rockbridge Rd,Ste A,Stone Mountain,GA,30083,4238,DEKALB
K P Asian Grocery Llc 1,-84.21151,33.787132,4454 Rockbridge Rd Sw,,Stone Mountain,GA,30083,4255,DEKALB
Yemi Global African Market,-84.210983,33.787041,4463 Rockbridge Rd,,Stone Mountain,GA,30083,4225,DEKALB
Texaco Food Mart,-84.209106,33.786446,4513 Rockbridge Rd,,Stone Mountain,GA,30083,4234,DEKALB
Family Dollar 10681,-84.205208,33.786308,4615 Rockbridge Rd,,Stone Mountain,GA,30083,4242,DEKALB
Walgreens 7995,-84.197151,33.761913,4765 Redan Rd,,Stone Mountain,GA,30088,4550,DEKALB
Redan Chevron,-84.19706,33.761993,4766 Redan Rd,,Stone Mountain,GA,30083,5140,DEKALB
Redan Bp Inc,-84.196037,33.762096,4794 Redan Rd,,Stone Mountain,GA,30088,2721,DEKALB
Family Dollar 2602,-84.195259,33.761463,4812 C Redan Rd,,Stone Mountain,GA,30088,2791,DEKALB
DOIIE.COM,-84.194855,33.762875,4812 Redan Rd,,Stone Mountain,GA,30088,2791,DEKALB
INGLES MARKETS 421,-84.196793,33.786877,4815 Rockbridge Rd,,Stone Mountain,GA,30083,4250,DEKALB
Valero,-84.232803,33.787125,4837 Memorial Dr,,Stone Mountain,GA,30083,4175,DEKALB
Elsa Mart,-84.234039,33.787743,4848 Memorial Dr,,Stone Mountain,GA,30083,4146,DEKALB
Maleda Market,-84.233337,33.787987,4856 Memorial Dr,,Stone Mountain,GA,30083,4146,DEKALB
Citgo Food Mart,-84.194542,33.786804,4879 Rockbridge Rd,,Stone Mountain,GA,30083,4213,DEKALB
Sol Food Mart,-84.2323,33.788708,4892 Memorial Dr,,Stone Mountain,GA,30083,4105,DEKALB
Maria's African Market,-84.231758,33.789738,4910 Memorial Dr,,Stone Mountain,GA,30083,4148,DEKALB
Buddy's Food Mart,-84.184036,33.811211,5003 Central Dr,,Stone Mountain,GA,30083,2815,DEKALB
HALAL MEAT MARKET,-84.227608,33.793179,5051 Memorial Dr,,Stone Mountain,GA,30083,3108,DEKALB
King Seafood Market,-84.227119,33.794125,5068 Memorial Dr,,Stone Mountain,GA,30083,3109,DEKALB
Citgo 14056133,-84.180412,33.817822,5095 Stone Mill Way,,Stone Mountain,GA,30083,1613,DEKALB
Quik Stop,-84.106148,33.824841,5109 Stone Mountain Hwy,Ste 100,Stone Mountain,GA,30087,3412,DEKALB
Stone Mountain Farmers Market Llc,-84.225395,33.794804,5135 Memorial Dr,,Stone Mountain,GA,30083,3110,DEKALB
Nam Dae Mun Farmers Market,-84.223839,33.798763,5158 Memorial Dr,Ste 402,Stone Mountain,GA,30083,3111,DEKALB
Chinland Market Inc 1,-84.223824,33.797028,5217 Memorial Dr,,Stone Mountain,GA,30083,3112,DEKALB
Texaco Hop In,-84.221466,33.798904,5248 Memorial Dr,,Stone Mountain,GA,30083,3113,DEKALB
Quick Stop,-84.221138,33.79826,5295 Memorial Dr,,Stone Mountain,GA,30083,3112,DEKALB
Zo Leng Thee,-84.220993,33.798847,5302 Memorial Dr,Ste A,Stone Mountain,GA,30083,3151,DEKALB
DollarTree 755,-84.220535,33.798702,5325 Memorial Dr,,Stone Mountain,GA,30083,3212,DEKALB
Buddys Market,-84.17215,33.790813,5444 Rockbridge Rd,Ste C,Stone Mountain,GA,30088,1428,DEKALB
Kefita Food Mart,-84.214645,33.799171,5481 Memorial Dr,Ste C,Stone Mountain,GA,30083,3240,DEKALB
Texaco Food Mart,-84.212669,33.801193,5510 Memorial Dr,Ste B,Stone Mountain,GA,30083,3215,DEKALB
Chevron Food Mart,-84.212463,33.800117,5517 Memorial Dr,,Stone Mountain,GA,30083,3243,DEKALB
Mk Asian Mart,-84.209,33.799385,5615 Memorial Dr,Ste D,Stone Mountain,GA,30083,3256,DEKALB
Food Mart,-84.164719,33.756115,5616 Redan Rd,Ste A,Stone Mountain,GA,30088,3452,DEKALB
Bp Food Mart,-84.206451,33.801449,5664 Memorial Dr,,Stone Mountain,GA,30083,3253,DEKALB
Food Depot 47,-84.160179,33.786373,5741 Rockbridge Rd,Ste 100,Stone Mountain,GA,30087,5702,DEKALB
Tropical African Market,-84.196884,33.799614,5895 Memorial Dr,Ste B,Stone Mountain,GA,30083,3400,DEKALB
Walmart SuperCenter 3188,-84.195038,33.799271,5935 Memorial Dr,,Stone Mountain,GA,30083,3429,DEKALB
5960 Enterprise LLC,-84.179932,33.815651,5960 E Ponce de Leon Ave,Ste C,Stone Mountain,GA,30083,1602,DEKALB
Welcome Foods,-84.19413,33.801281,5975 Memorial Dr,,Stone Mountain,GA,30083,3429,DEKALB
DOLLAR GENERAL 8243,-84.194069,33.802219,5978 Memorial Dr,,Stone Mountain,GA,30083,3430,DEKALB
Jnj Tropical Supermarket Llc,-84.194046,33.802246,5984 Memorial Dr,,Stone Mountain,GA,30083,3430,DEKALB
Nyrah Business Inc,-84.193344,33.802101,6007 Memorial Dr,,Stone Mountain,GA,30083,2870,DEKALB
International Halal Store #1,-84.192291,33.801144,6009 Memorial Dr,,Stone Mountain,GA,30083,2814,DEKALB
Prime Seafood Market 0,-84.191872,33.802826,6049 Memorial Dr,,Stone Mountain,GA,30083,2804,DEKALB
DollarTree 7897,-84.190903,33.804047,6050 Memorial Dr,,Stone Mountain,GA,30083,2852,DEKALB
Continental African Market,-84.18792,33.807678,6200 Memorial Dr,Ste K,Stone Mountain,GA,30083,2849,DEKALB
Stone Mountain Food Mart,-84.172104,33.811714,6201 E Ponce de Leon Ave,Suite B,Stone Mountain,GA,30083,2250,DEKALB
Al Rayaan Market,-84.186028,33.807606,6254 Memorial Dr,Ste E,Stone Mountain,GA,30083,2884,DEKALB
Market Street,-84.182915,33.8088,6319 Memorial Dr,Ste A,Stone Mountain,GA,30083,,DEKALB
Bighmart,-84.127968,33.784901,6549 Rockbridge Rd,,Stone Mountain,GA,30087,4931,DEKALB
Family Dollar 7203,-84.102837,33.785236,7184 Rockbridge Rd,,Stone Mountain,GA,30087,4710,DEKALB
CVS Pharmacy 2116,-84.135201,33.785618,7207 Rockbridge Rd,,Stone Mountain,GA,30087,6320,DEKALB
Dollar General 18636,-84.169724,33.802193,791 Main St,,Stone Mountain,GA,30083,3618,DEKALB
Gurnor LLC,-84.16935,33.802521,801 Main St,,Stone Mountain,GA,30083,3620,DEKALB
Stone Mountain Farmers Market,-84.170479,33.806828,922 Main St,,Stone Mountain,GA,30083,3010,DEKALB
The Health Nut,-84.1707,33.808937,993 Main St,,Stone Mountain,GA,30083,3060,DEKALB
Stonecrest Fresh Farmers Market,-84.097,33.698597,2929 Turner Hill Rd,,Stonecrest,GA,30038,,DEKALB
2944 Qm LLC,-84.170883,33.701565,2944 Panola Road,,Stonecrest,GA,30038,,DEKALB
Family Dollar 12488,-84.198883,33.685097,3332 Snapfinger Rd,,Stonecrest,GA,30038,2656,DEKALB
DollarTree 7322,-84.177498,33.680416,3590 Panola Rd,,Stonecrest,GA,30038,2731,DEKALB
Food Depot 54,-84.176628,33.680191,3590 Panola Rd,,Stonecrest,GA,30038,2731,DEKALB
Panola Bp,-84.178673,33.671097,3860 Panola Rd,Ste A,Stonecrest,GA,30038,3873,DEKALB
Circle K Lithonia,-84.155724,33.720013,6429 Covington Highway,,Stonecrest,GA,30058,,DEKALB
QuikTrip 1713,-84.124237,33.71505,7170 Covington Hwy,,Stonecrest,GA,30058,,DEKALB
CHEVRON FOOD MART,-84.203926,33.849094,4519 HUGH HOWELL RD,,TUCKER,GA,30084,,DEKALB
Chevron Food Mart,-84.234184,33.826851,1531 Cooledge Rd,,Tucker,GA,30084,7304,DEKALB
The Market,-84.200089,33.836445,1823 Mountain Industrial Blvd,,Tucker,GA,30084,6618,DEKALB
Valero Food Mart,-84.20118,33.836929,1836 Mountain Industrial Blvd,,Tucker,GA,30084,6617,DEKALB
Sam's Club 6409,-84.200943,33.840191,1940 Mountain Industrial Blvd,,Tucker,GA,30084,6619,DEKALB
QUIKTRIP 704,-84.200859,33.841591,1999 Mountain Industrial Blvd,,Tucker,GA,30084,6629,DEKALB
Idlewood Food Mart,-84.212875,33.84927,2199 Idlewood Rd,,Tucker,GA,30084,4805,DEKALB
Subhlaxmi Grocers 1,-84.211876,33.852016,2295 4th St,,Tucker,GA,30084,4718,DEKALB
Tucker Farmers Market,-84.21431,33.853165,2333 Main St,,Tucker,GA,30084,4471,DEKALB
ACRO INTERNATIONAL FOOD DISTRIBUTORS,-84.190353,33.857563,2689 Mountain Industrial Blvd,Ste B,Tucker,GA,30084,3085,DEKALB
Shell Food Mart,-84.220505,33.884464,3155 Pleasantdale Rd,,Tucker,GA,30084,2132,DEKALB
Walmart Neighborhood Market 3071,-84.218246,33.883469,3201 Tucker Norcross Rd,,Tucker,GA,30084,,DEKALB
QUIKTRIP 728,-84.238846,33.837006,3317 Lawrenceville Hwy,,Tucker,GA,30084,7132,DEKALB
Race Trac 2311,-84.238129,33.837517,3356 Lawrenceville Hwy,,Tucker,GA,30084,7131,DEKALB
Best Food Mart,-84.229416,33.845531,3671 Lawrenceville Hwy,,Tucker,GA,30084,5800,DEKALB
Lavista Food Mart,-84.257507,33.843765,3905 Lavista Rd,,Tucker,GA,30084,5105,DEKALB
KROGER 212,-84.255852,33.843376,3959 Lavista Rd Ste A,,Tucker,GA,30084,5152,DEKALB
Milk Jug,-84.242722,33.833099,3988 Lawrence Hwy,,Tucker,GA,30084,,DEKALB
DOLLAR GENERAL 13079,-84.217819,33.84964,4005 Lawrenceville Hwy,,Tucker,GA,30084,4620,DEKALB
Shell Food Mart 1,-84.213951,33.851109,4108 Lawrenceville Hwy,,Tucker,GA,30084,4711,DEKALB
BP Foodmart,-84.250343,33.846111,4121 Lavista Rd,,Tucker,GA,30084,5308,DEKALB
ALDI 76005,-84.249802,33.846394,4135 Lavista Rd,,Tucker,GA,30084,,DEKALB
Target Store T-1390,-84.245575,33.844585,4241 Lavista Rd,,Tucker,GA,30084,5310,DEKALB
Provisions Food & Fuel Mart,-84.245232,33.847103,4246 Lavista Rd,,Tucker,GA,30084,5338,DEKALB
DollarTree 4819,-84.209641,33.854221,4271 Lawrenceville Hwy,,Tucker,GA,30084,,DEKALB
La Sabrosita,-84.21122,33.851147,4303 Hugh Howell Rd,,Tucker,GA,30084,4706,DEKALB
Sprouts Farmers Market 527,-84.242867,33.849739,4310 Lavista Rd,Ste A200,Tucker,GA,30084,,DEKALB
Dollar General 13141,-84.220245,33.881855,4312 Chamblee Tucker Rd,,Tucker,GA,30084,2105,DEKALB
QUIKTRIP 739,-84.219772,33.880928,4330 Chamblee Tucker Rd,,Tucker,GA,30084,2105,DEKALB
Dollar General 23360,-84.209579,33.850807,4351 Hugh Howell Rd,,Tucker,GA,30084,4706,DEKALB
KROGER 482,-84.207977,33.856831,4357 Lawrenceville Hwy,,Tucker,GA,30084,3773,DEKALB
Walmart S/C 2584,-84.205353,33.857544,4375 Lawrenceville Hwy,,Tucker,GA,30084,3702,DEKALB
Bp Food Mart,-84.200241,33.848637,4615 Hugh Howell Rd,,Tucker,GA,30084,5004,DEKALB
Publix 1772,-84.198692,33.850403,4650 Hugh Howell Rd,,Tucker,GA,30084,5003,DEKALB
Walgreens 10457,-84.209854,33.856915,5201 Lavista Rd,,Tucker,GA,30084,,DEKALB
SPEEDWAY 4107,-84.196518,33.82589,5448 Ponce De Leon Ave,,Tucker,GA,30083,,DEKALB
Chevron Tucker Express,-84.184586,33.86647,6310 Lawrenceville Hwy 2,,Tucker,GA,30084,,DEKALB
Wahl To Wahl Food Mart,-83.073608,32.106201,4580 Hwy 341,,Chauncey,GA,31011,3871,DODGE
DOLLAR GENERAL 18980,-83.070068,32.105598,4689 Hwy 341,,Chauncey,GA,31011,3891,DODGE
Dollar General 17222,-83.152687,32.397724,352 CARMEN STREET WEST,Carmen ST W,Chester,GA,31012,,DODGE
Dollar General 31534,-83.298599,32.34034,1557 Old Empire Rd,,Cochran,GA,31014,4964,DODGE
Flash Foods LLC 27445,-83.186745,32.190525,1000 5th Ave,,Eastman,GA,31023,6512,DODGE
Walmart STORE 1018,-83.177742,32.178894,1099 Indian Dr,,Eastman,GA,31023,7663,DODGE
DollarTree 3947,-83.180099,32.178883,1120 Indian Dr,Lot A,Eastman,GA,31023,7671,DODGE
Murphy USA 7886,-83.180359,32.179771,1545 Indian Dr,,Eastman,GA,31023,7654,DODGE
Flash Foods 274202,-83.177818,32.197113,200 Oak St,,Eastman,GA,31023,6140,DODGE
Butcher Block Meat Market,-83.177521,32.194653,207 2nd Ave,,Eastman,GA,31023,6103,DODGE
Beck Farms Produce,-83.057266,32.229801,214 Horne Rd,,Eastman,GA,31023,3281,DODGE
Eastman Food Mart,-83.176826,32.195316,330 Oak St,,Eastman,GA,31023,6142,DODGE
Dollar General Store 17744,-83.253098,32.287395,4033 Cochran Hwy,,Eastman,GA,31023,2374,DODGE
Kuntry Mart,-83.256538,32.28944,4151 Cochran Hwy,,Eastman,GA,31023,2376,DODGE
P & P FOOD MART,-83.175842,32.194263,431 Oak St,,Eastman,GA,31023,6621,DODGE
Dodge County Farmers' Market,-83.175491,32.200695,5018 Courthouse Cir,,Eastman,GA,31023,5871,DODGE
WILLIAMS FISH MARKET,-83.178513,32.202923,5324 Norman St,,Eastman,GA,31023,5733,DODGE
CVS Pharmacy 4564,-83.17514,32.19355,535 Oak St,,Eastman,GA,31023,6745,DODGE
Flash Foods LLC 274102,-83.17572,32.193169,538 Oak St,,Eastman,GA,31023,9103,DODGE
Eastman Quick Stop,-83.170532,32.20097,5805 5th Ave,,Eastman,GA,31023,6303,DODGE
DOLLAR GENERAL 659,-83.18573,32.205906,5840 Oak St,,Eastman,GA,31023,5528,DODGE
Food For Less Eastman Llc 296,-83.191368,32.207722,6327 Oak St,,Eastman,GA,31023,8926,DODGE
DOLLAR GENERAL 7939,-83.174614,32.191082,656 Oak St,,Eastman,GA,31023,6746,DODGE
Family Dollar 6823,-83.172447,32.188625,823 College St,,Eastman,GA,31023,6771,DODGE
Rhine Usa Express,-83.204483,31.989014,251 2nd St,,Rhine,GA,31077,4120,DODGE
1st Choice,-83.199745,31.989964,391 2nd St,,Rhine,GA,31077,4124,DODGE
The Lilly Store 1,-83.877487,32.14735,233 Railroad St.,,Lilly,GA,31051,,DOOLY
William L Brown Farm Market,-84.019325,32.345432,4334 GA Highway 49 N,,Montezuma,GA,31063,4718,DOOLY
DOLLAR GENERAL 10503,-83.740219,32.252419,1342 PINE ST,,UNADILLA,GA,31091,,DOOLY
Flint River Grocery 2,-83.735588,32.263306,2450 PINE STREET,HWY 41,UNADILLA,GA,31091,,DOOLY
Flash Foods LLC 2745079,-83.741829,32.249371,1045 Pine St,,Unadilla,GA,31091,3772,DOOLY
Giant 2,-83.741867,32.251373,1273 Pine St,,Unadilla,GA,31091,3790,DOOLY
Family Dollar 9366,-83.741188,32.251842,1291 Pine St,,Unadilla,GA,31091,3790,DOOLY
Unadilla Meat Company,-83.736511,32.261429,1337 Borum St,,Unadilla,GA,31091,3687,DOOLY
Unadilla Mini Food Mart,-83.738747,32.2575,1800 Pine St,,Unadilla,GA,31091,2501,DOOLY
JP Unadilla 1288,-83.745552,32.245369,675 Pine St,,Unadilla,GA,31091,3783,DOOLY
Dollar General Market 13513,-83.773079,32.087818,1211 E Union St,,Vienna,GA,31092,7546,DOOLY
Pig Jig Mart,-83.767082,32.086708,1501 E Union St,,Vienna,GA,31092,7529,DOOLY
Vienna Travel Center,-83.764114,32.086498,1527B E Union St,,Vienna,GA,31092,7529,DOOLY
Family Dollar 10176,-83.796112,32.09304,201 N 3rd St,,Vienna,GA,31092,1162,DOOLY
Piggly Wiggly Stephens Super Fds,-83.796127,32.093597,207 N 3rd St,,Vienna,GA,31092,1162,DOOLY
Pilot Travel Center 398,-83.76088,32.085445,39 Victory Ln,,Vienna,GA,31092,6859,DOOLY
FOOD LION 2820,-84.218559,31.613462,2800 OLD DAWSON RD,,ALBANY,GA,31707,,DOUGHERTY
Lotus Market,-84.114677,31.52862,1000 Liberty Expy SE,,Albany,GA,31705,5970,DOUGHERTY
Family Dollar 11047,-84.176025,31.5907,1000 N Slappey Blvd,,Albany,GA,31701,1421,DOUGHERTY
Homerun Foods 1,-84.176109,31.548655,1002 Oakridge Dr,,Albany,GA,31701,3915,DOUGHERTY
Fresh Foods International Market,-84.176117,31.590914,1003 N Slappey Blvd,,Albany,GA,31701,1420,DOUGHERTY
Family Dollar 6111,-84.174568,31.568151,1031 W Gordon Ave,,Albany,GA,31701,2900,DOUGHERTY
Food For Less Albany Inc 293,-84.17469,31.568068,1032 W Gordon Ave,,Albany,GA,31701,2931,DOUGHERTY
Dollar General 23534,-84.251183,31.585093,104 Lockett Station Rd,,Albany,GA,31721,4002,DOUGHERTY
DollarTree 10199,-84.216736,31.584826,104 Logan Ct,,Albany,GA,31707,3366,DOUGHERTY
Countyline Foods,-84.154099,31.609015,104 Philema Rd,,Albany,GA,31701,1248,DOUGHERTY
A Better Way Grocers,-84.153473,31.576307,106 S Jackson St,,Albany,GA,31701,2814,DOUGHERTY
Magnolia Grocery,-84.190063,31.575876,108 S Magnolia St,,Albany,GA,31707,4225,DOUGHERTY
Walmart Neighborhood Market 2801,-84.219292,31.585278,108 S Westover Blvd,,Albany,GA,31707,0604,DOUGHERTY
Family Dollar 4873,-84.090729,31.575457,110 Cordele Rd,,Albany,GA,31705,,DOUGHERTY
Brothers Corner,-84.162292,31.563086,1104 Newton Rd,,Albany,GA,31701,3474,DOUGHERTY
Homerun Foods 5 105,-84.212646,31.618029,1105 N Westover Blvd,,Albany,GA,31707,6640,DOUGHERTY
Stop N Shop N/A,-84.127083,31.580221,1117 Clark Ave,,Albany,GA,31705,2218,DOUGHERTY
Dawson Rd Food Mart,-84.181465,31.584599,1200 Dawson Rd,,Albany,GA,31707,3852,DOUGHERTY
Sam's Club 6506,-84.209999,31.615946,1201 N Westover Blvd,,Albany,GA,31707,6600,DOUGHERTY
Fish And Seafood Market,-84.124504,31.580172,1205 Clark Aveune,Suite A,Albany,GA,31705,,DOUGHERTY
Quick Shop,-84.175735,31.59474,1300 N Slappey Blvd,,Albany,GA,31701,1427,DOUGHERTY
RK Market,-84.12114,31.579733,1308 Clark Ave,,Albany,GA,31705,2222,DOUGHERTY
U Save It Pharmacy - South Albany,-84.163445,31.561014,1310 Newton Rd,,Albany,GA,31701,3480,DOUGHERTY
Jay Umiya 1982 Llc,-84.125763,31.55316,1342 Mobile Ave,Ste 7,Albany,GA,31705,7406,DOUGHERTY
Wawa Store 6306,-84.239388,31.629179,1384 US Hwy 82 W,,Albany,GA,31721,,DOUGHERTY
Dixie Food Mart N/A,-84.119194,31.576393,1400 E Broad Ave,,Albany,GA,31705,2208,DOUGHERTY
Bloc Stop Travel Center,-84.104858,31.539541,1400 Moultrie Rd,,Albany,GA,31705,4104,DOUGHERTY
Dollar General 21011,-84.188927,31.54915,1401 W Oakridge Dr,,Albany,GA,31707,5306,DOUGHERTY
AB & C Oriental Store,-84.184921,31.587069,1404 Dawson Rd,,Albany,GA,31707,3856,DOUGHERTY
One Stop Food Store,-84.189018,31.548662,1404 W Oakridge Dr,,Albany,GA,31707,5307,DOUGHERTY
GIA FOOD MART,-84.175995,31.596722,1407 N Slappey Blvd,,Albany,GA,31701,1428,DOUGHERTY
DOLLAR GENERAL 8532,-84.185425,31.588045,1411 Dawson Rd,,Albany,GA,31707,3855,DOUGHERTY
Shivom Group Llc,-84.115974,31.59572,1421 N Maple St,,Albany,GA,31705,1449,DOUGHERTY
Simply Slappey,-84.175369,31.597628,1500 N Slappey Blvd,,Albany,GA,31701,1430,DOUGHERTY
Family Dollar 6485,-84.136429,31.55131,1502 Radium Springs Rd,,Albany,GA,31705,4022,DOUGHERTY
Angela Camille Enterprise Premium Cattle Co Llc,-84.187813,31.599995,1503 10th Ave,,Albany,GA,31707,3442,DOUGHERTY
Family Dollar 11463,-84.115959,31.596291,1505 N Maple St,,Albany,GA,31705,1451,DOUGHERTY
Dollar General 16408,-84.156097,31.597101,1508 N Jefferson St,,Albany,GA,31701,1608,DOUGHERTY
Food Lion 2819,-84.138184,31.550526,1511 Radium Springs Rd,,Albany,GA,31705,4021,DOUGHERTY
Dollar General 8162,-84.136932,31.54953,1515 Radium Springs Rd,,Albany,GA,31705,4051,DOUGHERTY
Needs2 Dba Zaibadil Enterprises Inc.,-84.164238,31.55707,1600 Mcarthur St,,Albany,GA,31701,3621,DOUGHERTY
Pace 51 N/A,-84.190224,31.581041,1604 Gillionville Rd,,Albany,GA,31707,3946,DOUGHERTY
Food Circle,-84.18998,31.574965,1608 W Broad Ave,,Albany,GA,31707,4350,DOUGHERTY
Homerun Foods 6 106,-84.108055,31.571312,1621 E Oglethorpe Blvd,,Albany,GA,31705,2848,DOUGHERTY
One Leaf,-84.114716,31.583052,1629 Clark Ave,,Albany,GA,31705,2651,DOUGHERTY
Rao's Exxon,-84.107285,31.571199,1701 E Oglethorpe Blvd,,Albany,GA,31705,2930,DOUGHERTY
DOLLAR GENERAL 8161,-84.110558,31.6353,1705 Philema Rd S,,Albany,GA,31701,4740,DOUGHERTY
Love's Travel Stop 808,-84.107391,31.580763,1737 Clark Avenue,,Albany,GA,31705,,DOUGHERTY
Lucky 9 N/A,-84.103394,31.575159,1800 E Broad Ave,,Albany,GA,31705,2313,DOUGHERTY
Dollar General 12499,-84.154655,31.555548,1824 Martin Luther King Jr Dr,,Albany,GA,31701,3613,DOUGHERTY
Creekside 2,-84.25058,31.586147,1900 Weymouth Dr,,Albany,GA,31721,2825,DOUGHERTY
June Bugs Grocery N/A,-84.165138,31.552017,1905 S Madison St,,Albany,GA,31701,3848,DOUGHERTY
DOLLAR GENERAL 8335,-84.101921,31.571135,1906 E Oglethorpe Blvd,,Albany,GA,31705,2935,DOUGHERTY
A B Food Mart,-84.099983,31.575327,2005 E Broad Ave,,Albany,GA,31705,2315,DOUGHERTY
Dollar General 25886,-84.123398,31.516815,201 Honeysuckle Dr,,Albany,GA,31705,9599,DOUGHERTY
DOLLAR GENERAL 8562,-84.17588,31.603521,2017 N Slappey Blvd,,Albany,GA,31701,1001,DOUGHERTY
La Gran Guate-mex 2 Llc,-84.138268,31.551346,202 E Oakridge Dr,Ste C,Albany,GA,31705,3652,DOUGHERTY
Slappey Express N/A,-84.176239,31.604578,2033 N Slappey Blvd,,Albany,GA,31701,1001,DOUGHERTY
Priya Food Mart N/A,-84.155602,31.574125,210 S Jefferson St,,Albany,GA,31701,2820,DOUGHERTY
Big E's Country Store,-84.023331,31.6255,2100 Cordele Rd,,Albany,GA,31705,5516,DOUGHERTY
Albany Mart N/A,-84.136757,31.540096,2121 Radium Springs Rd,,Albany,GA,31705,4061,DOUGHERTY
June Bug Grocery 2,-84.17495,31.549589,2125 Newton Rd,Ste B,Albany,GA,31701,3585,DOUGHERTY
Havmor Food N/A,-84.202713,31.566759,2200 W Gordon Ave,,Albany,GA,31707,4628,DOUGHERTY
MD Food Mart,-84.09861,31.573484,2201 E Oglethorpe Blvd,,Albany,GA,31705,2939,DOUGHERTY
Pic N Sav 647,-84.098267,31.573324,2203 E Oglethorpe Blvd,,Albany,GA,31705,2939,DOUGHERTY
La Chaparrita 2,-84.097198,31.575191,2205 E Broad Ave,,Albany,GA,31705,2358,DOUGHERTY
College Corner,-84.204224,31.584513,2217 Gillionville Rd,,Albany,GA,31707,3155,DOUGHERTY
Hank Vinsons Meathouse 2,-84.154823,31.543762,2224 Martin Luther King Jr Dr,,Albany,GA,31701,4180,DOUGHERTY
Flash Foods LLC 274203,-84.117432,31.472464,2236 Liberty Expy SE,,Albany,GA,31705,,DOUGHERTY
Annie Convenience Store,-84.090065,31.570972,224 Johnson Rd,,Albany,GA,31705,3029,DOUGHERTY
Corner College,-84.142738,31.574945,230 E Oglethorpe Blvd,,Albany,GA,31705,2798,DOUGHERTY
Mike's Country Store LLC 2,-84.118042,31.468958,2305 Liberty Expy SE,,Albany,GA,31705,6166,DOUGHERTY
Homerun Foods #10,-84.205139,31.60461,2307 Dawson Rd,,Albany,GA,31707,2435,DOUGHERTY
Food Lion 2818,-84.175293,31.608564,2310 N Slappey Blvd,,Albany,GA,31701,1008,DOUGHERTY
Walgreens 06201,-84.206696,31.605743,2351 Dawson Rd,,Albany,GA,31707,2435,DOUGHERTY
Creekside 4,-84.20771,31.605927,2400 Dawson Rd,,Albany,GA,31707,2314,DOUGHERTY
DollarTree 4174,-84.094292,31.573891,2400 Sylvester Hwy,,Albany,GA,31705,2469,DOUGHERTY
DOLLAR GENERAL 36,-84.20697,31.606457,2401 Dawson Rd,Ste C,Albany,GA,31707,2381,DOUGHERTY
Dollar General 11692,-84.118095,31.46398,2401 Liberty Expy SE,,Albany,GA,31705,6167,DOUGHERTY
Family Dollar 10958,-84.2099,31.608799,2408 Dawson Rd,,Albany,GA,31707,2398,DOUGHERTY
Walgreens 10796,-84.092545,31.574673,2414 Sylvester Rd,,Albany,GA,31705,2469,DOUGHERTY
Stuart Express,-84.209404,31.61265,2419 Stuart Ave,,Albany,GA,31707,1420,DOUGHERTY
Nouria 2424 Clark Avenue 841,-84.091232,31.579332,2424 Clark Ave,,Albany,GA,31705,2446,DOUGHERTY
Cruz Tortilleria & Grocery,-84.089287,31.575932,2427F Sylvester Hwy,,Albany,GA,31705,2422,DOUGHERTY
Gas Express 3,-84.176277,31.611469,2447 N Slappey Blvd,,Albany,GA,31701,1096,DOUGHERTY
Family Dollar 427,-84.143593,31.575703,245 E Oglethorpe Blvd,,Albany,GA,31705,2705,DOUGHERTY
Chevron Food Mart,-84.211197,31.613266,2509 Stuart Ave,,Albany,GA,31707,1601,DOUGHERTY
Murphy Express 8601,-84.089485,31.57765,252 Cordele Rd,,Albany,GA,31705,2407,DOUGHERTY
Radium Springs Food Mart,-84.136047,31.526815,2524 Radium Springs Rd,,Albany,GA,31705,4576,DOUGHERTY
Walmart Neighborhood Market 4517,-84.176048,31.613255,2586 N Slappey Blvd,,Albany,GA,31701,1012,DOUGHERTY
DollarTree 96,-84.220459,31.616686,2619 Dawson Rd,,Albany,GA,31707,1608,DOUGHERTY
Homerun Foods no.8 108,-84.218765,31.586103,2619 Gillionville Rd,,Albany,GA,31707,3003,DOUGHERTY
Walmart SUPERCENTER 5797,-84.087166,31.57852,262 Cordele Rd,,Albany,GA,31705,2407,DOUGHERTY
Flash Foods LLC 2745154,-84.220215,31.585749,2701 Gillionville Rd,,Albany,GA,31721,2901,DOUGHERTY
American Eagle Food,-84.204948,31.622545,2704 Ledo Rd,,Albany,GA,31707,1655,DOUGHERTY
PUBLIX 450,-84.223846,31.621138,2715 Dawson Rd,,Albany,GA,31707,1673,DOUGHERTY
Target Store 734,-84.224632,31.619595,2721 Dawson Rd,,Albany,GA,31707,1672,DOUGHERTY
Homerun Foods 2 102,-84.226067,31.618847,2722 Dawson Rd,,Albany,GA,31707,1690,DOUGHERTY
Nouria 2800 North Slappey Boulevard 840,-84.176033,31.619753,2800 N Slappey Blvd,,Albany,GA,31701,1018,DOUGHERTY
ALDI 76140,-84.204117,31.621073,2816 Nottingham Way,,Albany,GA,31707,1283,DOUGHERTY
One Pramukh Llc D.b.a. Shell Food Mart,-84.224586,31.613489,2824 Old Dawson Rd,,Albany,GA,31707,1412,DOUGHERTY
Walmart Supercenter 588,-84.213539,31.624426,2825 Ledo Rd,,Albany,GA,31707,1287,DOUGHERTY
Flash Foods LLC 2745155,-84.224403,31.613548,2825 Old Dawson Rd,,Albany,GA,31707,1411,DOUGHERTY
Flash Foods LLC 2745107,-84.136482,31.552402,300 E Oakridge Dr,,Albany,GA,31705,4077,DOUGHERTY
Dollar General 14788,-84.141525,31.575323,300 E Oglethorpe Blvd,,Albany,GA,31705,2708,DOUGHERTY
FAST LANE FOOD MART,-84.07328,31.573723,3000 Sylvester Rd,,Albany,GA,31705,6400,DOUGHERTY
DOLLAR GENERAL 478,-84.177025,31.622522,3005 N Slappey Blvd,,Albany,GA,31701,1021,DOUGHERTY
Crossroads Food Mart,-84.241272,31.50465,3023 Leary Rd,,Albany,GA,31721,5609,DOUGHERTY
Homerun Foods 9 109,-84.15461,31.575365,309 W Oglethorpe Blvd,,Albany,GA,31701,2833,DOUGHERTY
Pilot Travel Center 260,-84.086632,31.581129,310 Cordele Rd,,Albany,GA,31705,2409,DOUGHERTY
Flowers Bakery Outlet 96,-84.233192,31.585712,3201 Gillionville Rd,,Albany,GA,31721,2816,DOUGHERTY
Mikes Country Store 3 Inc,-84.2332,31.585678,3203 Gillionville Rd,,Albany,GA,31721,2816,DOUGHERTY
Rickys Country Store N/A,-84.233795,31.586479,3203 Gillionville Rd,,Albany,GA,31721,2816,DOUGHERTY
One Stop N/A,-84.094307,31.567745,326 S Mock Rd,,Albany,GA,31705,3417,DOUGHERTY
DOLLAR GENERAL 10889,-84.220764,31.573811,327 S Westover Blvd,,Albany,GA,31707,0609,DOUGHERTY
Homerun Foods 7,-84.23716,31.586048,3315 Gillionville Rd,,Albany,GA,31721,2818,DOUGHERTY
Hillcorner Foodstore,-83.997032,31.581936,335 N County Line Rd,,Albany,GA,31705,6410,DOUGHERTY
QUICK BUYS 112,-84.040054,31.572504,3522 Sylvester Rd,,Albany,GA,31705,6404,DOUGHERTY
Family Dollar 11395,-84.252396,31.585718,3907 Gillionville Rd,,Albany,GA,31721,4406,DOUGHERTY
Family Table Garden,-84.239861,31.487831,3912 Vanderbilt Dr,,Albany,GA,31721,8617,DOUGHERTY
Food Mart,-84.21933,31.600149,402 N Westover Blvd,,Albany,GA,31707,2131,DOUGHERTY
MOREE'S GROCERY,-83.998131,31.461639,4028 Moultrie Rd,,Albany,GA,31705,5166,DOUGHERTY
New Slappy Foods,-84.176277,31.571632,405 S Slappey Blvd,,Albany,GA,31701,2607,DOUGHERTY
Homerun Foods 103,-84.144295,31.612041,406 Philema Rd,,Albany,GA,31701,1267,DOUGHERTY
DOLLAR GENERAL 1581,-84.17617,31.57114,408 S Slappey Blvd,,Albany,GA,31701,2608,DOUGHERTY
Priya Food Mart 2,-84.157234,31.575897,413 W Oglethorpe Blvd,,Albany,GA,31701,2835,DOUGHERTY
Apple Express,-84.175644,31.581963,418 N Slappey Blvd,,Albany,GA,31701,1408,DOUGHERTY
DOLLAR GENERAL 18643,-84.032249,31.575094,4805 Hill Rd,,Albany,GA,31705,5311,DOUGHERTY
DollarTree 5931,-84.176155,31.583025,500 Slappey Blvd,,Albany,GA,31701,,DOUGHERTY
Goodlife Fresh,-84.176651,31.569321,517 S Slappey Blvd,Apt A,Albany,GA,31701,2684,DOUGHERTY
Fairway Store 1,-84.175789,31.569132,520 S Slappey Blvd,,Albany,GA,31701,2610,DOUGHERTY
Grab N Go N/A,-84.194191,31.522064,5400 Newton Rd,,Albany,GA,31701,7453,DOUGHERTY
DOLLAR GENERAL 13835,-84.200615,31.514521,5731 Newton Rd,,Albany,GA,31701,7458,DOUGHERTY
Albany Express,-84.200745,31.513493,5736 Newton Rd,,Albany,GA,31701,7459,DOUGHERTY
CVS Pharmacy 4569,-84.223083,31.609947,609 N Westover Blvd,,Albany,GA,31707,2188,DOUGHERTY
Nouria 610 South Slappey Boulevard 31,-84.175682,31.568447,610 S Slappey Blvd,,Albany,GA,31701,2612,DOUGHERTY
Flash Foods LLC 274204,-84.116051,31.528809,624 Holly Dr,,Albany,GA,31705,4315,DOUGHERTY
Qwe Investment 2317 Llc,-84.140099,31.566603,700 Radium Springs Rd,,Albany,GA,31705,3608,DOUGHERTY
Slappey Food Mart,-84.176369,31.5627,7135 S Slappey Blvd,,Albany,GA,31701,,DOUGHERTY
Albany MCLB Commissary 501,-84.051369,31.547506,7501 Woodson Lane,Bldg 3600,Albany,GA,31704,,DOUGHERTY
Needs,-84.167923,31.568138,801 W Gordon Ave,,Albany,GA,31701,3006,DOUGHERTY
360 Farms 002,-84.167885,31.574043,801 W Highland Ave,,Albany,GA,31701,2763,DOUGHERTY
Quickshop,-84.155617,31.588409,814 N Jefferson St,,Albany,GA,31701,2363,DOUGHERTY
Ethma Farm,-84.010902,31.521942,818 Morgan Ct,,Albany,GA,31705,6424,DOUGHERTY
H & K Food Mart,-84.224007,31.548424,900 S Westover Blvd,Ste D,Albany,GA,31721,6016,DOUGHERTY
COUNTY LINE GROCERY,-83.996208,31.554455,4405 Acree Ave,,Sylvester,GA,31791,7812,DOUGHERTY
DollarTree 6832,-84.641167,33.797527,10161 Veterans Memorial Hwy SW,,Austell,GA,30168,4702,DOUGLAS
QUICK-SERVE,-84.620155,33.800632,131 Maxham Rd,,Austell,GA,30168,5510,DOUGLAS
Maxham Bp,-84.620567,33.802013,141 Maxham Rd,,Austell,GA,30168,5510,DOUGLAS
Super Mi Pueblo Inc.,-84.620224,33.794949,411 Maxham Rd,Ste 600,Austell,GA,30168,2900,DOUGLAS
SGC Gas Mart LLC,-84.580795,33.752857,860 Six Flags Rd,,Austell,GA,30168,7859,DOUGLAS
PUBLIX 1139,-84.714676,33.688885,4300 CHAPEL HILL RD,,DOUGLASVILLE,GA,30135,,DOUGLAS
LA MONTANA SUPERMARKET 2,-84.725098,33.751228,5823 FAIRBURN RD,,DOUGLASVILLE,GA,30134,,DOUGLAS
Flowers Bakery Outlet 157,-84.727722,33.761719,5906 Highway 78,,DOUGLASVILLE,GA,30134,,DOUGLAS
Jolly Wally,-84.702469,33.782059,11451 Veterans Memorial Hwy,,Douglasville,GA,30134,4379,DOUGLAS
Foodmart,-84.73867,33.755501,11517 Veterans Memorial Hwy,,Douglasville,GA,30134,4391,DOUGLAS
Eko Plus African Market Llc,-84.72554,33.761963,11951 Veterans Memorial Hwy,,Douglasville,GA,30134,4575,DOUGLAS
Texaco Gas Station,-84.726189,33.761806,11983 Veterans Memorial Hwy,,Douglasville,GA,30134,4575,DOUGLAS
Ps Food Mart Inc,-84.741997,33.753605,12241 Veterans Memorial Hwy,,Douglasville,GA,30134,2003,DOUGLAS
B M Food Mart n/a,-84.738396,33.7556,12831 Veterans Memorial Hwy,,Douglasville,GA,30134,1635,DOUGLAS
R & R Superette,-84.738396,33.7556,13001 Veterans Memorial Hwy,,Douglasville,GA,30134,1639,DOUGLAS
INGLES MARKETS 414,-84.82103,33.82275,1817 Dallas Nebo Rd,,Douglasville,GA,30134,4865,DOUGLAS
QUIKTRIP 808,-84.710396,33.750305,2042 Fairburn Rd,,Douglasville,GA,30135,1036,DOUGLAS
Sunrise Caribbean Fish Meat And Grocery Store,-84.706955,33.750088,2078 Fairburn Rd,,Douglasville,GA,30135,1071,DOUGLAS
Family Dollar 12663,-84.701439,33.747219,2111 Fairburn Rd,,Douglasville,GA,30135,1037,DOUGLAS
INGLES MARKETS 432,-84.696663,33.745193,2175 Fairburn Rd,,Douglasville,GA,30135,1056,DOUGLAS
DOLLAR GENERAL 3399,-84.69828,33.748341,2190 Midway Rd,,Douglasville,GA,30135,1055,DOUGLAS
RELIANCE FUEL,-84.694595,33.745571,2195 Fairburn Rd,,Douglasville,GA,30135,1056,DOUGLAS
Park Place Grocery,-84.694046,33.746319,2198 Fairburn Rd,,Douglasville,GA,30135,1156,DOUGLAS
Texaco Food Mart,-84.676964,33.740417,2400 Fairburn Rd,,Douglasville,GA,30135,1439,DOUGLAS
Walgreens 10854,-84.670227,33.732841,2701 Fairburn Rd,,Douglasville,GA,30135,2941,DOUGLAS
RaceTrac 2454,-84.668915,33.732452,2703 Fairburn Rd,,Douglasville,GA,30135,2941,DOUGLAS
Fairburn Food Store,-84.667152,33.730354,2741 Fairburn Rd,,Douglasville,GA,30135,2941,DOUGLAS
Douglasville Food Mart NO,-84.667358,33.73151,2750 Fairburn Rd,,Douglasville,GA,30135,2942,DOUGLAS
QUIKTRIP 758,-84.737099,33.729492,2786 Chapel Hill Rd,,Douglasville,GA,30135,1704,DOUGLAS
DollarTree 1388,-84.734436,33.726089,2840 Chapel Hill Rd,,Douglasville,GA,30135,1766,DOUGLAS
Target Store 1172,-84.736259,33.7267,2950 Chapel Hill Rd,,Douglasville,GA,30135,1708,DOUGLAS
ALDI 76011,-84.733406,33.724319,2990 Chapel Hill Rd,,Douglasville,GA,30135,1764,DOUGLAS
Misha Food Inc,-84.776573,33.721573,3112 Bright Star Rd,,Douglasville,GA,30135,2204,DOUGLAS
KROGER 366,-84.766136,33.719269,3251 Highway 5,,Douglasville,GA,30135,2305,DOUGLAS
PUBLIX 485,-84.765854,33.714558,3316 Highway 5,,Douglasville,GA,30135,2308,DOUGLAS
Shell Food Mart,-84.771408,33.705807,3638 Highway 5,,Douglasville,GA,30135,2364,DOUGLAS
CVS Pharmacy 5444,-84.775368,33.705303,3674 Highway 5,,Douglasville,GA,30135,2364,DOUGLAS
Walgreens 17194,-84.776268,33.706303,3687 Highway 5,,Douglasville,GA,30135,2385,DOUGLAS
DOLLAR GENERAL 19460,-84.696861,33.659534,3690 Highway 166,,Douglasville,GA,30135,5114,DOUGLAS
Food Depot 40,-84.777817,33.705704,3696 Highway 5,,Douglasville,GA,30135,,DOUGLAS
Stop N Shop,-84.77121,33.703693,3757 Kings Hwy,,Douglasville,GA,30135,3378,DOUGLAS
KROGER 485,-84.715981,33.699291,3875 Chapel Hill Rd,# 486,Douglasville,GA,30135,7287,DOUGLAS
Fast N Friendly,-84.789299,33.698147,3981 Highway 5,,Douglasville,GA,30135,3313,DOUGLAS
Dollar General 16103,-84.701378,33.780102,3990 Riley Rd,,Douglasville,GA,30134,4333,DOUGLAS
Dollar General 24266,-84.715347,33.695568,4050 Chapel Hill Rd,,Douglasville,GA,30135,2758,DOUGLAS
Dollar General 11325,-84.699593,33.693058,4061 Anneewakee Rd,,Douglasville,GA,30135,4307,DOUGLAS
Family Dollar 7132,-84.819611,33.814297,4336 Ridge Rd,Ste 101,Douglasville,GA,30134,5043,DOUGLAS
Thornton Food Mart,-84.716095,33.766922,4401 Bankhead Hwy,,Douglasville,GA,30134,2002,DOUGLAS
KOUNTRY KORNER,-84.804405,33.679657,4634 Highway 5,,Douglasville,GA,30135,4534,DOUGLAS
Mobil One Stop Grocery,-84.715538,33.678493,4652 Chapel Hill Rd,,Douglasville,GA,30135,4906,DOUGLAS
KROGER 616,-84.811211,33.818096,4815 Ridge Rd,,Douglasville,GA,30134,6142,DOUGLAS
DOLLAR GENERAL 9332,-84.804504,33.673363,4870 Highway 5,,Douglasville,GA,30135,4536,DOUGLAS
Bill Arp Marathon,-84.805527,33.672085,4917 Highway 5,,Douglasville,GA,30135,4537,DOUGLAS
Chevron Food Mart,-84.805023,33.66872,5040 Highway 5,,Douglasville,GA,30135,5320,DOUGLAS
Country Store,-84.7481,33.708363,5259 Stewart Mill Rd,,Douglasville,GA,30135,2540,DOUGLAS
Shell Food Mart N/A,-84.71933,33.750889,5652 Fairburn Rd,,Douglasville,GA,30134,2560,DOUGLAS
Racetrac 619,-84.72094,33.751137,5669 Fairburn Rd,,Douglasville,GA,30134,2561,DOUGLAS
Circle K Store 1882,-84.763184,33.703613,5785 Stewart Mill Rd,,Douglasville,GA,30135,3435,DOUGLAS
QuikTrip 1723,-84.72538,33.751549,5861 Fairburn Rd,,Douglasville,GA,30134,2302,DOUGLAS
Walgreens 10246,-84.7257,33.750546,5864 Fairburn Rd,,Douglasville,GA,30134,2301,DOUGLAS
CVS PHARMACY 154,-84.729889,33.751804,6031 Fairburn Rd,,Douglasville,GA,30134,2307,DOUGLAS
Fairburn Food Mart,-84.730629,33.75111,6036 Fairburn Rd,,Douglasville,GA,30134,2308,DOUGLAS
Dollar General 9040,-84.772087,33.704281,6040 Central Church Rd,,Douglasville,GA,30135,,DOUGLAS
La Capital Supermarket,-84.731499,33.751156,6079 Fairburn Rd,,Douglasville,GA,30134,2371,DOUGLAS
Seafood Pot #2,-84.731857,33.751114,6095 Fairburn Rd,,Douglasville,GA,30134,2371,DOUGLAS
Family Dollar 350,-84.732193,33.751057,6113 Fairburn Rd,,Douglasville,GA,30134,2371,DOUGLAS
DollarTree 7953,-84.732384,33.751049,6117 Fairburn Rd,,Douglasville,GA,30134,2371,DOUGLAS
DOLLAR GENERAL 8138,-84.732559,33.758671,6134 E Broad St,,Douglasville,GA,30134,2370,DOUGLAS
Dollar General 15244,-84.781441,33.759445,6307 Cedar Mountain Rd,,Douglasville,GA,30134,3504,DOUGLAS
Food Depot 52,-84.75602,33.799587,6525 Hiram Douglasville Hwy,,Douglasville,GA,30134,,DOUGLAS
Church St Farmers Market,-84.753082,33.748051,6840 Church St,,Douglasville,GA,30134,1788,DOUGLAS
Caribbean Market,-84.756699,33.725719,6920 Douglas Blvd,Ste C,Douglasville,GA,30135,7175,DOUGLAS
Sam's Club 8211,-84.757576,33.73037,6995 Concourse Pkwy,,Douglasville,GA,30134,4551,DOUGLAS
Walmart S/C 1488,-84.756363,33.73254,7001 Concourse Pkwy,,Douglasville,GA,30134,4549,DOUGLAS
DollarTree 269,-84.75885,33.733097,7003 Concourse Pkwy,Ste Q,Douglasville,GA,30134,4553,DOUGLAS
Better Options Farm,-84.829559,33.61047,7163 Capps Ferry Rd,,Douglasville,GA,30135,6315,DOUGLAS
Dallas Hwy Texaco,-84.747894,33.770721,7620 Dallas Hwy,,Douglasville,GA,30134,3741,DOUGLAS
Corn Crib Store,-84.831024,33.748383,7826 Village Entrance Rd,,Douglasville,GA,30134,3303,DOUGLAS
DOLLAR GENERAL 13653,-84.850273,33.618797,8427 Highway 166,,Douglasville,GA,30135,6221,DOUGLAS
KROGER 391,-84.732323,33.749146,8501 Hospital Dr,,Douglasville,GA,30134,2414,DOUGLAS
QuikTrip 1709,-84.762672,33.729977,9293 Highway 5,GA,Douglasville,GA,30134,1544,DOUGLAS
Race Trac 417,-84.762085,33.729927,9294 Highway 5,,Douglasville,GA,30134,1518,DOUGLAS
Dollar General 23715,-84.762695,33.725456,9465 Highway 5,,Douglasville,GA,30135,1509,DOUGLAS
Fresh Food Mart,-84.664124,33.793316,10685 Veterans Memorial Hwy,,Lithia Springs,GA,30122,2062,DOUGLAS
Lithia Food Mart,-84.671547,33.793083,10801 Veterans Memorial Hwy,,Lithia Springs,GA,30122,1400,DOUGLAS
La Tiendita Supermarket,-84.677338,33.793777,10932 Veterans Memorial Hwy,,Lithia Springs,GA,30122,1434,DOUGLAS
Carniceria La Mexicana Lithia Springs Inc,-84.659607,33.794518,10967 Veterans Memorial Hwy,,Lithia Springs,GA,30122,1419,DOUGLAS
Murphy USA 7548,-84.60392,33.7742,1098 Thornton Rd,,Lithia Springs,GA,30122,2615,DOUGLAS
Walmart Supercenter 3205,-84.602997,33.772594,1100 Thornton Rd,,Lithia Springs,GA,30122,2616,DOUGLAS
Pak-Shell,-84.68438,33.793068,11070 Veterans Memorial Hwy,,Lithia Springs,GA,30122,1438,DOUGLAS
RaceTrac 688,-84.60247,33.771118,1211 Thornton Rd,,Lithia Springs,GA,30122,3226,DOUGLAS
Petes Convenience Store,-84.653702,33.754669,1870 Lee Rd,,Lithia Springs,GA,30122,3059,DOUGLAS
Skyview Foodmart,-84.633072,33.783493,2626 Skyview Dr,Ste C,Lithia Springs,GA,30122,3942,DOUGLAS
PUBLIX 0730,-84.667305,33.734421,2675 Lee Rd,,Lithia Springs,GA,30122,3356,DOUGLAS
Family Dollar 8652,-84.667496,33.733219,2682 Lee Rd,,Lithia Springs,GA,30122,3351,DOUGLAS
Kirat Inc,-84.668991,33.733532,2805 Lee Rd,,Lithia Springs,GA,30122,3368,DOUGLAS
Family Dollar 3408,-84.664215,33.793228,3750 Veterans Memorial Hwy,,Lithia Springs,GA,30122,1800,DOUGLAS
Manis Mart,-84.679008,33.778198,4275 Riley Rd,,Lithia Springs,GA,30122,2032,DOUGLAS
WALGREENS 7337,-84.623024,33.789371,590 Thornton Rd,,Lithia Springs,GA,30122,1574,DOUGLAS
QUIKTRIP 720,-84.622078,33.78875,611 Thornton Rd,,Lithia Springs,GA,30122,1519,DOUGLAS
KROGER 376,-84.620392,33.788345,630 Thornton Rd,,Lithia Springs,GA,30122,1518,DOUGLAS
Race Trac 636,-84.617973,33.787651,656 Thornton Rd,,Lithia Springs,GA,30122,1518,DOUGLAS
DOLLAR GENERAL 13728,-84.660271,33.792904,6660 S Sweetwater Rd,,Lithia Springs,GA,30122,2860,DOUGLAS
M&s Wholesale And Retail African Int Grocery,-84.656151,33.785469,6965 S Sweetwater Rd,,Lithia Springs,GA,30122,2409,DOUGLAS
Blue Sky Business Inc,-84.655609,33.78548,6990 S Sweetwater Rd,,Lithia Springs,GA,30122,2422,DOUGLAS
Jp Lee Road 233,-84.653,33.771343,7512 Lee Rd,,Lithia Springs,GA,30122,2849,DOUGLAS
Valero Food Mart,-84.608849,33.78241,802 Thornton Rd,,Lithia Springs,GA,30122,4442,DOUGLAS
DollarTree 10243,-84.605957,33.780281,900 Thornton Rd,Ste E,Lithia Springs,GA,30122,2641,DOUGLAS
Circle M Food Shop 47,-84.60733,33.779736,983 Thornton Rd,,Lithia Springs,GA,30122,2634,DOUGLAS
Chevron Food Mart,-84.901955,33.722191,701 Edge Rd,,Villa Rica,GA,30180,2812,DOUGLAS
Family Dollar 12190,-84.895714,33.73217,9591 Conners Rd,,Villa Rica,GA,30180,3251,DOUGLAS
9600 Quickmart,-84.898911,33.732311,9600 Conners Rd,,Villa Rica,GA,30180,2908,DOUGLAS
Dollar General 22602,-84.821213,33.728409,13780 Veterans Memorial Hwy,,Winston,GA,30187,1691,DOUGLAS
Chevron Food Mart,-84.805382,33.729809,2791 S Baggett Rd,,Winston,GA,30187,1426,DOUGLAS
Winston Market,-84.826447,33.727348,2900 Mann Road,LOT 1,Winston,GA,30187,,DOUGLAS
Shell Foodmart,-84.834976,33.716011,3300 Post Rd,,Winston,GA,30187,1004,DOUGLAS
Pop's Corner,-84.860512,33.624317,8726 Highway 166,,Winston,GA,30187,1214,DOUGLAS
SHELL FOOD MART,-84.735451,33.725132,2959 chapel hill road,,douglasville,GA,30135,,DOUGLAS
Jerrys Market,-84.723419,31.431038,17017 S Highland Ave,,Arlington,GA,39813,2427,EARLY
Dollar General 11968,-84.723473,31.433014,17139 S Highland Ave,,Arlington,GA,39813,2430,EARLY
Brickyard Market 358,-84.935707,31.379732,113 N Main St,,Blakely,GA,39823,2304,EARLY
DollarTree 8447,-84.949539,31.371849,11510 Columbia St,,Blakely,GA,39823,2788,EARLY
CVS Pharmacy 5618,-84.947296,31.374434,11685 Columbia St,,Blakely,GA,39823,2573,EARLY
Family Dollar 2680,-84.938118,31.375347,12246 Columbia St,,Blakely,GA,39823,2559,EARLY
Food Lion 2805,-84.93821,31.37534,12246 Columbia St,,Blakely,GA,39823,,EARLY
Magnolia Food Mart,-84.925919,31.377581,13040 Magnolia St,,Blakely,GA,39823,2322,EARLY
Krishna Food Mart,-84.934097,31.365458,1518 S Main St,,Blakely,GA,39823,3909,EARLY
Quick Buys 104,-84.933907,31.365929,18173 E South Blvd,,Blakely,GA,39823,3922,EARLY
Downtown Blakely Farmers Market,-84.933922,31.376665,2286 S Main St,,Blakely,GA,39823,2206,EARLY
Riverside Travel Center,-85.096733,31.280121,3946 Lower River Rd,Ste A,Blakely,GA,39823,8154,EARLY
DOLLAR GENERAL 706,-84.936752,31.374264,577 S Church St,,Blakely,GA,39823,2922,EARLY
Dollar General 30565,-84.933441,31.389326,750 N Main St,,Blakely,GA,39823,2023,EARLY
Dollar General 20714,-84.720024,31.29911,1348 Sammons St,,Damascus,GA,39841,4512,EARLY
DOLLAR GENERAL 19505,-84.996376,31.090595,1197 JQ Harvey Rd,,Jakin,GA,39861,5743,EARLY
Us Food Mart,-85.035088,31.114052,1798 US Highway 84,,Jakin,GA,39861,4710,EARLY
JM Mini Mart,-83.028389,30.703495,104 GA Highway 94 W,,Statenville,GA,31648,2023,ECHOLS
Dollar General 17360,-83.026581,30.703424,148 Hwy 94 E,,Statenville,GA,31648,,ECHOLS
Rudra BP,-81.385956,32.168278,1398 Old River Rd,,Bloomingdale,GA,31302,4006,EFFINGHAM
Parker's 108,-81.389877,32.139435,1493 Old River Rd,,Bloomingdale,GA,31302,4022,EFFINGHAM
Parker's 97,-81.34201,32.148441,2887 US Highway 80,,Bloomingdale,GA,31302,4503,EFFINGHAM
1780 Country Store,-81.341682,32.147205,2991 US Highway 80,,Bloomingdale,GA,31302,4525,EFFINGHAM
Chevron,-81.337677,32.145771,3049 US Highway 80,,Bloomingdale,GA,31302,4526,EFFINGHAM
Parkers 42,-81.337692,32.145226,3050 US Highway 80,,Bloomingdale,GA,31302,4542,EFFINGHAM
Dollar General 21352,-81.268829,32.485004,5800 Highway 119 N,,Clyo,GA,31303,3266,EFFINGHAM
Gurudev Datta Inc N/A,-81.26886,32.485237,5820 Highway 119 N,,Clyo,GA,31303,3266,EFFINGHAM
One Stop,-81.270233,32.524765,7174 Highway 119 N,,Clyo,GA,31303,3027,EFFINGHAM
Dollar General 10479,-81.388969,32.171001,1200 US Highway 80,,Eden,GA,31307,,EFFINGHAM
Mahant 7 Inc,-81.400909,32.185234,550 E US Hwy 80,,Eden,GA,31307,,EFFINGHAM
Parkers 30,-81.392654,32.33036,100 Central Blvd,,Guyton,GA,31312,4892,EFFINGHAM
Ken's IGA 4,-81.393333,32.331352,101 W Central Blvd,,Guyton,GA,31312,4375,EFFINGHAM
Dollar General 22263,-81.390656,32.285667,130 Midland Rd,,Guyton,GA,31312,6684,EFFINGHAM
DOLLAR GENERAL 4371,-81.384628,32.333225,2 Hidden Creek Dr,,Guyton,GA,31312,4545,EFFINGHAM
Dollar General 12439,-81.257584,32.196159,3727 Noel C Conway Rd,,Guyton,GA,31312,,EFFINGHAM
DOLLAR GENERAL 17747,-81.368912,32.219273,4365 US Highway 17,,Guyton,GA,31312,,EFFINGHAM
Parker's 92,-81.452072,32.430782,4440 Highway 17 N,,Guyton,GA,31312,3125,EFFINGHAM
CVS PHARMACY 7758,-81.228989,32.276592,410 S COLUMBIA AVE,,RINCON,GA,31326,,EFFINGHAM
Walmart 1011,-81.225845,32.27457,434 S COLUMBIA AVE,,RINCON,GA,31326,,EFFINGHAM
Prapti Fuel Stop Inc,-81.234581,32.291176,101 S Columbia Ave,,Rincon,GA,31326,9354,EFFINGHAM
Murphy Express 8792,-81.225388,32.272339,102 Lisa St,,Rincon,GA,31326,9671,EFFINGHAM
Parker's 98,-81.234795,32.290424,107 N Columbia Ave,,Rincon,GA,31326,6812,EFFINGHAM
DOLLAR GENERAL 3929,-81.233711,32.289146,114 S Columbia Ave,,Rincon,GA,31326,9353,EFFINGHAM
Ebenezer Chevron,-81.257408,32.336311,115 Ebenezer Rd,,Rincon,GA,31326,3412,EFFINGHAM
Dollar General Store 17546,-81.197083,32.301449,1345 Fort Howard Rd,,Rincon,GA,31326,4515,EFFINGHAM
Love's Travel Stop 819,-81.257744,32.335522,2600 Highway 21 S,,Rincon,GA,31326,3302,EFFINGHAM
76 Rincon,-81.233536,32.283123,295 S Columbia Ave,,Rincon,GA,31326,9027,EFFINGHAM
Parker's 102,-81.188538,32.271416,2991 Old Augusta Road S,,Rincon,GA,31326,,EFFINGHAM
Gate Service Station 225,-81.230621,32.278366,390 S Columbia Ave,,Rincon,GA,31326,9051,EFFINGHAM
Walgreens 10799,-81.230743,32.278309,409 S Columbia Ave,,Rincon,GA,31326,9080,EFFINGHAM
DollarTree 3910,-81.228989,32.276592,410 S Columbia Ave,Ste F,Rincon,GA,31326,9411,EFFINGHAM
Kroger 625,-81.228195,32.274075,461 S Columbia Ave,,Rincon,GA,31326,9080,EFFINGHAM
Blue Jay Food Mart,-81.265808,32.278717,500 Blue Jay Rd,,Rincon,GA,31326,3805,EFFINGHAM
Dollar General 22294,-81.220085,32.254925,5487 McCall Rd,,Rincon,GA,31326,3922,EFFINGHAM
Marathon Food,-81.218269,32.256775,5916 Highway 21 S,,Rincon,GA,31326,5505,EFFINGHAM
Parker's 40,-81.212837,32.252502,6159 GA Highway 21 S,,Rincon,GA,31326,5508,EFFINGHAM
Nouria 6188 Highway 21 South 854,-81.213326,32.250366,6188 Highway 21 S,,Rincon,GA,31326,5507,EFFINGHAM
Rincon Country Store,-81.21965,32.287766,700 Fort Howard Rd,,Rincon,GA,31326,6006,EFFINGHAM
Dollar General 31453,-81.322495,32.378624,1198 Georgia Highway 21 N,,Springfield,GA,31329,3933,EFFINGHAM
Nouria 1283 Highway 21 South 855,-81.295799,32.351406,1283 Highway 21 S,,Springfield,GA,31329,5217,EFFINGHAM
DOLLAR GENERAL 4374,-81.294052,32.35125,1375 GA Highway 21 S,,Springfield,GA,31329,5216,EFFINGHAM
Parkers 34,-81.29258,32.351521,1435 GA Highway 21 S,,Springfield,GA,31329,5215,EFFINGHAM
Food Lion 2826,-81.291122,32.351295,1451 GA Highway 21 S,,Springfield,GA,31329,5243,EFFINGHAM
Woods Seafood on Laurel LLC,-81.308685,32.366268,309 S Laurel St,,Springfield,GA,31329,9259,EFFINGHAM
SHYMAGI,-81.308548,32.365868,407 S Laurel St,,Springfield,GA,31329,9261,EFFINGHAM
Dollar General 25069,-81.411362,32.475208,5684 Highway 21 N,,Springfield,GA,31329,3103,EFFINGHAM
Reyansh Management #2,-81.315224,32.372288,702 N Laurel St,,Springfield,GA,31329,6830,EFFINGHAM
Springfield Bp,-81.308258,32.351635,725 McCall Rd,,Springfield,GA,31329,4906,EFFINGHAM
Family Dollar 3064,-81.305206,32.361359,809 S Laurel St,,Springfield,GA,31329,,EFFINGHAM
Bowman Food Mart,-83.030876,34.2047,14 S Broad St,,Bowman,GA,30624,1900,ELBERT
Bowman Mini Mart,-83.039909,34.192627,2449 Highway 172 W,,Bowman,GA,30624,2517,ELBERT
Dollar General 8748,-83.039253,34.217251,3000 Five Forks Rd,,Bowman,GA,30624,1400,ELBERT
Dollar General 25402,-82.948921,34.164963,1764 Dewy Rose Rd NW,,Dewy Rose,GA,30634,3045,ELBERT
Elberton Shell Hop In,-82.867126,34.111595,118 N Oliver St,Ste A,Elberton,GA,30635,1483,ELBERT
Prabhjot INC,-82.921822,34.095226,1650 Athens Hwy,,Elberton,GA,30635,4419,ELBERT
Quick Mart & Cafe,-82.88549,34.179657,1910 Hartwell Hwy,,Elberton,GA,30635,8406,ELBERT
La Azteca Mexican Grocery,-82.863396,34.109333,210 Elbert St,,Elberton,GA,30635,2102,ELBERT
Texaco Food Mart,-82.866562,34.113476,211 N Oliver St,,Elberton,GA,30635,1418,ELBERT
CVS Pharmacy 3776,-82.862038,34.109222,232 Elbert St,,Elberton,GA,30635,2102,ELBERT
DOLLAR GENERAL 14629,-82.874809,34.118168,250 College Ave,,Elberton,GA,30635,1708,ELBERT
One Stop,-82.871498,34.103607,3 Adams St,,Elberton,GA,30635,2501,ELBERT
Food Mart,-82.864052,34.118114,351 N Oliver St,,Elberton,GA,30635,1215,ELBERT
JP Elberton 236,-82.85305,34.104347,604 Elbert St,,Elberton,GA,30635,2350,ELBERT
Super Gas,-82.851227,34.103172,625 Elbert St,,Elberton,GA,30635,2351,ELBERT
Dollar General 2085,-82.850769,34.102158,700 Elbert St,,Elberton,GA,30635,2336,ELBERT
Dollar General 31087,-82.862541,34.123726,810 Ridgeway Road,,Elberton,GA,30635,,ELBERT
DollarTree 5640,-82.848534,34.099995,851 Elbert St,,Elberton,GA,30635,2627,ELBERT
HOUCHENS SAVE-A-LOT 511,-82.849564,34.09869,890 Elbert St,,Elberton,GA,30635,2628,ELBERT
INGLES MARKETS 65,-82.847595,34.097469,901 Lower Heard St,,Elberton,GA,30635,2633,ELBERT
Walmart STORE 1701,-82.845245,34.091957,955 Elbert St,,Elberton,GA,30635,2641,ELBERT
Kenny's Korner,-82.84742,34.090134,971 Elbert St,,Elberton,GA,30635,2642,ELBERT
Jet Food Store 89,-82.589226,32.531101,102 Poplar St.,,Adrian,GA,31002,,EMANUEL
Dollar General 20296,-82.098549,32.648689,104 Hall St,,Garfield,GA,30425,,EMANUEL
DOLLAR GENERAL 19446,-82.322235,32.36113,37 Pendleton Springs Rd,,Lyons,GA,30436,3474,EMANUEL
Walmart STORE 1024,-82.327164,32.589043,414 S MAIN ST,,SWAINSBORO,GA,30401,,EMANUEL
Swainsboro Emanuel Farmers Market,-82.335037,32.596771,1 Green Street,,Swainsboro,GA,30401,,EMANUEL
Family Dollar 183,-82.333199,32.595608,101 W Moring St,,Swainsboro,GA,30401,3128,EMANUEL
Emanuel Discount,-82.335938,32.595512,119 S Central St,,Swainsboro,GA,30401,3101,EMANUEL
Piggly Wiggly Swainsboro,-82.333023,32.59473,202 S Main St,,Swainsboro,GA,30401,3648,EMANUEL
DOLLAR GENERAL 1841,-82.336182,32.596195,221 W Main St,,Swainsboro,GA,30401,3102,EMANUEL
Pinetucky Country Meats,-82.336174,32.59626,224 W Main St,,Swainsboro,GA,30401,3150,EMANUEL
D&I Food Mart,-82.33667,32.600586,334 N Main St,,Swainsboro,GA,30401,3535,EMANUEL
Walgreens 11708,-82.329147,32.590534,390 S Main St,,Swainsboro,GA,30401,3666,EMANUEL
Murphy USA 7205,-82.327232,32.589191,414 S Main St,Ste 1,Swainsboro,GA,30401,,EMANUEL
Easy Stop,-82.324516,32.586781,437 S Main St,,Swainsboro,GA,30401,3667,EMANUEL
DollarTree 3445,-82.322716,32.585293,501 S Main St,Ste 3,Swainsboro,GA,30401,6133,EMANUEL
Mikes Food Mart,-82.340797,32.605648,505 N Main St,,Swainsboro,GA,30401,3713,EMANUEL
Nouria 609 South Main Street 530,-82.316986,32.579994,609 S Main St,,Swainsboro,GA,30401,4818,EMANUEL
KT'S PLACE,-82.342682,32.610153,636 N Main St,,Swainsboro,GA,30401,3715,EMANUEL
Piggly Wiggly,-82.158669,32.584919,2745 Hwy 80 E,,Twin City,GA,30471,,EMANUEL
Dollar General 10193,-82.158165,32.58419,2758 US Highway 80 E,,Twin City,GA,30471,5142,EMANUEL
Hall's Minit Mart,-82.156532,32.583603,2778 US Highway 80 E,,Twin City,GA,30471,5142,EMANUEL
Red Roof Express,-82.307983,32.399708,3129 US Highway 1 S,,Twin City,GA,30471,4657,EMANUEL
On The Go,-82.215591,32.442364,411 N 2nd St,,Twin City,GA,30471,4483,EMANUEL
MILL POND TRADING POST,-82.152588,32.538174,8 George L Smith State Park Rd,,Twin City,GA,30471,3800,EMANUEL
Bernie's,-81.974525,32.152691,1355 John B Gordon St,Ste A,Bellville,GA,30414,9998,EVANS
The Bazaar At Claxton,-81.904579,32.158939,101B S Duval St,,Claxton,GA,30417,2029,EVANS
DOLLAR GENERAL 2827,-81.903976,32.165165,114 N Duval St,,Claxton,GA,30417,1618,EVANS
Dollar General 20346,-81.836716,32.152206,15462 B E Smith Rd,,Claxton,GA,30423,,EVANS
Mikes Country Store,-81.960564,32.196793,17288 Ga Highway 129 N,,Claxton,GA,30417,5210,EVANS
Walgreens 17046,-81.904572,32.161652,2 W Main St,,Claxton,GA,30417,1752,EVANS
Nouria 201 North Duval Street 765,-81.90345,32.165562,201 N Duval St,,Claxton,GA,30417,1401,EVANS
X-press Food Mart Of Claxton no,-81.90361,32.157661,202 S Duval St,,Claxton,GA,30417,2032,EVANS
Mike's Meats,-81.903343,32.166111,207 N Duval St,,Claxton,GA,30417,1401,EVANS
Dollar General 17550,-81.932602,32.162868,263 Cemetery Rd,,Claxton,GA,30417,,EVANS
Parker's 52,-81.903992,32.161739,3 N Duval St,,Claxton,GA,30417,1735,EVANS
Panda Supermarket,-81.901962,32.168537,327 N Duval St,,Claxton,GA,30417,1445,EVANS
Food Fresh,-81.9021,32.168877,403 N Duval St,,Claxton,GA,30417,5939,EVANS
DollarTree 9167,-81.9021,32.168858,409 N Duval St,,Claxton,GA,30417,5939,EVANS
Odl Shop.,-81.9049,32.159176,5 E Liberty St,,Claxton,GA,30417,2035,EVANS
Jet Foods 78,-81.903717,32.1623,5 N Duval St,,Claxton,GA,30417,1735,EVANS
Hagan Market,-81.935997,32.157867,5732 US Highway 280,Ste A,Claxton,GA,30417,6188,EVANS
Family Dollar 385,-81.90052,32.1717,7967 US Highway 301,,Claxton,GA,30417,,EVANS
Food Mart,-81.89682,32.175022,8156 US Highway 301,,Claxton,GA,30417,5906,EVANS
El Cheapo Claxton,-81.922379,32.161091,821 W Main St,,Claxton,GA,30417,1875,EVANS
ZIP-N-FOOD 15,-81.819649,32.152424,17118 U S Hwy 280,,Disy,GA,30423,,EVANS
FOOD LION 1437,-84.308105,34.873615,4295 OLD HWY 76,,BLUE RIDGE,GA,30513,,FANNIN
Citgo Food Mart VALERO,-84.322487,34.874294,10124 Blue Ridge Dr,,Blue Ridge,GA,30513,4111,FANNIN
Dollar General 12335,-84.379135,34.921188,1334 Damascus Cir,,Blue Ridge,GA,30513,6125,FANNIN
Flowers Bakery Outlet 146,-84.33577,34.843376,1750 Appalachian Hwy,,Blue Ridge,GA,30513,7622,FANNIN
Blueridge BP,-84.323547,34.870129,181 W First St,,Blue Ridge,GA,30513,4593,FANNIN
Carlisle's Meat Market,-84.328186,34.858189,2680 E First St,,Blue Ridge,GA,30513,4509,FANNIN
DOLLAR GENERAL 0322,-84.329071,34.858402,2686 E First St,,Blue Ridge,GA,30513,4509,FANNIN
DOLLAR GENERAL 5850,-84.303589,34.879913,3 Lance St,,Blue Ridge,GA,30513,8019,FANNIN
CVS PHARMACY 7701,-84.299423,34.875591,30 Orvin Lance Connector,,Blue Ridge,GA,30513,4238,FANNIN
DollarTree 6568,-84.313148,34.872883,4157 E First St,,Blue Ridge,GA,30513,4527,FANNIN
Murphy USA 7524,-84.32296,34.876755,445 Progress Cir,,Blue Ridge,GA,30513,5147,FANNIN
Rebels Pantry,-84.316879,34.873859,4500 Appalachian Hwy,,Blue Ridge,GA,30513,4235,FANNIN
Windy Ridge Conoco,-84.308594,34.87516,4900 Appalachian Hwy,,Blue Ridge,GA,30513,5039,FANNIN
INGLES MARKETS 36,-84.297394,34.878563,5679 Appalachian Hwy,,Blue Ridge,GA,30513,4202,FANNIN
Valero Food Mart,-84.361214,34.896507,7320 Blue Ridge Dr,,Blue Ridge,GA,30513,3640,FANNIN
Walmart Supercenter 5812,-84.325333,34.877132,97 Commerce Dr,,Blue Ridge,GA,30513,,FANNIN
Hometown Foods IGA,-84.369331,34.988003,23 Toccoa Ave,,MC Caysville,GA,30555,,FANNIN
Cooper Pantry,-84.370186,34.987503,33 Blue Ridge Dr,,McCaysville,GA,30555,2738,FANNIN
Dollar General 31653,-84.24527,34.943562,2759 Murphy Hwy,,Mineral Bluff,GA,30559,,FANNIN
Exxon 1,-84.260208,34.89257,8200 Appalachian Hwy,App 8200,Mineral Bluff,GA,30559,3472,FANNIN
Dollar General 11371,-84.27742,34.914612,8532 Lakewood Hwy,,Mineral Bluff,GA,30559,3354,FANNIN
Dollar General 14827,-84.246414,34.879128,11946 Morganton Hwy,,Morganton,GA,30560,,FANNIN
Neighbors Market,-84.243774,34.875412,12305 Morganton Hwy,,Morganton,GA,30560,3318,FANNIN
Walmart 594,-84.442764,33.481438,125 PAVILION PKWY,,FAYETTEVILLE,GA,30214,,FAYETTE
Mama Put African Grocery Store,-84.431236,33.512299,101 Kenwood Rd,Ste 26,Fayetteville,GA,30214,3418,FAYETTE
ALDI 76052,-84.444023,33.472221,1060 Highway 85 N,,Fayetteville,GA,30214,1306,FAYETTE
Target Store T-778,-84.438904,33.48045,107 Pavilion Pkwy,,Fayetteville,GA,30214,4098,FAYETTE
Racetrac 2575 2575,-84.445839,33.469475,1075 Highway 85 N,GA,Fayetteville,GA,30214,1308,FAYETTE
PUBLIX 579,-84.439568,33.478436,108 Pavilion Pkwy,,Fayetteville,GA,30214,4056,FAYETTE
Shell Food Mart,-84.422539,33.455647,1183 Highway 54 E,,Fayetteville,GA,30214,6812,FAYETTE
Family Dollar 8582,-84.401733,33.426281,12100 County Line Rd,,Fayetteville,GA,30215,4669,FAYETTE
Eden Fresh Market,-84.402328,33.426537,12160 County Line Rd,,Fayetteville,GA,30215,4693,FAYETTE
KROGER 315,-84.447395,33.471367,134 Banks Xing,,Fayetteville,GA,30214,7308,FAYETTE
INGLES MARKETS 443,-84.45607,33.429192,135 Highway 92 S,,Fayetteville,GA,30215,5364,FAYETTE
Dollar General Store 17568,-84.435287,33.45216,140 Weatherly Dr,,Fayetteville,GA,30214,1788,FAYETTE
DOLLAR GENERAL 19546,-84.502151,33.522736,1437 Highway 92 N,,Fayetteville,GA,30214,3381,FAYETTE
DollarTree 2158,-84.445427,33.480244,147 Pavilion Pkwy,,Fayetteville,GA,30214,4098,FAYETTE
Fayetteville Chevron Food Mart,-84.505371,33.524574,1488 Highway 92 N,,Fayetteville,GA,30214,3384,FAYETTE
Paw Paw's BP,-84.505592,33.524746,1493 Highway 92 N,,Fayetteville,GA,30214,3383,FAYETTE
Alpinewoods Store Investments Inc,-84.526405,33.445007,1499 Georgia 54,,Fayetteville,GA,30214,,FAYETTE
DOLLAR GENERAL 1281,-84.444023,33.468349,170 Banks Rd,,Fayetteville,GA,30214,1319,FAYETTE
QuikTrip 807,-84.429695,33.50919,1846 Highway 85 N,,Fayetteville,GA,30214,4061,FAYETTE
Trillium Wood Inc,-84.429893,33.51009,1866 Highway 85 N,,Fayetteville,GA,30214,4061,FAYETTE
Food Depot 38,-84.444984,33.467983,200 Banks Sta,,Fayetteville,GA,30214,2900,FAYETTE
Papa Murphy's Take And Bake GA019,-84.448853,33.469685,202 Banks Xing,,Fayetteville,GA,30214,7309,FAYETTE
Best Seafood Direct Market,-84.458702,33.448273,220 Lanier Ave W,,Fayetteville,GA,30214,1608,FAYETTE
Sinan Express,-84.449989,33.550869,2400 Highway 138 SW,Ste 101,Fayetteville,GA,30214,8662,FAYETTE
S-mart,-84.399628,33.316395,2664 Highway 92 S,,Fayetteville,GA,30215,7121,FAYETTE
Flash Foods LLC 274244,-84.449089,33.449047,340 Lanier Ave E,,Fayetteville,GA,30214,2237,FAYETTE
Shell Food Mart,-84.45507,33.439331,438 Glynn St S,,Fayetteville,GA,30214,2069,FAYETTE
CVS Pharmacy 4760,-84.454338,33.45789,480 Glynn St N,,Fayetteville,GA,30214,1192,FAYETTE
DollarTree 9498,-84.452148,33.462715,720 N Glynn St,Suite C,Fayetteville,GA,30214,2050,FAYETTE
Flash Foods LLC 274243,-84.449226,33.464687,760 Glynn St N,,Fayetteville,GA,30214,1193,FAYETTE
WALGREEN 6372,-84.448448,33.466,780 Glynn St N,,Fayetteville,GA,30214,1193,FAYETTE
KROGER 490,-84.45723,33.432419,805 Glynn St S,Ste 117,Fayetteville,GA,30214,2010,FAYETTE
PUBLIX 1087,-84.457542,33.430672,840 Glynn St S,,Fayetteville,GA,30214,2001,FAYETTE
Walgreens 06371,-84.458122,33.429268,880 Highway 85 South,,Fayetteville,GA,30215,,FAYETTE
DollarTree 7704,-84.45829,33.428768,894 Highway 85 S,,Fayetteville,GA,30215,2001,FAYETTE
Race Trac 192,-84.458481,33.428486,897 Highway 85 S,,Fayetteville,GA,30215,2074,FAYETTE
Family Dollar 11060,-84.448807,33.465153,905B Glynn St N,,Fayetteville,GA,30214,7375,FAYETTE
Vine Flavors Int'l Market,-84.447876,33.46373,917A Glynn St N,,Fayetteville,GA,30214,7375,FAYETTE
Cornerstone Chevron 0,-84.450531,33.447987,95 S Jeff Davis Dr,,Fayetteville,GA,30214,2100,FAYETTE
Flash Foods LLC 2745124,-84.485161,33.448673,973 W Hwy 54,,Fayetteville,GA,30214,,FAYETTE
Walgreens 17189,-84.486084,33.4492,975 Highway 54 W,,Fayetteville,GA,30214,4500,FAYETTE
Corinth Road Food Mart,-84.40419,33.483074,166 Corinth Rd,,Jonesboro,GA,30238,5654,FAYETTE
Dollar General 12190,-84.422752,33.524895,8446 Highway 85,,Jonesboro,GA,30238,4306,FAYETTE
The Fresh Market 128,-84.570686,33.409367,100 N Peachtree Pkwy,,Peachtree City,GA,30269,,FAYETTE
Petrol Point Station No,-84.562164,33.412758,100 Petrol Pt,,Peachtree City,GA,30269,1536,FAYETTE
Walgreens 12554,-84.568527,33.407356,100 S Peachtree Pkwy,,Peachtree City,GA,30269,1705,FAYETTE
Flash Foods LLC 2745125,-84.568413,33.371632,1001 Crosstown Dr,,Peachtree City,GA,30269,2928,FAYETTE
CVS Pharmacy 2544,-84.559395,33.422409,101 Lexington Cir,,Peachtree City,GA,30269,6845,FAYETTE
KROGER 422,-84.5896,33.440971,1017 N Peachtree Pkwy,,Peachtree City,GA,30269,4210,FAYETTE
Publix 0799,-84.535912,33.341949,1200 1200 Hwy 74 S,Ste 20,Peachtree City,GA,30269,,FAYETTE
Walgreens 17952,-84.533165,33.342133,1232 Highway 74 S,,Peachtree City,GA,30269,3072,FAYETTE
PUBLIX 546,-84.557281,33.423531,130 Peachtree East Shopping Ctr # 4,,Peachtree City,GA,30269,4045,FAYETTE
Shop At Stevens Entry,-84.563469,33.413052,200 Stevens Entry,,Peachtree City,GA,30269,3320,FAYETTE
Village Store,-84.559174,33.415829,2000 Shakerag Hl,Ste A,Peachtree City,GA,30269,3453,FAYETTE
Sprouts Farmers Market 524,-84.558327,33.424984,2015 E Highway 54,,Peachtree City,GA,30269,,FAYETTE
TARGET STORE T-2129,-84.575302,33.428837,2129 Peachtree Pkwy North,,Peachtree City,GA,30269,1743,FAYETTE
DollarTree 8876,-84.569138,33.406425,2228 Highway 54,,Peachtree City,GA,30269,1524,FAYETTE
TRADER JOE'S PEACHTREE CITY 800,-84.593727,33.395844,258 City Cir,,Peachtree City,GA,30269,3123,FAYETTE
ALDI 76007 76007,-84.598114,33.396931,2709 Highway 54,,Peachtree City,GA,30269,1031,FAYETTE
Walmart S/C 3461,-84.598862,33.396946,2717 Highway 54,,Peachtree City,GA,30269,1031,FAYETTE
RaceTrac 2318,-84.599144,33.396709,2722 Highway 54,,Peachtree City,GA,30269,1030,FAYETTE
DollarTree 4052,-84.606705,33.39682,2812 Highway 54,,Peachtree City,GA,30269,1026,FAYETTE
J Mart,-84.606941,33.39682,2820 Highway 54,,Peachtree City,GA,30269,1026,FAYETTE
Pit Stop 28,-84.569206,33.371616,555 Highway 74 S,,Peachtree City,GA,30269,2054,FAYETTE
KROGER 388,-84.562088,33.376537,564 Crosstown Rd,,Peachtree City,GA,30269,2916,FAYETTE
CVS Pharmacy 7068,-84.585945,33.490288,100 Carriage Oaks Dr,,Tyrone,GA,30290,1567,FAYETTE
Dollys Store,-84.589508,33.479939,1012 Senoia Rd,,Tyrone,GA,30290,2063,FAYETTE
PUBLIX 0892,-84.587067,33.48822,1512 Highway 74 N,,Tyrone,GA,30290,1663,FAYETTE
DollarTree 7890,-84.587265,33.478794,525 Valleywood Rd,,Tyrone,GA,30290,2449,FAYETTE
Dollar General 6163,-84.591019,33.478912,989 Senoia Rd,,Tyrone,GA,30290,2067,FAYETTE
Tyrone Bp,-84.585144,33.477535,994 Tyrone Rd,,Tyrone,GA,30290,2138,FAYETTE
Dollar General 23184,-85.1856,34.390465,6173 Martha Berry Hwy NE,,Armuchee,GA,30105,2143,FLOYD
United Food Mart,-85.189148,34.391201,6214 Martha Berry Hwy NE,,Armuchee,GA,30105,2145,FLOYD
Mr.c's,-85.189919,34.39304,6280 Martha Berry Hwy NE,,Armuchee,GA,30105,2145,FLOYD
Dollar General 15254,-85.109543,34.438175,3168 New Rosedale Rd NE,,Calhoun,GA,30701,6916,FLOYD
Kcs Super Market,-85.335373,34.108887,10 Rome Rd SW,,Cave Spring,GA,30124,2701,FLOYD
Cave Spring Usa,-85.334564,34.110981,15 Rome Rd SW,,Cave Spring,GA,30124,2700,FLOYD
Legacy Mart,-85.336098,34.106953,19 Cedartown St SW,,Cave Spring,GA,30124,2703,FLOYD
DOLLAR GENERAL 8671,-85.333855,34.111675,19 Rome Rd SW,,Cave Spring,GA,30124,2700,FLOYD
Rozy Food Mart,-85.421501,34.084297,2406 Gadsden Rd SW,,Cave Spring,GA,30124,2867,FLOYD
Super 7 Foodmart,-84.944168,34.238251,11 W Howard St,,Kingston,GA,30145,3008,FLOYD
Dollar General 6545,-85.173698,34.195313,1 N 4th St SE,,Lindale,GA,30147,1037,FLOYD
Citgo Prime 2018 Llc,-85.175034,34.186779,102 Park Ave SE,,Lindale,GA,30147,1200,FLOYD
Maple Minit Shop,-85.172417,34.19997,3110 Maple Rd SE,,Lindale,GA,30147,1307,FLOYD
Piggly Wiggly 49,-85.175041,34.196362,3142 Maple Rd SE,,Lindale,GA,30147,1034,FLOYD
Dragon Food Mart,-85.175156,34.172153,839 Park Ave SE,,Lindale,GA,30147,1449,FLOYD
Family Dollar 660,-85.175117,34.187447,85 Park Ave SE,,Lindale,GA,30147,1117,FLOYD
Circle K 2723647,-85.054733,34.360851,1881 OLD CALHOUN ROAD,,ROME,GA,30161,,FLOYD
Walmart 658,-85.229851,34.275429,2510 REDMOND CIR NW,,ROME,GA,30165,,FLOYD
Circle K 2723549,-85.163986,34.257305,910 NORTH BROAD NE,,ROME,GA,30161,,FLOYD
DollarTree 4768,-85.160156,34.254593,104 Hicks Dr SE,,Rome,GA,30161,6064,FLOYD
The Davis Farm Bus NAFMNP,-85.187027,34.240601,105 Pollock St SW,,Rome,GA,30161,4644,FLOYD
Circle K Store 2709342,-85.122978,34.216133,1050 Cartersville Hwy SE,,Rome,GA,30161,8451,FLOYD
CVS Pharmacy 5417,-85.16436,34.255661,1201 Turner McCall Blvd SE,,Rome,GA,30161,5278,FLOYD
Xpress Mart,-85.153954,34.222038,14 Chateau Dr SE,,Rome,GA,30161,7237,FLOYD
Circle K 2723659,-85.160965,34.247219,1425 Turner McCall Blvd SE,,Rome,GA,30161,6071,FLOYD
Family Dollar 1139,-85.156097,34.265102,1432 N Broad St NE,,Rome,GA,30161,5216,FLOYD
KROGER 667,-85.163231,34.248451,1476 Turner McCall Blvd SW,,Rome,GA,30161,6072,FLOYD
Super Quetzal Llc,-85.213181,34.269009,1600 Shorter Ave NW,,Rome,GA,30165,3967,FLOYD
DOLLAR GENERAL 4440,-85.156418,34.265514,1605 N Broad St NE,,Rome,GA,30161,5341,FLOYD
Coastal Food Mart,-85.160835,34.244484,1701 Turner McCall Blvd SE,,Rome,GA,30161,6077,FLOYD
DOLLAR GENERAL 8272,-85.2146,34.285622,1790 Redmond Cir NW,,Rome,GA,30165,1359,FLOYD
Tobacco Mart,-85.16021,34.230606,1808 Dean Ave SE,,Rome,GA,30161,7108,FLOYD
Rome Food Mart,-85.217339,34.286053,1810 Redmond Cir NW,,Rome,GA,30165,1359,FLOYD
DOLLAR GENERAL 1034,-85.160149,34.230202,1816 Dean Ave SE,,Rome,GA,30161,7108,FLOYD
Broad Food Express,-85.154343,34.268848,1901 N Broad St,,Rome,GA,30161,,FLOYD
CVS Pharmacy 5418,-85.182922,34.278915,1905 Martha Berry Blvd NW,,Rome,GA,30165,1649,FLOYD
Flowers Bakery Outlet 178,-85.15303,34.269199,1906 N Broad St NE,,Rome,GA,30161,5308,FLOYD
Maple Quick Stop,-85.167694,34.228462,1912 Maple Ave SW,,Rome,GA,30161,6551,FLOYD
Family Dollar 283,-85.218292,34.270493,1922 Shorter Ave NW,,Rome,GA,30165,2141,FLOYD
Morelos Supermarket,-85.219299,34.269733,1931 Shorter Ave SW,,Rome,GA,30165,2106,FLOYD
Maa Shakti 103 Llc,-85.169884,34.30835,197 Old Dalton Rd NE,,Rome,GA,30165,9016,FLOYD
Kingston Hwy Quick Mart,-85.11097,34.254848,1994 Kingston Hwy SE,,Rome,GA,30161,8902,FLOYD
Dollar General 23889,-85.124626,34.280861,2000 Calhoun Rd,,Rome,GA,30161,,FLOYD
DollarTree 8280,-85.167336,34.227737,2005 Maple Ave SW,,Rome,GA,30161,6783,FLOYD
DOLLAR GENERAL 6161,-85.110413,34.254585,2006 Kingston Hwy SE,,Rome,GA,30161,8953,FLOYD
Garden Lakes Food & Beverage,-85.225121,34.286156,2022 Redmond Cir NW,,Rome,GA,30165,1322,FLOYD
A-1 Food Mart,-85.221779,34.264561,203 Burnett Ferry Rd SW,,Rome,GA,30165,3705,FLOYD
Road Runner,-85.167786,34.225372,2036 Maple Rd,,Rome,GA,30161,,FLOYD
Elm Street Food & Beverage,-85.207352,34.270756,204 N Elm St NW,,Rome,GA,30165,2232,FLOYD
Murphy USA 7094,-85.226555,34.271587,2200 Shorter Ave NW,,Rome,GA,30165,2031,FLOYD
Circle K 2723637,-85.229759,34.270996,2221 Shorter Ave SW,,Rome,GA,30165,2030,FLOYD
Walker Mountain Store,-85.201576,34.194168,2342 Cedartown Hwy SW,,Rome,GA,30161,9563,FLOYD
Circle K 2723655,-85.226646,34.285225,2401 Garden Lakes Blvd NW,,Rome,GA,30165,1138,FLOYD
Raceway,-85.238281,34.27158,2459 Shorter Ave SW,,Rome,GA,30165,1914,FLOYD
DOLLAR GENERAL 3111,-85.170174,34.246277,25 Central Plz,,Rome,GA,30161,3233,FLOYD
MAPCO Express Inc. 3606,-85.23896,34.272373,2500 Shorter Ave NW,,Rome,GA,30165,1863,FLOYD
DollarTree 2156,-85.227646,34.273087,2505 Redmond Cir NW,,Rome,GA,30165,1912,FLOYD
La Mexicana Supermarket,-85.227646,34.273087,2527 Redmond Cir NW,,Rome,GA,30165,1912,FLOYD
Sam's Club 6509,-85.229599,34.272308,2550 Redmond Cir NW,,Rome,GA,30165,1913,FLOYD
ALLIED FOOD SERVICE INC,-85.173248,34.323254,26 Selman Rd NW,,Rome,GA,30165,6173,FLOYD
DollarTree 5001,-85.175537,34.300407,2700 Martha Berry Hwy NE,,Rome,GA,30165,7751,FLOYD
Avion Food Mart,-85.173225,34.306236,2930 Martha Berry Hwy NE,,Rome,GA,30165,9701,FLOYD
Circle K 2723720,-85.206009,34.176731,2995 Cedartown Hwy SE,,Rome,GA,30161,3896,FLOYD
Racetrac 2482,-85.172691,34.308781,3006 Martha Berry Hwy NE,,Rome,GA,30165,8632,FLOYD
Ron Food Mart,-85.178154,34.247871,304 S Broad St SW,,Rome,GA,30161,2966,FLOYD
Hop & Shop,-85.152794,34.265583,305 Calhoun Ave NE,,Rome,GA,30161,5416,FLOYD
Circle K 2723564,-85.208069,34.174965,3070 Cedartown Hwy SW,,Rome,GA,30161,9589,FLOYD
DOLLAR GENERAL 2060,-85.216576,34.172096,3080 Cave Spring Rd SW,,Rome,GA,30161,3862,FLOYD
Citgo Quick Stop,-85.172798,34.312958,3173 Martha Berry Hwy NW,,Rome,GA,30165,7702,FLOYD
John's Grocery,-85.071449,34.254566,3218 Kingston Hwy SE,,Rome,GA,30161,7400,FLOYD
Foster Mill Foodmart,-85.341942,34.169861,3264 Fosters Mill Rd SW,,Rome,GA,30161,4100,FLOYD
Laxmione Inc. Dba Garden Lake Food Mart 1,-85.2481,34.282818,329 Huffaker Rd Nw,,Rome,GA,30165,1952,FLOYD
FOOD LION 1288,-85.174103,34.318188,3365 Martha Berry Hwy NW,,Rome,GA,30165,8653,FLOYD
Gmc Value Mart Inc,-85.272545,34.26952,3402 Alabama Hwy Nw,,Rome,GA,30165,9652,FLOYD
ROCK STORE,-85.064819,34.254337,3403 Kingston Hwy NE,,Rome,GA,30161,9180,FLOYD
Dollar General 30201,-85.064194,34.254162,3433 Kingston Hwy NE,,Rome,GA,30161,9180,FLOYD
Citgo Food Mart,-85.276474,34.268105,3560 Alabama Hwy NW,,Rome,GA,30165,8808,FLOYD
Track Food Mart,-85.080544,34.343674,363 Burlington Rd NE,,Rome,GA,30161,2600,FLOYD
Dollar General 2584,-85.170952,34.33242,3880 Martha Berry Hwy NE,,Rome,GA,30165,8638,FLOYD
Quick Quest,-85.199745,34.270058,407 N Division St NW,,Rome,GA,30165,2311,FLOYD
Mojo,-85.178261,34.24612,410 S Broad St Sw,,Rome,GA,30161,4674,FLOYD
DOLLAR GENERAL 3113,-85.196228,34.265369,434 Shorter Ave NW Ste B,,Rome,GA,30165,4272,FLOYD
Publix 1403,-85.177757,34.261791,435 Turner McCall Blvd NE,,Rome,GA,30165,2735,FLOYD
Circle K 2723537,-85.172379,34.345371,4350 Martha Berry Hwy NE,,Rome,GA,30165,8642,FLOYD
DollarTree 10182,-85.171844,34.346764,4400 Martha Berry Hwy NE,,Rome,GA,30165,9115,FLOYD
Wright's Meat Market-rome,-85.17186,34.349823,4512 Martha Berry Hwy NE,,Rome,GA,30165,8637,FLOYD
Shannon Grocery & Tobacco,-85.070862,34.337036,4556 Calhoun Rd Ne,,Rome,GA,30161,1988,FLOYD
Coosa Food Mart,-85.307968,34.262432,4590 Alabama Hwy NW,,Rome,GA,30165,6022,FLOYD
Gas Express LLC 273,-85.315987,34.262287,4818 Alabama Hwy NW,,Rome,GA,30165,,FLOYD
Royal Express 2,-85.165909,34.245468,5 Riverbend Dr SW,,Rome,GA,30161,6065,FLOYD
Dollar General 4703,-85.317589,34.231342,5 Turner Bend Rd SW,,Rome,GA,30165,,FLOYD
Jalalu Inc,-85.229683,34.260719,500 Burnett Ferry Rd Sw,,Rome,GA,30165,3654,FLOYD
Chevron Express,-85.175446,34.260994,507 Turner McCall Blvd NE,,Rome,GA,30165,5629,FLOYD
North Rome Farmers Market,-85.147285,34.264854,516 Kingston Ave NE,,Rome,GA,30161,5677,FLOYD
Dollar General 25388,-85.341652,34.167332,5535 Blacks Bluff Rd SW,,Rome,GA,30161,,FLOYD
Citgo Food Mart,-85.343155,34.258904,5646 Alabama Hwy NW,,Rome,GA,30165,6699,FLOYD
Evans Truck Stop,-85.344002,34.258392,5680 Alabama Hwy NW,,Rome,GA,30165,8442,FLOYD
DOLLAR GENERAL 8396,-85.078842,34.340023,5785 New Calhoun Hwy NE,,Rome,GA,30161,,FLOYD
Lucky Food Mart,-85.144386,34.208176,581 Chulio Rd SE,,Rome,GA,30161,9405,FLOYD
Village Shop,-85.077065,34.341724,5850 New Calhoun Hwy NE,,Rome,GA,30161,2060,FLOYD
Circle K 2723678,-85.077309,34.342941,5880 New Calhoun Hwy NE,,Rome,GA,30161,2060,FLOYD
Circle K 2723551,-85.183533,34.261501,6 Shorter Ave NW,,Rome,GA,30165,2400,FLOYD
Mi Tienda,-85.200493,34.26527,611 Shorter Ave SW,,Rome,GA,30165,4223,FLOYD
Tazo Food Mart,-85.14856,34.267609,618 Calhoun Ave NE,,Rome,GA,30161,5423,FLOYD
Walgreens 7199,-85.180634,34.260895,701 Martha Berry Blvd NW,,Rome,GA,30165,1637,FLOYD
Latino Food Mart,-85.202164,34.266449,702 Shorter Ave NW,,Rome,GA,30165,4130,FLOYD
Murphy USA 7735,-85.13166,34.21949,741 Cartersville Hwy SE,,Rome,GA,30161,8123,FLOYD
Xpress Mart,-85.399223,34.26577,7748 Alabama Hwy NW,,Rome,GA,30165,8815,FLOYD
Las Margaritas,-85.20385,34.266579,812 Shorter Ave NW,,Rome,GA,30165,4134,FLOYD
Walmart Supercenter 5151,-85.130302,34.221283,825 Cartersville Hwy SE,,Rome,GA,30161,8449,FLOYD
ALDI 76040,-85.167038,34.260494,836 Turner McCall Blvd SW,,Rome,GA,30161,2927,FLOYD
CVS Pharmacy 3770,-85.20594,34.266678,911 Shorter Ave SW,,Rome,GA,30165,4164,FLOYD
Rockmart Quick Shop,-85.142319,34.153343,4970 Rockmart Rd SE,,Silver Creek,GA,30173,2648,FLOYD
138 Labodega,-84.255531,34.127262,138 Tidwell Rd,,Alpharetta,GA,30004,8417,FORSYTH
Racetrac 2537,-84.222237,34.116947,1385 McFarland Pkwy,,Alpharetta,GA,30004,3369,FORSYTH
Ali Baba Market,-84.214973,34.100658,1879 McFarland Pkwy,,Alpharetta,GA,30005,8341,FORSYTH
QuikTrip 1767,-84.235863,34.159733,4830 Atlanta Hwy,,Alpharetta,GA,30004,2975,FORSYTH
Racetrac 2566,-84.236549,34.15844,4855 Atlanta Hwy,,Alpharetta,GA,30004,3956,FORSYTH
Publix 616,-84.238503,34.158207,4900 Atlanta Hwy,,Alpharetta,GA,30004,2921,FORSYTH
PUBLIX 1089,-84.208099,34.093075,5180 McGinnis Ferry Rd,,Alpharetta,GA,30005,1792,FORSYTH
Murphy Express 8662,-84.251961,34.152248,5415 Atlanta Hwy,,Alpharetta,GA,30004,2928,FORSYTH
SUPERMERCADO EL TORITO,-84.251976,34.151897,5445 Atlanta Hwy,Ste B,Alpharetta,GA,30004,5924,FORSYTH
Walmart Supercenter 4436,-84.251976,34.15173,5455 Atlanta Hwy,,Alpharetta,GA,30004,2928,FORSYTH
Alpharetta Marathon 1,-84.24984,34.143063,5715 Atlanta Hwy,,Alpharetta,GA,30004,3943,FORSYTH
International Gourmet Foods,-84.246979,34.138763,5925 Atlanta Hwy,Ste 600,Alpharetta,GA,30004,5767,FORSYTH
Hut Bakery N/A,-84.253784,34.130962,6300 Atlanta Hwy,Ste 104,Alpharetta,GA,30004,7821,FORSYTH
San Diego Panaderia,-84.254387,34.130314,6320 Atlanta Hwy,Ste 9,Alpharetta,GA,30004,0578,FORSYTH
Citgo Quik Mart,-84.22847,34.129738,765 McFarland Pkwy,Ste A,Alpharetta,GA,30004,7877,FORSYTH
Speedway 8495,-84.224045,34.123734,910 McFarland Pkwy,,Alpharetta,GA,30004,5883,FORSYTH
KROGER STORE 486,-84.171593,34.12228,1595 PEACHTREE PKWY,,CUMMING,GA,30041,,FORSYTH
PUBLIX 0026,-84.114212,34.162682,1735 BUFORD HWY,,CUMMING,GA,30041,,FORSYTH
PUBLIX 0049,-84.071938,34.259354,3480 KEITH BRIDGE RD,,CUMMING,GA,30041,,FORSYTH
Supermercado Lazacatecana,-84.136978,34.206947,104 Pirkle Ferry Rd,,Cumming,GA,30040,2524,FORSYTH
Al's Quick Stop,-84.124458,34.231529,1080 Dahlonega Hwy,,Cumming,GA,30040,4535,FORSYTH
A & L Quick Stop,-84.143005,34.208511,115 Canton Rd,,Cumming,GA,30040,2301,FORSYTH
DOLLAR GENERAL 1266,-84.152786,34.216019,121 N Corners Pkwy,,Cumming,GA,30040,2078,FORSYTH
Costco Wholesale 1175,-84.114052,34.210857,1211 Bald Ridge Marina Rd,,Cumming,GA,30041,,FORSYTH
CVS PHARMACY 2310,-84.127266,34.172928,1230 Buford Hwy,,Cumming,GA,30041,,FORSYTH
DollarTree 5702,-84.131424,34.182194,1250 Market Place Blvd,,Cumming,GA,30041,7923,FORSYTH
Citgo At Cumming Square,-84.161575,34.172981,1410 Atlanta Hwy,,Cumming,GA,30040,6467,FORSYTH
DollarTree 2021,-84.170792,34.124611,1455 Peachtree Pkwy,,Cumming,GA,30041,9791,FORSYTH
Walmart 878,-84.129128,34.183968,1500 Market Place Blvd,,Cumming,GA,30041,6060,FORSYTH
Dollar General 23193,-84.132774,34.185589,1505 Market Place Blvd,,Cumming,GA,30041,7935,FORSYTH
Vp Food Mart,-84.171944,34.124222,1520 Peachtree Pkwy,,Cumming,GA,30041,9504,FORSYTH
TARGET STORE T-1394,-84.13282,34.186897,1525 Market Place Blvd,,Cumming,GA,30041,7935,FORSYTH
Marathon Gas,-84.10775,34.184334,1620 Buford Dam Rd,,Cumming,GA,30041,7946,FORSYTH
Walgreens 7946,-84.117889,34.162441,1650 Buford Hwy,,Cumming,GA,30041,6585,FORSYTH
QuikTrip 841,-84.116974,34.1637,1655 Buford Hwy,,Cumming,GA,30041,6586,FORSYTH
BJ's Membership Club 144,-84.131119,34.189606,1725 Market Place Blvd,,Cumming,GA,30041,7928,FORSYTH
ALDI 76034,-84.115379,34.161648,1760 Buford Hwy,,Cumming,GA,30041,8200,FORSYTH
Alpharetta Halal Meat,-84.175903,34.105431,2255 Callaway Ct,Ste 600,Cumming,GA,30041,7565,FORSYTH
Cherians International Fresh Market,-84.176071,34.105209,2255 Callaway Ct,Ste 900,Cumming,GA,30041,7565,FORSYTH
Shell Food Mart,-84.153984,34.157246,2310 Ronald Reagan Blvd,,Cumming,GA,30041,6037,FORSYTH
Walgreens 17282,-84.195145,34.239273,2323 Canton Hwy,,Cumming,GA,30040,4322,FORSYTH
KROGER 432,-84.193359,34.238255,2325 Bethelview Rd,,Cumming,GA,30040,9473,FORSYTH
Danielzz Food Mart,-84.085335,34.232372,2355 Pilgrim Mill Rd,,Cumming,GA,30041,5221,FORSYTH
76 Cumming,-84.085304,34.231934,2380 Pilgrim Mill Rd,,Cumming,GA,30041,9054,FORSYTH
Walmart Supercenter 4185,-84.176895,34.101154,2395 Peachtree Pkwy,,Cumming,GA,30041,7227,FORSYTH
Dollar General 16594,-84.084839,34.232555,2420 Holtzclaw Rd,,Cumming,GA,30041,4586,FORSYTH
Golden Key European Food Store,-84.175385,34.097984,2569 Peachtree Pkwy,Ste 215 & 220,Cumming,GA,30041,7316,FORSYTH
Walgreens 7994,-84.177086,34.096825,2595 Peachtree Pkwy,,Cumming,GA,30041,7223,FORSYTH
Racetrac2602 2602,-84.176086,34.09499,2610 Peachtree Pkwy,,Cumming,GA,30041,,FORSYTH
KROGER 473,-84.090012,34.250061,2655 Freedom Pkwy,,Cumming,GA,30041,9177,FORSYTH
Indifresh 1,-84.186577,34.160381,2770 Atlanta Hwy,Ste 100,Cumming,GA,30040,6957,FORSYTH
2775 Antioch Kevin Llc,-84.103706,34.229832,2775 Antioch Rd,,Cumming,GA,30040,4576,FORSYTH
QUIKTRIP 812,-84.087555,34.253136,2830 Keith Bridge Rd,,Cumming,GA,30041,3935,FORSYTH
INGLES MARKETS 456,-84.088715,34.252918,2835 Keith Bridge Rd,,Cumming,GA,30041,3936,FORSYTH
Sai Market,-84.154472,34.113766,3030 Old Atlanta Rd,Ste 100,Cumming,GA,30041,6946,FORSYTH
CVS Pharmacy 4113,-84.153488,34.112141,3095 Old Atlanta Rd,,Cumming,GA,30041,2737,FORSYTH
Carniceria Hernandez,-84.139526,34.202877,310 Veterans Memorial Blvd,,Cumming,GA,30040,2644,FORSYTH
Walgreens 10423,-84.075119,34.257874,3290 Keith Bridge Rd,,Cumming,GA,30041,3937,FORSYTH
Speedway 4106,-84.097427,34.129375,3310 Buford Hwy,,Cumming,GA,30041,8219,FORSYTH
Fergusons Meat Market,-84.102386,34.272198,3360 Matt Hwy,,Cumming,GA,30028,3200,FORSYTH
La Rosita Supermarket 2,-84.135666,34.211502,337 Dahlonega St,,Cumming,GA,30040,2409,FORSYTH
Keith Bridge Food Mart,-84.074287,34.258835,3375 Keith Bridge Rd,,Cumming,GA,30041,3940,FORSYTH
QuikTrip 1725,-84.227318,34.238693,3590 Canton Hwy,,Cumming,GA,30040,4331,FORSYTH
ALDI 76162,-84.093201,34.267197,3610 Browns Bridge Road,,Cumming,GA,30028,,FORSYTH
Racetrac 2570,-84.227875,34.237873,3615 Canton Hwy,,Cumming,GA,30040,1957,FORSYTH
Publix Super Market 1773,-84.226952,34.240391,3620 Era Dr,,Cumming,GA,30028,4355,FORSYTH
Walmart 7185,-84.093407,34.268223,3655 Browns Bridge Rd,,Cumming,GA,30028,,FORSYTH
QuikTrip 817,-84.089951,34.264847,3660 Browns Bridge Rd,,Cumming,GA,30028,,FORSYTH
Aagnee Food Mart & Vape,-84.144196,34.187977,3671 Hutchinson Rd,,Cumming,GA,30040,8500,FORSYTH
Flowers Bakery Outlet 685,-84.227875,34.236271,3758 Post Rd,,Cumming,GA,30040,4968,FORSYTH
La Jarochita Market,-84.133896,34.198563,418 Atlanta Rd,Ste B,Cumming,GA,30040,2684,FORSYTH
Racetrac 2523,-84.075142,34.258492,4265 Browns Bridge Rd,,Cumming,GA,30041,3930,FORSYTH
Lidl 1441,-84.196709,34.199837,4325 Bethelview Rd,,Cumming,GA,30040,6521,FORSYTH
INGLES MARKETS 438,-84.151276,34.215763,436 Canton Rd,,Cumming,GA,30040,2002,FORSYTH
CVS PHARMACY 3882,-84.174797,34.151768,450 Peachtree Pkwy,,Cumming,GA,30041,6818,FORSYTH
CVS PHARMACY 4682,-84.218918,34.208744,4895 Post Rd,,Cumming,GA,30040,4978,FORSYTH
Lakeland Plaza Chevron,-84.141907,34.185898,502 Lakeland Plz,,Cumming,GA,30040,2730,FORSYTH
RaceTrac 2355,-84.173668,34.14978,510 Peachtree Pkwy,,Cumming,GA,30041,6820,FORSYTH
Shell Food Mart,-84.059891,34.249207,5110 Browns Bridge Rd,,Cumming,GA,30041,4751,FORSYTH
Sprouts Farmers Market 515,-84.14064,34.185291,530 Lakeland Plz,Ste B,Cumming,GA,30040,2779,FORSYTH
Publix Super Markets Inc. 1690,-84.150528,34.299778,5310 Matt Highway,,Cumming,GA,30028,,FORSYTH
Dollar General 22420,-84.049896,34.32254,5350 Jot EM Down Rd,,Cumming,GA,30041,3471,FORSYTH
Circle M Food Shop 38,-84.15316,34.299129,5430 Bannister Rd,,Cumming,GA,30028,8602,FORSYTH
PUBLIX 1130,-84.187141,34.174397,5475 Bethelview Rd,,Cumming,GA,30040,9731,FORSYTH
Don Milas Supermercado NO,-84.136742,34.190334,550 Atlanta Rd,Ste 100,Cumming,GA,30040,2702,FORSYTH
CVS PHARMACY 191,-84.1875,34.171902,5510 Castleberry Rd,,Cumming,GA,30040,8054,FORSYTH
Wilkes Meat Market Of Cumming,-84.153427,34.300201,5515 Bannister Rd,,Cumming,GA,30028,3223,FORSYTH
Kroger 627,-84.183037,34.17107,5550 Bethelview Rd,,Cumming,GA,30040,6859,FORSYTH
DollarTree 2016,-84.136803,34.190788,580 Atlanta Rd,Ste 222,Cumming,GA,30040,2744,FORSYTH
PUBLIX 519,-84.14035,34.188225,580 Atlanta Rd,,Cumming,GA,30040,2744,FORSYTH
DOLLAR GENERAL 1025,-84.176819,34.163902,6010 Bethelview Rd,,Cumming,GA,30040,6316,FORSYTH
INGLES MARKETS 106,-84.175117,34.162548,6055 Bethelview Rd,,Cumming,GA,30040,6317,FORSYTH
Quick Serve,-84.235756,34.267437,6565 Heardsville Rd,,Cumming,GA,30028,7550,FORSYTH
Ga#9 Texaco,-84.145241,34.185287,720 Atlanta Hwy,,Cumming,GA,30040,2715,FORSYTH
Race Trac 396,-84.133858,34.180771,888 Buford Rd,,Cumming,GA,30041,2716,FORSYTH
Keith Bridge Bp,-83.999321,34.293476,6810 Keith Bridge Rd,,Gainesville,GA,30506,3900,FORSYTH
Lake Lanier Shell,-83.999855,34.251526,7515 Browns Bridge Rd,,Gainesville,GA,30506,6337,FORSYTH
DOLLAR GENERAL 14285,-83.980774,34.250088,8315 Browns Bridge Rd,,Gainesville,GA,30506,4022,FORSYTH
SUVIDHA GROCERY 1,-84.162926,34.077347,3495 Peachtree Pkwy,Ste 105,Suwanee,GA,30024,9101,FORSYTH
QUIKTRIP 778,-84.166275,34.072369,3611 Peachtree Pkwy,,Suwanee,GA,30024,1028,FORSYTH
Sprouts Farmers Market 516,-84.167252,34.070633,3630 Peachtree Pkwy,Ste 99,Suwanee,GA,30024,6088,FORSYTH
CVS PHARMACY 2279,-84.161156,34.084896,5370 Laurel Springs Pkwy,,Suwanee,GA,30024,6027,FORSYTH
PUBLIX 1091,-84.128937,34.057205,7780 McGinnis Ferry Rd,,Suwanee,GA,30024,1622,FORSYTH
Dollar General 12139,-83.112846,34.346825,16 Roper Rd,,Canon,GA,30520,2100,FRANKLIN
Dollar General 23735,-83.021843,34.293995,463 Old Highway 29 Rd,,Canon,GA,30520,,FRANKLIN
Hometown Butcher,-83.027603,34.292622,7127 South Hwy 29,,Canon,GA,30520,,FRANKLIN
Petro Carnesville 0377,-83.319839,34.348297,10200 Old Federal Rd,,Carnesville,GA,30521,2962,FRANKLIN
Pilot Travel Center 628,-83.319458,34.34708,10226 Old Federal Rd,,Carnesville,GA,30521,2962,FRANKLIN
Speedway 42749,-83.227959,34.390362,11047 Highway 106,,Carnesville,GA,30521,,FRANKLIN
Pilot Travel Center 4557,-83.226952,34.3904,11156 Highway 106,,Carnesville,GA,30521,3309,FRANKLIN
Exxon Food Mart,-83.228394,34.390057,11157 Highway 106,,Carnesville,GA,30521,3313,FRANKLIN
Sunshine Travel Center,-83.258339,34.373341,905 Highway 320,,Carnesville,GA,30521,2745,FRANKLIN
DOLLAR GENERAL 7815,-83.241875,34.367329,9173 Lavonia Rd,,Carnesville,GA,30521,3202,FRANKLIN
Dollar General 22599,-83.103539,34.42223,11747 Augusta Rd,,Lavonia,GA,30553,1284,FRANKLIN
Shell Food Mart,-83.103249,34.422985,11781 Augusta Rd,,Lavonia,GA,30553,1212,FRANKLIN
Tienda La Chiquita,-83.10392,34.425011,11930 Augusta Rd,,Lavonia,GA,30553,1206,FRANKLIN
DILLS FOOD CITY OF LAVONIA,-83.106018,34.429501,12260 Augusta Rd,,Lavonia,GA,30553,1210,FRANKLIN
DollarTree 8854,-83.107391,34.432255,12480 Augusta Rd,,Lavonia,GA,30553,1023,FRANKLIN
Royal Food Store #39,-83.108162,34.433285,12557 Augusta Rd,,Lavonia,GA,30553,1028,FRANKLIN
DOLLAR GENERAL 382,-83.111824,34.441505,13177 Jones St,,Lavonia,GA,30553,1161,FRANKLIN
Walgreens 19428,-83.114822,34.442677,13387 Jones St,,Lavonia,GA,30553,1164,FRANKLIN
Lavonia Raceway,-83.118294,34.445343,13722 Jones St,,Lavonia,GA,30553,1150,FRANKLIN
Hills Exxon,-83.128494,34.447773,14301 Jones St,,Lavonia,GA,30553,1883,FRANKLIN
Royal Food Store 36,-83.138321,34.446869,14901 Highway 17,,Lavonia,GA,30553,4465,FRANKLIN
Tugaloo Corners,-83.101982,34.503326,24 Tugalo State Park Rd,,Lavonia,GA,30553,2426,FRANKLIN
Dollar General 25676,-83.05265,34.457367,31 Shirley Rd,,Lavonia,GA,30553,,FRANKLIN
Neighbors Market,-83.099472,34.449242,4626 Vickery St,,Lavonia,GA,30553,3457,FRANKLIN
Dollar General 19809,-83.105087,34.505848,60 Poplar Springs Rd,,Lavonia,GA,30553,2032,FRANKLIN
Texvonia Meat Market,-83.106873,34.435463,830 Grogan St,,Lavonia,GA,30553,1801,FRANKLIN
Food Lion 2841,-83.128517,34.283737,1041 Franklin Springs St,,Royston,GA,30662,3801,FRANKLIN
Flowers Bakery Outlet 179,-83.109543,34.291061,1285 Bowersville St,,Royston,GA,30662,2340,FRANKLIN
Dixie Dale,-83.159401,34.286606,2922 W Main St,,Royston,GA,30662,7004,FRANKLIN
Dollar General 15865,-83.1595,34.285931,3049 W Main St,,Royston,GA,30662,,FRANKLIN
DollarTree 8453,-83.12635,34.283928,411 Smith St,,Royston,GA,30662,3917,FRANKLIN
Dollar General 31190,-83.256561,34.294765,4717 Sandy Cross Rd,,Royston,GA,30662,3383,FRANKLIN
Smile Mart,-83.119598,34.284634,585 Franklin Springs St,,Royston,GA,30662,3934,FRANKLIN
Royston Food Mart,-83.110222,34.281712,636 Church St,,Royston,GA,30662,4425,FRANKLIN
Walgreens 19011,-83.124626,34.284046,859 Franklin Springs St,,Royston,GA,30662,3931,FRANKLIN
Royston Quick Spot,-83.126289,34.284412,965 Franklin Springs St,,Royston,GA,30662,3911,FRANKLIN
PUBLIX 556,-84.285828,34.05463,11800 HAYNES BRIDGE RD,Ste 100,ALPHARETTA,GA,30004,,FULTON
KROGER 415,-84.356987,34.08567,12460 CRABAPPLE RD,Ste 300,ALPHARETTA,GA,30004,,FULTON
KROGER 495,-84.276138,34.095322,12870 STATE HWY 9,,ALPHARETTA,GA,30004,,FULTON
TRADER JOE'S ALPHARETTA 798,-84.226379,34.081024,1605 Halcyon Days Trl Alpharetta,,ALPHARETTA,GA,30005,,FULTON
DollarTree 4152,-84.251045,34.147923,5620 COMMERCE BLVD,SUITE E,ALPHARETTA,GA,30004,,FULTON
KROGER 444,-84.249924,34.145306,5665 Atlanta Hwy,,ALPHARETTA,GA,30004,,FULTON
PUBLIX 1060,-84.330093,34.165756,980 BIRMINGHAM RD,,ALPHARETTA,GA,30004,,FULTON
CVS PHARMACY 4747,-84.370476,33.795601,1544 PIEDMONT AVE NE,,ATLANTA,GA,30324,,FULTON
KROGER 655,-84.338028,33.803772,1799 BRIARCLIFF RD NE,,ATLANTA,GA,30306,,FULTON
CVS PHARMACY 2186,-84.351624,33.818592,2350 CHESHIRE BRIDGE RD,,ATLANTA,GA,30324,,FULTON
PUBLIX 282,-84.383179,33.833702,2900 PEACHTREE ROAD NW,,ATLANTA,GA,30305,,FULTON
CVS Pharmacy 5621,-84.487572,33.689537,3030 HEADLAND DR,,ATLANTA,GA,30311,,FULTON
KROGER STORE 462,-84.487572,33.689545,3030 HEADLAND DR SW,,ATLANTA,GA,30311,,FULTON
KROGER 465,-84.499557,33.722801,3425 CASCADE RD,,ATLANTA,GA,30311,,FULTON
WAYFIELD FOODS 17,-84.501289,33.623177,3435 ROOSEVELT HWY,,ATLANTA,GA,30349,,FULTON
KROGER 350,-84.381424,33.889912,4920 ROSWELL RD,,ATLANTA,GA,30342,,FULTON
PUBLIX 0776,-84.381874,33.770447,595 PIEDMONT RD,,ATLANTA,GA,30308,,FULTON
PUBLIX 541,-84.428009,33.906563,6300 POWERS FERRY ROAD,,ATLANTA,GA,30339,,FULTON
Whole Foods Market 10196,-84.365845,33.775124,650 PONCE DE LEON AVE NE,,ATLANTA,GA,30308,,FULTON
PUBLIX 1061,-84.388115,33.78006,950 W PEACHTREE ST NW,,ATLANTA,GA,30309,3854,FULTON
Sam's Club 6646,-84.315117,34.043385,10600 Davis Dr,,Alpharetta,GA,30009,4746,FULTON
Quik Trip 1721,-84.223434,34.120995,1080 McFarland Pkwy,,Alpharetta,GA,30004,,FULTON
QUIKTRIP 716,-84.22332,34.046753,10920 State Bridge Rd,,Alpharetta,GA,30022,8175,FULTON
KROGER 390,-84.223534,34.047527,10945 State Bridge Rd,,Alpharetta,GA,30022,8164,FULTON
Culture Foods Market 1,-84.229446,34.056232,11130 State Bridge Rd,Ste D101-102,Alpharetta,GA,30022,2639,FULTON
Johnscreek Chevron,-84.213974,34.064457,11580 Jones Bridge Rd,,Alpharetta,GA,30022,4535,FULTON
DollarTree 1967,-84.212761,34.062782,11585 Jones Bridge Rd,Ste 320,Alpharetta,GA,30022,8130,FULTON
CVS Pharmacy 04718,-84.211357,34.064888,11625 Jones Bridge Rd,,Alpharetta,GA,30005,2539,FULTON
QUIKTRIP 765,-84.294235,34.06691,11700 Haynes Bridge Rd,,Alpharetta,GA,30009,1927,FULTON
Global Supermarket,-84.205055,34.071701,11880 Douglas Rd,Ste 300,Alpharetta,GA,30005,4006,FULTON
DollarTree 7888,-84.355431,34.077858,12155 Houze Rd,,Alpharetta,GA,30004,6647,FULTON
ALDI 76030,-84.272224,34.09753,12990 Highway 9 N,Ste 107,Alpharetta,GA,30004,4196,FULTON
Cheveron Food Mart,-84.264534,34.097095,13021 Deerfield Pkwy,,Alpharetta,GA,30004,8533,FULTON
DollarTree 4247,-84.268784,34.103138,13093 Highway 9 N,Ste 1030,Alpharetta,GA,30004,5161,FULTON
PUBLIX 0762,-84.271339,34.117371,13800 Highway 9 N,Ste E,Alpharetta,GA,30004,4590,FULTON
Race Trac 461,-84.322701,34.040283,1545 Mansell Rd,,Alpharetta,GA,30009,4710,FULTON
QuikTrip 843,-84.319847,34.040237,1590 Mansell Rd,,Alpharetta,GA,30009,4709,FULTON
Exxon,-84.311813,34.066174,1670A S Main St,,Alpharetta,GA,30009,2078,FULTON
Walgreens 6999,-84.297218,34.070675,173 S Main St,,Alpharetta,GA,30004,1993,FULTON
CVS 2185,-84.294716,34.080738,184 N Main St,,Alpharetta,GA,30009,3623,FULTON
Alpharetta Farmers Market,-84.292297,34.07468,2 Park Plz,,Alpharetta,GA,30009,3680,FULTON
DollarTree 4296,-84.282928,33.997971,2632 Holcomb Bridge Rd,,Alpharetta,GA,30022,5305,FULTON
RaceTrac 648,-84.282463,34.068825,2645 Old Milton Pkwy,,Alpharetta,GA,30009,2106,FULTON
PUBLIX 1019,-84.357422,34.079311,270 Rucker Rd,,Alpharetta,GA,30004,4045,FULTON
Whole Foods Market 10488,-84.278923,34.068928,2800 Old Milton Pkwy,,Alpharetta,GA,30009,2201,FULTON
Costco Wholesale 0743,-84.277367,34.09111,2855 Jordan Ct,,Alpharetta,GA,30004,3869,FULTON
India Plaza,-84.276115,34.089149,2905 Jordan Ct,Ste E,Alpharetta,GA,30004,8966,FULTON
Chevron Food Mart,-84.274155,33.98909,2970 Holcomb Bridge Rd,,Alpharetta,GA,30022,5311,FULTON
KROGER 344,-84.271652,34.023064,3000 Old Alabama Rd,,Alpharetta,GA,30022,5860,FULTON
Walgreens 5760,-84.271973,34.021252,3003 Old Alabama Rd,,Alpharetta,GA,30022,8594,FULTON
The Fresh Market 034,-84.272781,34.021732,3005 Old Alabama Rd,,Alpharetta,GA,30022,,FULTON
QUIKTRIP 782,-84.26828,34.068951,3190 Old Milton Pkwy,,Alpharetta,GA,30005,3401,FULTON
Shell Alpharetta,-84.267326,34.068165,3325 Old Milton Pkwy,,Alpharetta,GA,30005,4437,FULTON
Mansell Shell,-84.292725,34.037544,3790 Mansell Rd,,Alpharetta,GA,30022,8246,FULTON
Milton Chevron,-84.245499,34.060902,3955 Old Milton Pkwy,,Alpharetta,GA,30005,4436,FULTON
PUBLIX 721,-84.233253,34.058037,4305 State Bridge Rd,,Alpharetta,GA,30022,4471,FULTON
Walgreens 05903,-84.231995,34.054642,4395 Kimball Bridge Rd,,Alpharetta,GA,30022,4409,FULTON
Southern Steer Butcher,-84.226044,34.061211,4620 Kimball Bridge Rd,Ste 5,Alpharetta,GA,30005,4505,FULTON
QuikTrip 800,-84.279617,34.094444,4975 Windward Pkwy,,Alpharetta,GA,30004,8558,FULTON
Walmart Supercenter 2941,-84.274414,34.093746,5200 Windward Pkwy,,Alpharetta,GA,30004,3842,FULTON
Walgreens 09451,-84.268425,34.087559,5510 Windward Pkwy,,Alpharetta,GA,30004,3889,FULTON
Target Store T-970,-84.288307,34.047874,6000 N Point Pkwy,,Alpharetta,GA,30022,3006,FULTON
Master Butcher Inc,-84.28923,34.09079,631 N Main St,Num 10,Alpharetta,GA,30009,,FULTON
Suvidha International Market #4,-84.287994,34.093327,670 N Main St,Ste 113,Alpharetta,GA,30009,2401,FULTON
CVS Pharmacy 2081,-84.269974,33.985718,8430 Holcomb Bridge Rd,,Alpharetta,GA,30022,5317,FULTON
KROGER 653,-84.271088,33.988266,8465 Holcomb Bridge Rd,Ste 2000,Alpharetta,GA,30022,2908,FULTON
CVS Pharmacy 04409,-84.252411,34.025211,9920 Jones Bridge Rd,,Alpharetta,GA,30022,6522,FULTON
Reynoldstown Farmers Market,-84.355293,33.751526,100 Flat Shoals Ave SE,,Atlanta,GA,30316,1337,FULTON
BP Food Mart,-84.392937,33.699211,100 Lakewood Way SW,,Atlanta,GA,30315,6005,FULTON
Best For Less,-84.407455,33.781879,1001 Northside Dr NW,,Atlanta,GA,30318,5421,FULTON
PUBLIX 0724,-84.354385,33.772865,1001 Ponce de Leon Ave NE,,Atlanta,GA,30306,4215,FULTON
Father And Son Superette,-84.38324,33.727119,1002 Martin St SE,,Atlanta,GA,30315,1935,FULTON
Welcome Foods Mcdaniel,-84.401932,33.72757,1003 McDaniel St SW,,Atlanta,GA,30310,3115,FULTON
101 Texaco No,-84.468079,33.755585,101 Hamilton E Holmes Dr NW,,Atlanta,GA,30311,1211,FULTON
Good Sam Market,-84.420746,33.773216,1015 Donald Lee Hollowell Pkwy NW,,Atlanta,GA,30318,6653,FULTON
Virginia Highland Farmers Market,-84.354271,33.782475,1017 N Highland Ave NE,,Atlanta,GA,30306,3539,FULTON
Kinship Butcher Sundry,-84.353813,33.782253,1019 Virginia Ave NE,,Atlanta,GA,30306,3523,FULTON
Piedmont Park Green Market,-84.378632,33.783863,1071 Piedmont Ave NE,,Atlanta,GA,30309,5009,FULTON
Cascade Food Mart,-84.445816,33.725842,1072 Cascade Rd SW,,Atlanta,GA,30311,2814,FULTON
Lidl 1584,-84.407829,33.784237,1090 Northside Dr NW,,Atlanta,GA,30318,5427,FULTON
Walgreens 18233,-84.351845,33.918968,1100 Hammond Dr NE,,Atlanta,GA,30328,8198,FULTON
Walmart Supercenter 3741,-84.505074,33.725399,1105 Research Center Atlanta D,,Atlanta,GA,30331,,FULTON
Lee Petro,-84.421082,33.724575,1117 Lee St SW,,Atlanta,GA,30310,3841,FULTON
Pryor Gas and Food,-84.392975,33.72356,1152 Pryor Rd SW,Ste 101,Atlanta,GA,30315,2210,FULTON
Jena Investment Inc,-84.34935,33.773811,1161 Ponce De Leon Ave Ne,,Atlanta,GA,30306,4525,FULTON
Family Dollar 1728,-84.426018,33.73856,1165 Ralph David Abernathy Blvd SW,,Atlanta,GA,30310,1757,FULTON
Gas Express LLC dba Circle K 134,-84.426903,33.800762,1176 Chattahoochee Ave Nw,,Atlanta,GA,30318,3757,FULTON
Atlanta Food Mart,-84.407585,33.722553,1190 Metropolitan Pkwy SW,,Atlanta,GA,30310,3544,FULTON
CHEVRON FOOD MART,-84.392799,33.722874,1192 Pryor Rd SW,Ste B,Atlanta,GA,30315,2221,FULTON
Lee Food Mart,-84.423065,33.722595,1193 Lee St SW,,Atlanta,GA,30310,3842,FULTON
BP Food Mart,-84.382622,33.757477,120 Piedmont Ave NE,,Atlanta,GA,30303,2445,FULTON
Ez Market,-84.425751,33.811611,1209 Collier Rd NW,,Atlanta,GA,30318,2323,FULTON
A Food Mart,-84.384766,33.680717,121 Cleveland Ave,,Atlanta,GA,30315,8445,FULTON
Chevron Food Mart,-84.427345,33.78603,1222 W Marietta St NW,,Atlanta,GA,30318,4911,FULTON
DOLLAR GENERAL 8589,-84.349503,33.720741,1241 Moreland Ave SE Ste A,,Atlanta,GA,30316,3190,FULTON
PUBLIX 0720,-84.427956,33.849003,1250 W Paces Ferry Rd NW,,Atlanta,GA,30327,2306,FULTON
Lee Street Meats & Grocery,-84.424561,33.720608,1265 Lee St Sw,Ste A,Atlanta,GA,30310,4034,FULTON
Target Store T-1964,-84.346092,33.756763,1275 Caroline St NE,,Atlanta,GA,30307,2705,FULTON
Donnelly Food Mart,-84.430031,33.734531,1294 Donnelly Ave SW,,Atlanta,GA,30310,2569,FULTON
Neighbors Market N/A,-84.417557,33.758595,132 Joseph E Lowery Blvd NW,,Atlanta,GA,30314,3406,FULTON
Chevron Food Mart - Circle K,-84.432938,33.659431,1337 Virginia Ave,,Atlanta,GA,30344,5213,FULTON
Shell Food Mart,-84.432983,33.659054,1338 Virginia Ave,,Atlanta,GA,30344,5214,FULTON
University Bp Food Mart,-84.392639,33.721943,135 University Ave SW,,Atlanta,GA,30315,2218,FULTON
West End Farmers Market ATL,-84.35247,33.933094,1354 Abernathy Blvd,,Atlanta,GA,30310,,FULTON
K Stop,-84.38369,33.754658,138 Edgewood Ave NE,,Atlanta,GA,30303,3007,FULTON
Pick N Pay,-84.433365,33.763309,1388 Joseph E Boone Blvd NW,,Atlanta,GA,30314,2049,FULTON
Ans Three D Inc 0,-84.349525,33.715988,1401 Moreland Ave Se,Ste A,Atlanta,GA,30316,3191,FULTON
Corner Grocery,-84.408173,33.716469,1407 Metropolitan Pkwy SW,,Atlanta,GA,30310,4467,FULTON
Morningside Farmers Market,-84.356255,33.793488,1411 N Morningside Dr NE,,Atlanta,GA,30306,3239,FULTON
Maya Food Market,-84.434464,33.714569,1411 Venetian Dr Sw,,Atlanta,GA,30311,3513,FULTON
Doo Drop Inn Marketplace & Beauty Supply Inc.,-84.469406,33.794495,1431 Hollywood Rd NW,,Atlanta,GA,30318,3808,FULTON
Gas Express LLC dba Circle K 142,-84.434967,33.737835,1450 Donnelly Ave SW,,Atlanta,GA,30310,2543,FULTON
CVS Pharmacy 81,-84.349525,33.71468,1455 Moreland Ave SE,,Atlanta,GA,30316,3128,FULTON
ALDI 69093 69093,-84.349533,33.713993,1461 Moreland Ave SE,,Atlanta,GA,30316,3128,FULTON
A&b Foodmart 1,-84.393784,33.71394,1519 Pryor Rd SW,,Atlanta,GA,30315,3700,FULTON
Uptown Station Inc,-84.387695,33.796085,1521 Peachtree St Ne,,Atlanta,GA,30309,2915,FULTON
Shell Food Mart,-84.43824,33.810127,1535 Chatahoochee Ave Nw,,Atlanta,GA,30318,,FULTON
Publix 599,-84.369598,33.796463,1544 Piedmont Ave NE,,Atlanta,GA,30324,5018,FULTON
CVS Pharmacy 4720,-84.326782,33.788258,1554 N Decatur Rd NE,,Atlanta,GA,30307,1016,FULTON
Westview Corner Grocery,-84.438606,33.743694,1562 Ralph David Abernathy Blvd SW,,Atlanta,GA,30310,1253,FULTON
Monroe Chevron,-84.369431,33.797085,1570 Monroe Dr NE,,Atlanta,GA,30324,5017,FULTON
Food Mart,-84.438965,33.744061,1570 Ralph David Abernathy Blvd SW,,Atlanta,GA,30310,1253,FULTON
Best4less Goods Food Mart,-84.439293,33.76392,1575 Joseph E Boone Blvd Nw,Ste C,Atlanta,GA,30314,2056,FULTON
East Point Convenience,-84.441101,33.67868,1595 White Way,,Atlanta,GA,30344,3315,FULTON
Bp Food Mart,-84.382072,33.772507,160 Ponce de Leon Ave NE,,Atlanta,GA,30308,1942,FULTON
Circle K 26655984,-84.390121,33.759365,160 Ted Turner Dr NW,,Atlanta,GA,30303,2030,FULTON
Family Dollar 7189,-84.441612,33.659199,1616 Virginia Ave,,Atlanta,GA,30337,2824,FULTON
SOUTHEASTERN MEATS & FISH,-84.441116,33.772377,1624 Donald Lee Hollowell Pkwy NW,,Atlanta,GA,30318,5004,FULTON
Exxon Food Mart,-84.442421,33.659428,1633 Virginia Ave,,Atlanta,GA,30337,2823,FULTON
Quick Pick Foodmart,-84.379623,33.709644,1634 Lakewood Ave SE,,Atlanta,GA,30315,5251,FULTON
Flowers Bakery Outlet 144,-84.404076,33.75037,165 Northside Dr SW,,Atlanta,GA,30313,1317,FULTON
Westlake Food Mart,-84.442238,33.773273,1677 Donald Lee Hollowell Pkwy NW,,Atlanta,GA,30318,5048,FULTON
Quik Trip 0832,-84.416,33.799889,1678 Howell Mill Rd NW,,Atlanta,GA,30318,3116,FULTON
Bp Food Mart,-84.442474,33.748486,1685 Ralph David Abernathy Blvd SW,,Atlanta,GA,30310,1248,FULTON
3 Way Grocery,-84.393898,33.709068,1695 Pryor Rd SW,,Atlanta,GA,30315,3714,FULTON
KROGER 298,-84.371918,33.801018,1700 Monroe Dr NE,,Atlanta,GA,30324,5033,FULTON
KROGER 346,-84.415558,33.801373,1715 Howell Mill Rd NW,,Atlanta,GA,30318,3113,FULTON
Gas Express LLC dba Circle K 164,-84.436104,33.801743,1720 Marietta Blvd Nw,,Atlanta,GA,30318,3647,FULTON
Speedzone Shell,-84.443581,33.751137,1720 Mlk Jr Dr SW,,Atlanta,GA,30314,2258,FULTON
CHEVRON FOOD MART,-84.444115,33.711464,1722 Campbellton Rd SW,Suite A,Atlanta,GA,30311,4012,FULTON
Family Dollar 11425,-84.380112,33.706863,1723 Lakewood Ave SE,,Atlanta,GA,30315,5103,FULTON
Speedzone Chevron,-84.443695,33.751175,1739 Martin Luther King Jr Dr NW,,Atlanta,GA,30314,2227,FULTON
Washington Seafood Market,-84.446297,33.675835,1765 Washington Rd,,Atlanta,GA,30344,4151,FULTON
Villa Food Mart,-84.456055,33.707516,1771 Centra Villa Dr SW,,Atlanta,GA,30311,3905,FULTON
Supermercado Santa Fe,-84.381233,33.91103,178 Northwood Dr NE,,Atlanta,GA,30342,1019,FULTON
Shell Food Mart,-84.414581,33.803528,1790 Howell Mill Rd NW,,Atlanta,GA,30318,3165,FULTON
Chevron Food Mart,-84.381432,33.772537,180 Ponce De Leon Ave Ne,,Atlanta,GA,30308,1940,FULTON
Abernathy Bp,-84.393791,33.736565,180 Ralph David Abernathy Blvd SW,,Atlanta,GA,30312,2748,FULTON
Exxon Food Mart,-84.457596,33.705799,1801 Delowe Dr SW,,Atlanta,GA,30311,4751,FULTON
Quick Mart,-84.446571,33.750637,1815 Mlk Dr SW,,Atlanta,GA,30310,1108,FULTON
Hollywood 76,-84.471031,33.805492,1820 Hollywood Rd NW,,Atlanta,GA,30318,3412,FULTON
Lakewood Food Mart,-84.382179,33.718056,184 McDonough Blvd SE,,Atlanta,GA,30315,2319,FULTON
Sprouts Farmers Market 519,-84.366882,33.806244,1845 Piedmont Ave NE,Apt 500,Atlanta,GA,30324,5141,FULTON
Food Mart,-84.407646,33.703815,1850 Metropolitan Pkwy SW,,Atlanta,GA,30315,5923,FULTON
Shell Food Mart,-84.393967,33.806484,1888 Peachtree St NW,,Atlanta,GA,30309,1536,FULTON
Shell Food Mart,-84.41317,33.806709,1892 Howell Mill Rd NW,,Atlanta,GA,30318,2539,FULTON
Circle K #251,-84.366234,33.808998,1896 Piedmont Rd NE,,Atlanta,GA,30324,4115,FULTON
Neighbourhood Market,-84.3993,33.702,1917 Pryor Rd Sw,Ste D,Atlanta,GA,30315,6059,FULTON
Family Dollar 12070,-84.408012,33.701653,1938 Metropolitan Pkwy SW,,Atlanta,GA,30315,5942,FULTON
CVS PHARMACY 2082,-84.393066,33.807968,1943 Peachtree Rd NE,,Atlanta,GA,30309,1230,FULTON
Exxon Food Mart,-84.384712,33.702354,1959 Lakewood Ave SE,,Atlanta,GA,30315,4348,FULTON
Best 4 Less,-84.44873,33.775513,1960 Donald Lee Hollowell Pkwy NW,,Atlanta,GA,30318,4809,FULTON
Eastpoint Grocery,-84.417709,33.700901,1960 Perkerson Rd SW,,Atlanta,GA,30310,5051,FULTON
Food Mart 0,-84.449852,33.821602,1970 Moores Mill Rd NW,,Atlanta,GA,30318,1310,FULTON
Hungry Mart,-84.456818,33.701107,1980 Delowe Dr SW,,Atlanta,GA,30311,4753,FULTON
CARNICERIA Y TIENDA EL PROGRESO,-84.395554,33.681137,199 Cleveland Ave SW,,Atlanta,GA,30315,8258,FULTON
Sweet Auburn Grocery,-84.381088,33.755585,200 Auburn Ave NE,,Atlanta,GA,30303,2602,FULTON
Food Center,-84.45697,33.700439,2000 Delowe Dr SW,,Atlanta,GA,30311,4717,FULTON
Family Dollar 10676,-84.475677,33.810471,2001 James Jackson Pkwy NW,,Atlanta,GA,30318,1012,FULTON
Chevron Food Mart,-84.475769,33.811497,2020 Bolton Rd NW,,Atlanta,GA,30318,1106,FULTON
DollarTree 7560,-84.455933,33.706989,2020 Campbellton Rd SW,,Atlanta,GA,30311,4804,FULTON
PUBLIX 1119,-84.41275,33.810238,2020 Howell Mill Rd NW,Ste A,Atlanta,GA,30318,1732,FULTON
Walgreens 17037,-84.41275,33.810238,2020 Howell Mill Rd NW,,Atlanta,GA,30318,1732,FULTON
DollarTree 5242,-84.407463,33.698891,2034 Metropolitan Pkwy SW,,Atlanta,GA,30315,5941,FULTON
Quality Meat Market,-84.418259,33.699009,2034 Sylvan Rd Sw,,Atlanta,GA,30310,5057,FULTON
Anderson Food Mart,-84.450714,33.760353,204 Anderson Ave NW,,Atlanta,GA,30314,1704,FULTON
Family Dollar 6030,-84.452011,33.776768,2045 Donald Lee Hollowell Pkwy NW,,Atlanta,GA,30318,4701,FULTON
East Point Food Mart,-84.448044,33.698948,2048 Stanton Rd,,Atlanta,GA,30344,1300,FULTON
Busy Bee Grocery,-84.475983,33.811935,2051 James Jackson Pkwy NW,,Atlanta,GA,30318,1012,FULTON
West View Food Mart,-84.453651,33.750313,2053 Martin Luther King Jr Dr SW,,Atlanta,GA,30310,1165,FULTON
Alison Food Mart,-84.456566,33.701046,2075 Alison Ct SW,,Atlanta,GA,30311,4958,FULTON
Sh Produce,-84.379906,33.754101,209 Edgewood Ave,Ste 123,Atlanta,GA,30303,,FULTON
Treehouse Grocery Llc,-84.379906,33.754101,209 Edgewood Ave,#135,Atlanta,GA,30303,,FULTON
Atlantic Seafood,-84.380013,33.754372,209 Edgewood Ave SE,Suite 132,Atlanta,GA,30303,3012,FULTON
City Produce,-84.379875,33.754051,209 Edgewood Ave SE,Ste 114,Atlanta,GA,30303,3012,FULTON
D & J Market,-84.379898,33.754372,209 Edgewood Ave SE,Suite 121,Atlanta,GA,30303,3012,FULTON
Garden Market ATL,-84.379875,33.754051,209 Edgewood Ave SE,Ste 130,Atlanta,GA,30303,3012,FULTON
Parks Meat Market Llc Dba Country Meat Market,-84.380013,33.754364,209 Edgewood Ave SE,Ste 124,Atlanta,GA,30303,3012,FULTON
Market Pharmacy Inc,-84.379875,33.754051,209 Edgewood Ave Se,Suite 109,Atlanta,GA,30303,3012,FULTON
Porky Pig Market Company,-84.379875,33.754051,209 Edgewood Ave Se,Ste 122,Atlanta,GA,30303,3012,FULTON
KROGER 324,-84.300957,33.960594,2090 Dunwoody Club Dr,,Atlanta,GA,30350,5434,FULTON
Chevron Food Mart,-84.456932,33.689491,2091 Headland Dr,,Atlanta,GA,30344,2134,FULTON
Quick Stop,-84.456955,33.688862,2098 Headland Dr,,Atlanta,GA,30344,2135,FULTON
The Fresh Market 061,-84.392197,33.811928,2099 Peachtree Rd NE,,Atlanta,GA,30309,1431,FULTON
Atlanta Texaco/ Ez Market 0,-84.407677,33.697002,2100 Metropolitan Pkwy SW,,Atlanta,GA,30315,6220,FULTON
Corner Food Mart,-84.468987,33.813435,2102 Hollywood Rd NW,,Atlanta,GA,30318,1817,FULTON
Lucky Food Mart 0,-84.458008,33.706509,2111 Campbellton Rd SW,Ste A,Atlanta,GA,30311,4605,FULTON
Amina Mart 1,-84.45816,33.706123,2132 Campbellton Rd SW,Ste E,Atlanta,GA,30311,4620,FULTON
La Canasta Supermercado #! Ste #6,-84.380127,33.910973,215 Northwood Dr,,Atlanta,GA,30342,,FULTON
IGUALA MEAT MARKET,-84.380135,33.910973,215 Northwood Dr NE,Ste 3,Atlanta,GA,30342,4623,FULTON
Family Dollar 235,-84.459442,33.705692,2178 Campbellton Rd SW,,Atlanta,GA,30311,4606,FULTON
Mercado Acapulco Y Taqueria,-84.352974,33.814388,2179 Cheshire Bridge Rd NE,,Atlanta,GA,30324,4275,FULTON
Peach Mart,-84.38826,33.759911,218 Peachtree St NW,,Atlanta,GA,30303,1503,FULTON
Pahi African Caribbean Market 2,-84.459763,33.705311,2180 Campbellton Rd SW,,Atlanta,GA,30311,4606,FULTON
Monroe Drive Chevron,-84.368477,33.810368,2195 Monroe Dr NE,,Atlanta,GA,30324,4843,FULTON
Whole Foods 10650,-84.387955,33.786587,22 14th St NW,Ste C,Atlanta,GA,30309,4793,FULTON
BP Cleveland,-84.396698,33.681435,221 Cleveland Ave Sw,,Atlanta,GA,30315,,FULTON
Chevron Food Mart,-84.461784,33.615959,2216 Godby Rd,,Atlanta,GA,30349,5002,FULTON
CVS Pharmacy 5395,-84.461624,33.722477,2237 Cascade Rd SW,,Atlanta,GA,30311,2832,FULTON
Quick Mart,-84.352158,33.816174,2239 Cheshire Bridge Rd NE,,Atlanta,GA,30324,4234,FULTON
Midtown Market 225,-84.379951,33.781734,225 10th St NE,,Atlanta,GA,30309,3706,FULTON
Publix 1226,-84.449867,33.818535,2275 Marietta Blvd NW,,Atlanta,GA,30318,2019,FULTON
75 FARMERS MARKET,-84.395729,33.680122,230 Cleveland Ave SW,,Atlanta,GA,30315,8208,FULTON
AAA 2317 Inc,-84.351418,33.818157,2319 Cheshire Bridge Rd NE,,Atlanta,GA,30324,4236,FULTON
Publix 1044,-84.351395,33.818947,2325 Cheshire Bridge Rd NE,,Atlanta,GA,30324,3725,FULTON
Bingo Food Mart,-84.46534,33.704605,2343 Campbellton Rd Sw,Ste 2,Atlanta,GA,30311,4600,FULTON
DollarTree 6839,-84.453873,33.820698,2344 Marietta Blvd NW,,Atlanta,GA,30318,1327,FULTON
Walgreens 19047,-84.386536,33.819775,2345 Peachtree Rd NE,,Atlanta,GA,30305,4147,FULTON
CVS 10043,-84.38755,33.760441,235 Peachtree St NE,Ste C24,Atlanta,GA,30303,1705,FULTON
PUBLIX 0719,-84.387672,33.820107,2365 Peachtree Rd NE,,Atlanta,GA,30305,4147,FULTON
Race Trac 2421,-84.455376,33.821236,2429 Bolton Rd NW,,Atlanta,GA,30318,1301,FULTON
CVS Pharmacy 4717,-84.466728,33.752293,2429 Martin Luther King Jr Dr SW,,Atlanta,GA,30311,1713,FULTON
Family Dollar 1788,-84.458229,33.689159,2433 Delowe Dr,,Atlanta,GA,30344,2338,FULTON
Bp Food Mart 0,-84.37944,33.74678,245 Memorial Dr SE,,Atlanta,GA,30312,2140,FULTON
Mlk Chevron 2456 Llc,-84.467896,33.751648,2456 Martin Luther King Jr Dr SW,,Atlanta,GA,30311,1714,FULTON
Mlk Food Mart,-84.468292,33.752037,2460 Mlk Jr Dr SW,,Atlanta,GA,30311,1743,FULTON
Vp Food Mart,-84.40889,33.687862,2461 Metropolitan Pkwy SW,,Atlanta,GA,30315,7221,FULTON
Family Dollar 12249,-84.469765,33.635223,2461A Riverdale Rd,,Atlanta,GA,30337,5003,FULTON
Texaco Food Mart,-84.349586,33.746826,247 Moreland Ave SE,,Atlanta,GA,30316,1458,FULTON
Shell Food Mart,-84.408638,33.687111,2477 Metropolitan Pkwy SW,,Atlanta,GA,30315,7221,FULTON
Azalea Fresh Market,-84.389328,33.754326,25 Peachtree St Nw,,Atlanta,GA,30303,3104,FULTON
Bp Food Mart,-84.471359,33.650883,2511 Camp Creek Pkwy,,Atlanta,GA,30337,3356,FULTON
Sr Food & Meat Mart,-84.468468,33.776024,2521 Donald Lee Hollowell Pkwy NW,Ste D,Atlanta,GA,30318,8361,FULTON
Family Dollar 2641,-84.310692,33.687748,2522 Bouldercrest Rd SE,,Atlanta,GA,30316,4838,FULTON
TARGET STORE T-2171,-84.363098,33.824493,2539 Piedmont Rd NE,,Atlanta,GA,30324,3006,FULTON
Food Mart,-84.472931,33.628345,2549 Roosevelt Hwy,,Atlanta,GA,30337,6229,FULTON
CVS Pharmacy 4661,-84.451157,33.820564,2555 Bolton Rd NW,,Atlanta,GA,30318,1322,FULTON
Continental Seafood Inc,-84.470154,33.775299,2565 Donald Lee Hollowell Pkwy Nw,,Atlanta,GA,30318,8354,FULTON
Mlk Westland Bp Inc.,-84.472595,33.75359,2595 Martin Luther King Jr Dr SW,,Atlanta,GA,30311,1715,FULTON
Carniceria Ramirez,-84.45002,33.820625,2600 Bolton Rd NW,,Atlanta,GA,30318,1325,FULTON
Pilot Travel Center 331,-84.310768,33.685455,2605 Bouldercrest,,Atlanta,GA,30316,,FULTON
Pick And Pay,-84.472725,33.776173,2621 Donald Lee Hollowell Pkwy NW,,Atlanta,GA,30318,8316,FULTON
DollarTree 5779,-84.473778,33.75378,2630 Martin Luther King,,Atlanta,GA,30311,,FULTON
Shell East Point,-84.440674,33.68335,2641 Main St,,Atlanta,GA,30344,6933,FULTON
Chevron Food Mart,-84.47403,33.776188,2656 Donald Lee Hollowell Pkwy NW,,Atlanta,GA,30318,8352,FULTON
Camp Food Mart,-84.47541,33.702477,2674 Campbellton Rd Sw,,Atlanta,GA,30311,4404,FULTON
Citgo Food Mart,-84.475357,33.777313,2685 Donald Lee Hollowell Pkwy NW,,Atlanta,GA,30318,8350,FULTON
KROGER 364,-84.407806,33.68261,2685 Metropolitan Pkwy SW,,Atlanta,GA,30315,7900,FULTON
Walgreens 11488,-84.408165,33.680569,2711 Metropolitan Pkwy SW,,Atlanta,GA,30315,7913,FULTON
Larrys Quick Stop 1,-84.418655,33.680901,2717 Sylvan Rd,,Atlanta,GA,30344,3717,FULTON
PEACHTREE ROAD FARMERS MARKET,-84.387405,33.830605,2744 Peachtree Rd NW,,Atlanta,GA,30305,2917,FULTON
Dollar General 22316,-84.477409,33.777348,2750 Donald Lee Hollowell Pkwy NW,,Atlanta,GA,30318,6056,FULTON
Metro Food Mart,-84.408165,33.679863,2763 Metropolitan Pkwy SW,,Atlanta,GA,30315,7913,FULTON
Big A Food Mart,-84.481636,33.651703,2780 Camp Creek Pkwy,,Atlanta,GA,30337,3138,FULTON
Hop In Food Mart,-84.479965,33.779278,2784 Donald Lee Hollowell Pkwy NW,,Atlanta,GA,30318,6055,FULTON
Chaparral Meat Market,-84.292915,33.860878,2790 Northeast Expy NE,Ste B,Atlanta,GA,30344,,FULTON
DollarTree 4527,-84.489098,33.690369,2841 Greenbriar Pkwy SW,A3,Atlanta,GA,30331,,FULTON
MLK Coin & Market,-84.481384,33.753998,2860 Martin Luther King Jr Dr SW,,Atlanta,GA,30311,1520,FULTON
East Point Food Market,-84.441284,33.677261,2861 Main St,,Atlanta,GA,30344,3372,FULTON
Q's Meat Market Inc,-84.443176,33.676861,2879 E Point St,Ste 14,Atlanta,GA,30344,3301,FULTON
Walgreens 09303,-84.383072,33.833729,2893 Peachtree Rd NE,,Atlanta,GA,30305,2929,FULTON
Texaco Food Mart,-84.349693,33.752747,29 Moreland Ave SE,,Atlanta,GA,30316,1333,FULTON
Big H Food Mart,-84.48365,33.697937,2900 Campbellton Rd SW,,Atlanta,GA,30311,4507,FULTON
CVS Pharmacy 4424,-84.44165,33.675354,2907 Main St,,Atlanta,GA,30344,4203,FULTON
Agrowkulture Marketplace,-84.514786,33.674561,2925 Fairburn Rd SW,,Atlanta,GA,30331,5501,FULTON
Family Dollar 11892,-84.484329,33.690102,2925 Headland Dr,,Atlanta,GA,30344,1906,FULTON
Mount Vernon Food Mart,-84.377533,33.924206,295 Mount Vernon Hwy NE,,Atlanta,GA,30328,3918,FULTON
Northside Texaco,-84.406441,33.746334,296 Northside Dr SW,Ste A,Atlanta,GA,30313,1228,FULTON
CITGO FOOD MART,-84.48584,33.696342,2989 Campbellton Rd SW,,Atlanta,GA,30311,4501,FULTON
BP Food Mart,-84.368347,33.836624,3004 Piedmont Rd NE,,Atlanta,GA,30305,2606,FULTON
Jones Prime LLC,-84.372108,33.672459,3012 Jonesboro Rd SE,Ste B,Atlanta,GA,30354,2441,FULTON
Pure Food Mart,-84.372231,33.672352,3015 Jonesboro Rd SE,,Atlanta,GA,30354,2414,FULTON
C & S GROCERIES,-84.496223,33.672916,3032 Stone Hogan Connector Rd SW,,Atlanta,GA,30331,2822,FULTON
Greenbriar Chevron,-84.48867,33.689293,3040 Headland Dr SW,,Atlanta,GA,30311,5422,FULTON
Sylvan Station Inc,-84.423851,33.697834,3040 Lakewood Ave SW,,Atlanta,GA,30310,5003,FULTON
Family Dollar 634,-84.486122,33.751137,3050 Martin Luther King Jr Dr SW,Ste I,Atlanta,GA,30311,1500,FULTON
Wayfield Foods 19,-84.486122,33.751137,3050 Martin Luther King Jr Dr SW,Ste H,Atlanta,GA,30311,1500,FULTON
Citgo Food Shop,-84.461098,33.671211,3094 Washington Rd,,Atlanta,GA,30344,4456,FULTON
Piggly Wiggly,-84.462097,33.670139,3100 Washington Rd,,Atlanta,GA,30344,5415,FULTON
ZTS Food Mart,-84.488319,33.751179,3102 Martin Luther King Jr Dr SW,,Atlanta,GA,30311,1584,FULTON
Family Dollar 10654,-84.462875,33.670414,3128 Washington Rd,,Atlanta,GA,30344,5415,FULTON
Tienda Y Carniceria El Ejido,-84.444221,33.669598,3145 Main St,,Atlanta,GA,30344,4846,FULTON
Texaco Food Mart,-84.493019,33.653851,3155 Camp Creek Pkwy,,Atlanta,GA,30344,5703,FULTON
Green Apple Food Mart Inc,-84.493134,33.685841,3160 Greenbriar Pkwy SW,,Atlanta,GA,30331,2609,FULTON
Trader Joe's 735,-84.375046,33.841328,3183 Peachtree Rd NE,,Atlanta,GA,30305,1851,FULTON
Wk Business Merchandising Llc,-84.496727,33.790825,3201 Atlanta Industrial Pkwy Nw,Ste 209,Atlanta,GA,30331,1047,FULTON
Discount Food Mart,-84.492302,33.752197,3208 Martin Luther King Jr Dr SW,,Atlanta,GA,30311,1302,FULTON
Mami Grocery & Deli,-84.39846,33.737988,322 Glenn St SW,,Atlanta,GA,30312,2513,FULTON
Quick Mart,-84.492561,33.752838,3221 Mlk Jr Dr,,Atlanta,GA,30314,,FULTON
Aldi 76001,-84.373245,33.842514,3221 Peachtree Rd,Ste 101,Atlanta,GA,30305,,FULTON
CVS PHARMACY 5731,-84.373238,33.842495,3221 Peachtree Rd NE,,Atlanta,GA,30305,,FULTON
EZ Shoper,-84.49324,33.753052,3235 Martin Luther King Jr Dr SW,,Atlanta,GA,30311,1316,FULTON
Circle K #183,-84.495033,33.655178,3241 Camp Creek Pkwy,,Atlanta,GA,30344,5705,FULTON
Circle K,-84.49382,33.7533,3255 Martin Luther King Jr Dr SW,,Atlanta,GA,30311,1316,FULTON
Star Chevron Food Mart,-84.49453,33.787392,3260 Donald Lee Hollowell Pkwy NW,,Atlanta,GA,30331,1102,FULTON
Best For Less,-84.465057,33.666542,3270 Washington Rd,,Atlanta,GA,30344,5454,FULTON
Metro Atlanta Urban Farm,-84.446358,33.666847,3271 Main St,,Atlanta,GA,30337,1208,FULTON
Sure Save Food & Beauty,-84.465439,33.666309,3286 Washington Rd,,Atlanta,GA,30344,5454,FULTON
East Point Food Mart,-84.466225,33.666374,3289 Washington Rd,,Atlanta,GA,30344,5420,FULTON
Bp Food Mart,-84.397972,33.786388,329 14th St NW,,Atlanta,GA,30318,5366,FULTON
Stop N Shop Food Mart #2 1,-84.445534,33.665943,3293 Main St,,Atlanta,GA,30337,1213,FULTON
Gateway Newstand,-84.390434,33.755173,33 Marietta St NW,,Atlanta,GA,30303,2801,FULTON
Dollar General 17866,-84.49855,33.596268,3300 Royal South Pkwy,,Atlanta,GA,30349,,FULTON
MLK Texaco,-84.497482,33.753944,3330 Martin Luther King Jr Dr SW,,Atlanta,GA,30331,1712,FULTON
Publix Super Markets Inc. 1867,-84.374748,33.846085,3330 Piedmont Rd NE,Ste 16,Atlanta,GA,30305,1726,FULTON
Fresh Market At Oyun Botanical Gardens,-84.467987,33.664429,3353 Washington Rd,,Atlanta,GA,30344,5650,FULTON
Chevron Food Mart 0,-84.417717,33.763786,336 Joseph E Lowery Blvd NW,,Atlanta,GA,30314,3276,FULTON
Simply Produce Llc,-84.506668,33.631531,3360 Ethan Allen Dr,,Atlanta,GA,30349,2106,FULTON
Green 4 Life,-84.499626,33.623043,3375 Roosevelt Hwy,,Atlanta,GA,30349,2300,FULTON
Fairburn Prime,-84.523148,33.66404,3391 Fairburn Rd Sw,,Atlanta,GA,30331,6203,FULTON
CVS Pharmacy 4665,-84.427864,33.847385,3401 Northside Pkwy NW,,Atlanta,GA,30327,2323,FULTON
Gas Express LLC dba Circle K 153,-84.417564,33.74567,343 Joseph E Lowery Blvd SW,,Atlanta,GA,30310,1401,FULTON
Eden Fresh Market #11,-84.44809,33.660938,3465 Main St,,Atlanta,GA,30337,1910,FULTON
Intown Market,-84.378281,33.749596,349 Decatur St Se,Ste N,Atlanta,GA,30312,4001,FULTON
Circle K #185,-84.349709,33.763779,350 Moreland Ave NE,,Atlanta,GA,30307,1927,FULTON
Dollar General 13836,-84.502838,33.757874,3509 Mlk Jr Dr SW,,Atlanta,GA,30331,4006,FULTON
Whole Foods Market 10697,-84.430351,33.850765,3535 Northside Pkwy NW,,Atlanta,GA,30327,2309,FULTON
PUBLIX 664,-84.358704,33.851566,3535 Peachtree Rd NE,,Atlanta,GA,30326,3287,FULTON
Target Store 1197,-84.358704,33.851566,3535 Peachtree Rd NE,,Atlanta,GA,30326,,FULTON
Shell Food Mart,-84.504974,33.621948,3535 Roosevelt Hwy,,Atlanta,GA,30349,2319,FULTON
Chevron Food Mart,-84.448074,33.658913,3537 Main St,,Atlanta,GA,30337,2624,FULTON
Quick Stop Food Mart,-84.503975,33.757896,3550 Martin Luther King Jr Dr SW,Ste A,Atlanta,GA,30331,4011,FULTON
Blvd Food Mart,-84.372383,33.764336,356 Boulevard NE,,Atlanta,GA,30312,1039,FULTON
Louisiana Atlanta Seafood Market,-84.503822,33.759899,3565 Martin Luther King Jr Dr Sw,Ste 1,Atlanta,GA,30331,4016,FULTON
Citgo Roosevelt,-84.505798,33.621449,3565 Roosevelt Hwy,,Atlanta,GA,30349,2359,FULTON
Raceway Campbellton,-84.506081,33.690083,3580 Campbellton Rd SW,,Atlanta,GA,30331,5218,FULTON
Cascade Shell Food Mart,-84.506073,33.723064,3580 Cascade Rd SW,,Atlanta,GA,30331,2104,FULTON
BJ's Membership Club 152,-84.504074,33.655865,3585 N Commerce Dr,,Atlanta,GA,30344,5733,FULTON
DollarTree 7375,-84.504982,33.759235,3599 Mlk Jr Dr SW,,Atlanta,GA,30331,4017,FULTON
Valero Food Mart,-84.507637,33.689716,3640 Campbellton Rd SW,,Atlanta,GA,30331,5200,FULTON
Westside Food Mart,-84.508095,33.761536,3650 Martin Luther King Jr Dr Sw,Ste A,Atlanta,GA,30331,3703,FULTON
Quick Foodmart,-84.507507,33.762093,3657 Martin Luther King Jr Dr SW,Ste A,Atlanta,GA,30331,3750,FULTON
Walgreens 10422,-84.382706,33.85471,3658 Roswell Rd NE,,Atlanta,GA,30342,4416,FULTON
Prime Chevron,-84.508575,33.762157,3660 Martin Luther King Jr Dr SW,,Atlanta,GA,30331,3740,FULTON
Buckhead Shoppe,-84.383011,33.85614,3669 Powers Ferry Rd NW,#10,Atlanta,GA,30342,4424,FULTON
Publix 0503,-84.50959,33.723728,3695 Cascade Rd SW,,Atlanta,GA,30331,,FULTON
Boulevard Lotto Grocery,-84.371666,33.764538,371 Boulevard Ne,,Atlanta,GA,30312,,FULTON
CHEVRON FOOD MART,-84.368652,33.744579,371 Boulevard SE,,Atlanta,GA,30312,3364,FULTON
Moreland Food Mart,-84.349564,33.764542,372 Moreland Ave NE,,Atlanta,GA,30307,1927,FULTON
Family Dollar 2349,-84.510368,33.691349,3721A Campbellton Rd SW,,Atlanta,GA,30331,5221,FULTON
PUBLIX 1056,-84.510849,33.65638,3730 Carmia Dr SW,Ste 200,Atlanta,GA,30331,6259,FULTON
Quick Save/Shell Food Mart,-84.401184,33.680866,374 Cleveland Ave SW,,Atlanta,GA,30315,8142,FULTON
Walgreens 07394,-84.510559,33.723179,3740 Cascade Rd SW,,Atlanta,GA,30331,2108,FULTON
Target Store T-2137,-84.399292,33.793194,375 18th St NW,,Atlanta,GA,30363,1190,FULTON
Cousins Texaco,-84.511101,33.690533,3750 Campbellton Rd SW,,Atlanta,GA,30331,5222,FULTON
Walgreens 9620,-84.511528,33.657032,3800 Princeton Lakes Pkwy SW,,Atlanta,GA,30331,5580,FULTON
Goodr Community Market On Edgewood,-84.375008,33.754196,381 Edgewood Ave SE,,Atlanta,GA,30312,1839,FULTON
Big AJ Store 2,-84.449722,33.651237,3817 Main St,,Atlanta,GA,30337,3615,FULTON
2 Ray's Mart,-84.594429,33.651047,3820 Stonewall Tell Rd,,Atlanta,GA,30349,1415,FULTON
Sam's Supermarket,-84.594276,33.650757,3840 Stonewall Tell Rd,,Atlanta,GA,30349,1455,FULTON
Sky Mart,-84.489853,33.650826,3841 Washington Rd,,Atlanta,GA,30344,8049,FULTON
Exxon Gas Station,-84.366348,33.649353,3843 Jonesboro Rd SE,,Atlanta,GA,30354,3506,FULTON
12hours Food Mart,-84.402145,33.681606,387 Cleveland Ave Sw,Ste 2,Atlanta,GA,30315,8100,FULTON
Hill Street Shell,-84.379753,33.744404,387 Hill St SE,,Atlanta,GA,30312,2162,FULTON
LUCKIE STREET GROCERY,-84.396164,33.76516,388 Luckie St NW,,Atlanta,GA,30313,1723,FULTON
Washington Food Mart,-84.490242,33.649574,3887 Washington Rd,,Atlanta,GA,30344,6277,FULTON
Westside Farmers Market,-84.516777,33.696548,3935 Rux Rd SW,,Atlanta,GA,30331,5096,FULTON
Edgewood Foodmart Inc.,-84.374657,33.75465,400 Edgewood Ave SE,,Atlanta,GA,30312,1845,FULTON
FULTON BAY SEAFOOD,-84.519943,33.613117,4025 Roosevelt Hwy,,Atlanta,GA,30349,2609,FULTON
Happy Store Citgo,-84.520973,33.770161,4060 M L King Jr Dr SW,,Atlanta,GA,30336,1608,FULTON
Carniceria La Esperanza,-84.402412,33.655121,407A N Central Ave,,Atlanta,GA,30354,1602,FULTON
City Food Market,-84.402267,33.655674,417 N Central Ave,,Atlanta,GA,30354,1602,FULTON
Tienda Y Carniceria Santacruz,-84.402786,33.655334,421 N Central Ave,,Atlanta,GA,30354,1602,FULTON
Texaco NO,-84.491852,33.640274,4221 Washington Rd,,Atlanta,GA,30344,7003,FULTON
Publix 0718,-84.380997,33.871479,4279 Roswell Rd NE,Ste 300,Atlanta,GA,30342,,FULTON
Whole Foods Market 10206,-84.381287,33.839993,43 W Paces Ferry Rd NW,,Atlanta,GA,30305,1301,FULTON
Fulton Bp Inc,-84.529549,33.76601,4335 Fulton Industrial Blvd SW,,Atlanta,GA,30336,1926,FULTON
Roswell Chevron,-84.380615,33.873341,4341 Roswell Rd NE,,Atlanta,GA,30342,3315,FULTON
The Fresh Market 084,-84.38002,33.87534,4405 Roswell Rd,,Atlanta,GA,30342,3316,FULTON
Valero Food Mart,-84.533226,33.764683,4455 Fulton Industrial Blvd SW,,Atlanta,GA,30336,1900,FULTON
DOLLAR GENERAL 8143,-84.534348,33.696148,4465 Campbellton Rd SW,,Atlanta,GA,30331,6500,FULTON
Family Dollar 10677,-84.534691,33.696053,4472 Campbellton Rd SW,,Atlanta,GA,30331,6504,FULTON
448 QM LLC,-84.367744,33.742161,448 Boulevard SE,A SE,Atlanta,GA,30312,,FULTON
Shell Food Mart,-84.379417,33.877857,4499 Roswell Rd NE,,Atlanta,GA,30342,3316,FULTON
Shell Food Mart,-84.535675,33.696213,4511 Campbellton Rd SW,,Atlanta,GA,30331,6912,FULTON
Freedom Farmers' Market,-84.35585,33.768345,453 Freedom Pkwy NE,,Atlanta,GA,30307,1406,FULTON
Walgreens 10265,-84.379745,33.878521,4535 Roswell Rd NE,,Atlanta,GA,30342,3100,FULTON
Westside Growers Market,-84.41288,33.767212,460 James P Brawley Dr NW,,Atlanta,GA,30318,6802,FULTON
CVS Pharmacy 5411,-84.379822,33.880566,4600 Roswell Rd,,Atlanta,GA,30342,3047,FULTON
Bengal Green Enterprises,-84.480339,33.837826,4725 S Atlanta Road Se,Ste 105,Atlanta,GA,30339,1544,FULTON
Dollar General 21743,-84.546768,33.599247,4837 Roosevelt Hwy,,Atlanta,GA,30349,2419,FULTON
Circle K Shell,-84.371208,33.773952,486 Ponce de Leon Ave NE,,Atlanta,GA,30308,1836,FULTON
Chevron Food Mart,-84.474709,33.622726,4875 Old National Hwy,,Atlanta,GA,30337,6234,FULTON
Roosevelt Chevron,-84.54808,33.598476,4891 Roosevelt Hwy,,Atlanta,GA,30349,2419,FULTON
490 Fairburn Rd Llc 0,-84.510338,33.74091,490 Fairburn Rd SW,,Atlanta,GA,30331,8650,FULTON
Community Kitchen N Pantry,-84.404388,33.73632,490 Ralph David Abernathy Blvd SW,Unit D,Atlanta,GA,30312,,FULTON
Whitehall Shell,-84.403351,33.743397,490 Whitehall St SW,,Atlanta,GA,30303,3710,FULTON
Shell Food Mart,-84.475014,33.622086,4903 Old National Hwy,,Atlanta,GA,30337,6232,FULTON
Plaster Shell & Food,-84.372406,33.811756,496 Plasters Ave NE,,Atlanta,GA,30324,3913,FULTON
Roswell Food Mart,-84.38166,33.890308,4968 Roswell Rd,,Atlanta,GA,30342,2648,FULTON
24 Hour Food Mart,-84.388512,33.680897,5 Cleveland Ave SE,,Atlanta,GA,30315,8443,FULTON
Citgo Food Mart,-84.405304,33.657082,501 N Central Ave,,Atlanta,GA,30354,1603,FULTON
Valero Food Mart,-84.472466,33.618797,5022 Old National Hwy,,Atlanta,GA,30349,3258,FULTON
Lowery Food Mart,-84.417389,33.768593,507 Joseph E Lowery Blvd NW,,Atlanta,GA,30314,3205,FULTON
Chevron,-84.50959,33.738499,510 Fairburn Rd SW,Ste 100,Atlanta,GA,30331,2001,FULTON
Kansato Mart,-84.472725,33.614902,5157 Old National Hwy,,Atlanta,GA,30349,3217,FULTON
Ez Market,-84.41346,33.740879,516 Lee St SW,,Atlanta,GA,30310,1904,FULTON
Grant Park Market,-84.370827,33.746155,519 Memorial Dr Se,Unit A4,Atlanta,GA,30312,2288,FULTON
QuikTrip 1770,-84.550179,33.617863,5197 Mason Rd,,Atlanta,GA,30349,2543,FULTON
CVS Pharmacy 7336,-84.368126,33.740501,520 Boulevard SE,,Atlanta,GA,30312,3428,FULTON
Citgo Food Mart,-84.558937,33.708458,5225 Campbellton Rd Sw,Ste 200,Atlanta,GA,30331,7799,FULTON
Quick Pick Food Mart 0,-84.524857,33.611935,5245 Welcome All Rd SW,,Atlanta,GA,30349,2553,FULTON
Chevron Foodmart,-84.380989,33.899918,5300 Roswell Rd,,Atlanta,GA,30342,2444,FULTON
Sawaneh Imports Llc,-84.471954,33.606991,5459 Old National Hwy,,Atlanta,GA,30349,3205,FULTON
Chevron Food Mart,-84.407814,33.740013,556 Northside Dr SW,,Atlanta,GA,30310,2057,FULTON
Target 2333,-84.380203,33.906181,5570 Roswell Rd NE,,Atlanta,GA,30342,1102,FULTON
Jds Summerhill Variety Deli,-84.384247,33.739334,559 Martin St SE,,Atlanta,GA,30312,2935,FULTON
Family Dollar 6509,-84.417717,33.739532,565 Joseph E Lowery Blvd SW,,Atlanta,GA,30310,1400,FULTON
Super Giant Mart,-84.427238,33.600868,5658 Riverdale Rd,Ste M,Atlanta,GA,30349,7316,FULTON
Big A Food Mart,-84.433983,33.770641,568 Chappell Rd Nw,,Atlanta,GA,30318,8176,FULTON
Bakkal International Foods,-84.378876,33.910252,5690 Roswell Rd,Ste 100,Atlanta,GA,30342,1169,FULTON
QUIKTRIP 777,-84.574562,33.729385,5705 Fulton Industrial Blvd SW,,Atlanta,GA,30336,2718,FULTON
Publix Super Market 1825,-84.387733,33.739449,572 Hank Aaron Dr SE,,Atlanta,GA,30312,2896,FULTON
Chappell Road Inc,-84.433456,33.771118,575 Chappell Rd NW,,Atlanta,GA,30318,8175,FULTON
Caribbean Market,-84.468872,33.597572,5790 Old National Hwy,,Atlanta,GA,30349,3836,FULTON
CVS Pharmacy 4147,-84.577553,33.699219,5815 Campbellton Rd SW,,Atlanta,GA,30331,8046,FULTON
Publix Super Markets Inc 1718,-84.578171,33.699188,5829 Campbellton Rd SW,Ste 110,Atlanta,GA,30331,8046,FULTON
Lt New Orleans Seafood Market,-84.417755,33.739174,585 Joseph E Lowery Blvd SW,,Atlanta,GA,30310,1400,FULTON
Shell Food Mart,-84.379333,33.915443,5866 Roswell Rd,,Atlanta,GA,30328,4906,FULTON
KROGER 412,-84.433876,33.738651,590 Cascade Ave SW,,Atlanta,GA,30310,2467,FULTON
WHOLE FOODS MARKET 10136,-84.380775,33.917892,5930 Roswell Rd NE,,Atlanta,GA,30328,4908,FULTON
WALGREENS 6032,-84.381882,33.770218,595 Piedmont Ave NE,Ste 100,Atlanta,GA,30308,2480,FULTON
Exxon Food Mart,-84.582993,33.725689,5955 Fulton Industrial Blvd SW,,Atlanta,GA,30336,2722,FULTON
DollarTree 2230,-84.380775,33.917892,5966 Roswell Rd NE,,Atlanta,GA,30328,4908,FULTON
Bp Foodmart Corner,-84.378601,33.91877,5995 Roswell Rd,,Atlanta,GA,30328,4907,FULTON
North Avenue Food Mart,-84.371742,33.770969,605 Boulevard NE,,Atlanta,GA,30308,2751,FULTON
DollarTree 1400,-84.4701,33.590576,6055 Old National Hwy,Frnt,Atlanta,GA,30349,4481,FULTON
Market at 14th Shell,-84.407104,33.785873,608 14th St NW,,Atlanta,GA,30318,5406,FULTON
BP Gas Station,-84.389473,33.770653,610 Spring St NW,,Atlanta,GA,30308,2124,FULTON
Bp Old National,-84.469597,33.589287,6103 Old National Hwy,,Atlanta,GA,30349,4327,FULTON
Triple S 2022 Investment LLC,-84.469482,33.588444,6129 Old National Hwy,,Atlanta,GA,30349,4366,FULTON
NATURE'S OWN HERB SHOP 1,-84.408684,33.658356,628 S Central Ave,,Atlanta,GA,30354,1918,FULTON
QuikTrip 805,-84.408035,33.781414,630 10th St NW,,Atlanta,GA,30318,5518,FULTON
Grant Park Farmers Market,-84.368103,33.737091,630 Boulevard SE,,Atlanta,GA,30312,3556,FULTON
ALDI 76020,-84.380417,33.928211,6336C Roswell Rd,,Atlanta,GA,30328,3210,FULTON
Whitehall Exxon,-84.4086,33.74176,634 Whitehall St SW,,Atlanta,GA,30310,1922,FULTON
Los Pinos,-84.380417,33.928211,6342 Roswell Rd,,Atlanta,GA,30328,3210,FULTON
Costco Wholesale 0188,-84.35498,33.947426,6350 Peachtree Dunwoody Rd NE,,Atlanta,GA,30328,4527,FULTON
Family Dollar 8385,-84.472046,33.582527,6385 Old National Hwy,,Atlanta,GA,30349,4331,FULTON
Walton Food Mart,-84.390678,33.756222,64 Walton St NW,,Atlanta,GA,30303,2126,FULTON
Shahrzad,-84.379097,33.930759,6435 Roswell Rd,,Atlanta,GA,30328,3144,FULTON
Lowery Food Mart N/A,-84.417839,33.772362,644 Joseph E Lowery Blvd NW,,Atlanta,GA,30318,6600,FULTON
Citgo Food Mart,-84.410271,33.681602,655 Cleveland Ave SW,,Atlanta,GA,30315,7903,FULTON
PUBLIX 0468,-84.376785,33.93602,6615 Roswell Rd NE,,Atlanta,GA,30328,3103,FULTON
CVS PHARMACY 3878,-84.364792,33.773369,680 Ponce de Leon Ave NE,,Atlanta,GA,30308,1808,FULTON
Big Bear Supermarket,-84.417763,33.736698,683 Joseph E Lowery Blvd SW,,Atlanta,GA,30310,1819,FULTON
Clifton Station Inc,-84.614922,33.692059,6890 Campbellton Rd SW,,Atlanta,GA,30331,,FULTON
Bp Food Mart,-84.410759,33.772827,720 Donald Lee Hollowell Pkwy NW,,Atlanta,GA,30318,6702,FULTON
Kroger 695,-84.363266,33.773674,725 Ponce de Leon Ave NE,,Atlanta,GA,30306,4300,FULTON
Gas Express LLC dba Circle K 222,-84.364845,33.954849,7320 Roswell Rd,,Atlanta,GA,30328,1422,FULTON
North Springs,-84.364365,33.9548,7325 Roswell Rd,,Atlanta,GA,30328,1421,FULTON
Shoppers Supermarket,-84.411499,33.763489,735 Joseph E Boone Blvd NW,,Atlanta,GA,30314,3835,FULTON
CVS PHARMACY 7974,-84.364044,33.956028,7355 Roswell Rd NE,,Atlanta,GA,30328,1044,FULTON
Northside Food Mart,-84.402557,33.752693,74 Northside Dr SW,,Atlanta,GA,30313,1402,FULTON
Hapeville Mart,-84.413536,33.661961,751 N Central Ave,,Atlanta,GA,30354,1934,FULTON
Walgreens 6204,-84.365555,33.960152,7530 Roswell Rd,,Atlanta,GA,30350,4837,FULTON
BP Food Mart,-84.41407,33.681858,757 Cleveland Ave SW,,Atlanta,GA,30315,7245,FULTON
QUIKTRIP 744,-84.362534,33.825684,761 Sidney Marcus Blvd NE,,Atlanta,GA,30324,3120,FULTON
Food N Fun,-84.41449,33.733585,785 Lee St SW,,Atlanta,GA,30310,2762,FULTON
Cascade Food Mart,-84.437553,33.733845,787 Cascade Ave SW,,Atlanta,GA,30310,2457,FULTON
QUIKTRIP 711,-84.357643,33.973038,7884 Roswell Rd,,Atlanta,GA,30350,4858,FULTON
Nature's Candy Farms NAFMNP,-84.625977,33.656521,795 Miller Run,,Atlanta,GA,30349,7916,FULTON
24/7 Food Mart,-84.388397,33.681358,8 Cleveland Ave SE,,Atlanta,GA,30315,8459,FULTON
Kroger 672,-84.360962,33.74033,800 Glenwood Ave SE,,Atlanta,GA,30316,1814,FULTON
Tech Shop & Run,-84.405762,33.773811,800 Marietta St Nw,Ste D,Atlanta,GA,30318,,FULTON
Conley Food Mart,-84.36338,33.648373,807 Conley Rd SE,,Atlanta,GA,30354,3503,FULTON
BUY LOW SUPERMARKET,-84.474091,33.777374,820 James Jackson Pkwy NW,,Atlanta,GA,30318,4541,FULTON
QUIKTRIP 730,-84.343651,33.990517,8200 Dunwoody Pl,,Atlanta,GA,30350,3301,FULTON
Family Dollar 6501,-84.414246,33.772831,824 Donald Lee Hollowell Pkwy NW,,Atlanta,GA,30318,8402,FULTON
Pyramid,-84.401726,33.7323,825 McDaniel St SW,Ste A,Atlanta,GA,30310,3032,FULTON
Fountain Of Hope 1,-84.451469,33.777725,829 Hollywood Rd Nw,,Atlanta,GA,30318,4769,FULTON
Chevron,-84.349548,33.981113,8295 Roswell Rd,,Atlanta,GA,30350,2807,FULTON
Roswell Exxon,-84.349609,33.98193,8325 Roswell Rd,,Atlanta,GA,30350,2810,FULTON
Walmart 7601,-84.413589,33.755825,835 Martin Luther King Jr Dr NW,,Atlanta,GA,30314,3644,FULTON
Discount Mart Llc,-84.414154,33.732857,837 Lee St SW,Ste C,Atlanta,GA,30310,2745,FULTON
Exxon Food Mart 1,-84.358887,33.708763,840 McDonough Blvd SE,,Atlanta,GA,30315,5519,FULTON
CVS Pharmacy 2943,-84.384407,33.777534,842 Peachtree St NE,,Atlanta,GA,30308,1202,FULTON
C & S MEAT CO,-84.364037,33.727516,855 United Ave SE,,Atlanta,GA,30312,3799,FULTON
DollarTree 2323,-84.353249,33.990597,8610 Roswell Rd,Ste 800,Atlanta,GA,30350,1823,FULTON
His Promise Supermarket,-84.351791,33.990948,8610 Roswell Rd,Ste 550,Atlanta,GA,30350,1823,FULTON
CVS Pharmacy 4604,-84.352753,33.778172,865 N Highland Ave NE,,Atlanta,GA,30306,4565,FULTON
BP Convenience Store,-84.350044,33.997349,8763 Roswell Rd,,Atlanta,GA,30350,1842,FULTON
Dollar General 19083,-84.350655,33.997616,8775 Roswell Rd,,Atlanta,GA,30350,1842,FULTON
Texaco Food Mart,-84.349541,33.996613,8779 Dunwoody Pl,,Atlanta,GA,30350,2976,FULTON
Norwood Food Mart,-84.360832,33.696968,878 Norwood Rd SE,,Atlanta,GA,30315,6822,FULTON
Dollar General 21822,-84.383865,33.778656,881 Peachtree St NE,,Atlanta,GA,30309,3910,FULTON
Chevron Food Mart,-84.418236,33.681137,890 Cleveland Ave,,Atlanta,GA,30344,2927,FULTON
CVS Pharmacy 4178,-84.417145,33.738102,895 Ralph David Abernathy Blvd SW,,Atlanta,GA,30310,1800,FULTON
Bankhead Shell,-84.416847,33.772697,902 Donald Lee Hollowell Pkwy NW,,Atlanta,GA,30318,6606,FULTON
Patchwork City Farms,-84.431526,33.730774,902 Pinehurst Ter SW,,Atlanta,GA,30310,3216,FULTON
Publix 1647,-84.356743,33.746536,905 Memorial Dr SE,,Atlanta,GA,30316,1434,FULTON
Trader Joe's 730,-84.36763,33.77993,931 Monroe Dr NE,,Atlanta,GA,30308,1793,FULTON
Retaaza 1,-84.418808,33.775246,970 Jefferson St NW,,Atlanta,GA,30318,5498,FULTON
The MARTA Markets,-84.418808,33.775246,970 Jefferson St NW,,Atlanta,GA,30318,5498,FULTON
Food Mart,-84.421188,33.659065,971 Virginia Ave,,Atlanta,GA,30354,1339,FULTON
Oakland City Food Mart,-84.426895,33.728275,976 Oakland Dr SW,,Atlanta,GA,30310,3325,FULTON
Petro Atlanta 0322,-84.495712,33.7827,I-285 Exit 12,Donald Lee Hollowell Hwy,Atlanta,GA,30318,,FULTON
Walmart SUPERCENTER 3401,-84.469193,33.587353,6149 OLD NATIONAL HWY,,COLLEGE PARK,GA,30349,,FULTON
El Progreso # 2,-84.445549,33.667202,1720 Vesta Ave,,College Park,GA,30337,1209,FULTON
RaceTrac 2324,-84.464432,33.64925,2250 Camp Creek Pkwy,,College Park,GA,30337,,FULTON
Discount Food Mart,-84.476158,33.615398,2668 Godby Rd,,College Park,GA,30349,3170,FULTON
Stop & Shop Food Mart,-84.444748,33.66724,3257 N Main Street,,College Park,GA,30337,,FULTON
4410 Roosevelt Amoco,-84.532875,33.606945,4410 Roosevelt Hwy,,College Park,GA,30349,2518,FULTON
Dollar General 15425,-84.474144,33.621994,4894 Old National Hwy,,College Park,GA,30337,6233,FULTON
Chevron Food Mart,-84.472412,33.616013,5110 Old National Hwy,,College Park,GA,30349,,FULTON
Touba Int'l Tropical Market 2,-84.471809,33.604694,5540 Old National Hwy,,College Park,GA,30349,3266,FULTON
KROGER 471,-84.468803,33.58989,6055 Old National Hwy,,College Park,GA,30349,4325,FULTON
Murphy USA 7413,-84.469749,33.58736,6135 Old National Hwy,Ste 1,College Park,GA,30349,,FULTON
QUIKTRIP 774,-84.160881,34.021145,3195 PEACHTREE IND BLVD,,DULUTH,GA,30097,,FULTON
WHOLE FOODS MARKET 10215,-84.184059,34.013817,5945 STATE BRIDGE RD,,DULUTH,GA,30097,,FULTON
Target Store T-749,-84.1866,34.015358,5950 STATE BRIDGE RD,,DULUTH,GA,30097,,FULTON
Medlock Bridge Bp,-84.17675,34.048069,10965 Medlock Bridge Rd,,Duluth,GA,30097,1529,FULTON
Indiaco,-84.171181,34.066898,11720 Medlock Bridge Rd,Ste 545,Duluth,GA,30097,3511,FULTON
Lidl 1428,-84.128098,34.02137,2330 Peachtree Industrial Blvd,,Duluth,GA,30097,,FULTON
DollarTree 3220,-84.186264,34.017071,5805 State Bridge Rd,Ste 300,Duluth,GA,30097,2404,FULTON
Walgreens 7395,-84.171257,34.065426,6410 W Johns Xing,,Duluth,GA,30097,1507,FULTON
Dollar General 12311,-84.476753,33.659107,3492 Washington Rd,,EAST POINT,GA,30344,,FULTON
Walmart Supercenter 6998,-84.417442,33.68132,844 CLEVELAND AVE,,EAST POINT,GA,30344,2907,FULTON
WAYFIELD FOODS 18,-84.4543,33.688068,2020 Headland Dr,,East Point,GA,30344,2135,FULTON
Latino Food Mart,-84.457863,33.689682,2119 Headland Dr,,East Point,GA,30344,2136,FULTON
Family Dollar 11696,-84.442757,33.672592,3031 Main St,,East Point,GA,30344,4211,FULTON
BP Food Shop,-84.459244,33.671787,3067 Washington Rd,,East Point,GA,30344,4565,FULTON
Race Trac 587,-84.505013,33.65419,3503 Camp Creek Pkwy,,East Point,GA,30344,,FULTON
Target Store T-1546,-84.501991,33.657879,3660 Marketplace Blvd,,East Point,GA,30344,5738,FULTON
DollarTree 3403,-84.501846,33.657639,3668 Marketplace Blvd,,East Point,GA,30344,5737,FULTON
CHEVRON FOOD MART,-84.489136,33.651451,3816 Washington Rd,,East Point,GA,30344,6202,FULTON
Family Dollar 11615,-84.491112,33.640339,4226 Washington Rd,,East Point,GA,30344,7004,FULTON
Murphy Express 8759,-84.417168,33.681004,864 Cleveland Ave,,East Point,GA,30344,,FULTON
PUBLIX 1183,-84.611794,33.611748,5370 CAMPBELLTON FAIRBURN RD,,FAIRBURN,GA,30213,,FULTON
Family Dollar 499,-84.578735,33.568398,100 W Broad St,,Fairburn,GA,30213,13ND,FULTON
Sereena Businesses Inc,-84.575546,33.569832,216 NW Broad St,,Fairburn,GA,30213,4106,FULTON
KA11,-84.465981,33.551147,2275 Jonesboro Rd,,Fairburn,GA,30213,3241,FULTON
Dollar General 14282,-84.505463,33.558533,3565 Jonesboro Rd,,Fairburn,GA,30213,,FULTON
3939 Food Inc,-84.671196,33.650085,3939 Cascade Palmetto Hwy,,Fairburn,GA,30213,1856,FULTON
Citgo Food Mart,-84.671722,33.617813,5100 Cascade Palmetto Hwy,,Fairburn,GA,30213,1834,FULTON
Sunoco,-84.580139,33.568031,52 NW Broad St,,Fairburn,GA,30213,1483,FULTON
Fairburn Chevron,-84.613144,33.614395,5270 Highway 92,,Fairburn,GA,30213,2018,FULTON
Cedar Grove Shell,-84.639648,33.594261,6015 Lynmark Way,,Fairburn,GA,30213,4391,FULTON
Fairburn Chevron,-84.57814,33.548691,627 Senoia Rd,,Fairburn,GA,30213,1643,FULTON
CVS Pharmacy 4709,-84.582664,33.565628,77 SW Broad St,,Fairburn,GA,30213,1339,FULTON
Shell Food Mart,-84.567322,33.544922,7745 Spence Rd,,Fairburn,GA,30213,2948,FULTON
Race Trac 415,-84.577103,33.542191,7845 Senoia Rd,,Fairburn,GA,30213,2854,FULTON
Quiktrip 825,-84.577103,33.538219,7975 Senoia Rd,,Fairburn,GA,30213,2863,FULTON
Food Depot 30,-84.579353,33.568005,80 W Broad St,,Fairburn,GA,30213,1483,FULTON
Hamb Ridge Farm NAFMNP,-84.652596,33.628971,8190 Ridge Rd,,Fairburn,GA,30213,1965,FULTON
Family Dollar 11634,-84.575958,33.528728,8370 Senoia Rd,,Fairburn,GA,30213,4222,FULTON
Chevron Food Mart,-84.575287,33.528824,8390 Senoia Rd,Ste B,Fairburn,GA,30213,4700,FULTON
La Placita Mexico Market,-84.575996,33.527206,8420 Senoia Rd,Ste 101,Fairburn,GA,30213,3560,FULTON
Cedar Grove Valero 0,-84.669769,33.61694,8700 Cedar Grove Rd,,Fairburn,GA,30213,2382,FULTON
Jones Cattle 1,-84.67907,33.616112,9004 Cedar Grove Rd,,Fairburn,GA,30213,1812,FULTON
Race Trac 2507,-84.428215,33.658913,1180 Virginia Ave,,Hapeville,GA,30344,,FULTON
HAPEVILLE FOOD MART,-84.398941,33.653931,315 N Central Ave,,Hapeville,GA,30354,1601,FULTON
Family Dollar 5059,-84.408081,33.663979,3310 Dogwood Dr,,Hapeville,GA,30354,1440,FULTON
Aldi 76026,-84.222389,34.047268,10955 Jones Bridge Rd,,John's Creek,GA,30022,,FULTON
Trader Joe's 806,-84.162224,34.064999,1000 Medley Boulevard,,Johns Creek,GA,30097,,FULTON
SUPER H MART,-84.176605,34.046101,10820 Abbotts Bridge Rd,,Johns Creek,GA,30097,5793,FULTON
Publix 515,-84.213768,34.063725,11585 Jones Bridge Rd,Ste 500,Johns Creek,GA,30022,8173,FULTON
Publix 469,-84.269852,34.022057,9925 Haynes Bridge Rd,,Johns Creek,GA,30022,,FULTON
European Deli,-84.201813,34.074677,11950 Jones Bridge Rd.,S-114b,Jones Creek,GA,30005,,FULTON
Target 2431,-84.268684,34.099129,13055 Highway 9 N,,Milton,GA,30004,5137,FULTON
CVS PHARMACY 2945,-84.270081,34.118996,13933 Alpharetta Hwy,,Milton,GA,30004,,FULTON
PUBLIX 0722,-84.260735,33.968304,7736 Spalding Dr,,Norcross,GA,30092,4207,FULTON
Dollar General 23998,-83.866196,34.229843,3640 Mundy Mill Rd,Ste 124,Oakwood,GA,30309,,FULTON
Palmetto Food & Fuel,-84.667778,33.516903,204 Fayetteville Rd,,Palmetto,GA,30268,1339,FULTON
Shell Food Mart,-84.663429,33.529102,400 Carlton Rd,Ste B,Palmetto,GA,30268,8101,FULTON
BRADLEY'S BIG BUY INC,-84.668915,33.519527,506 Center St,,Palmetto,GA,30268,1002,FULTON
DOLLAR GENERAL 1492,-84.667885,33.520107,592 Main St,,Palmetto,GA,30268,1237,FULTON
Flash Foods LLC 2745162,-84.660194,33.528564,9140 Roosevelt Hwy,,Palmetto,GA,30268,1848,FULTON
Family Dollar 5675,-84.659866,33.528763,9145B Roosevelt Hwy,,Palmetto,GA,30268,1849,FULTON
JP Palmetto 264,-84.662331,33.528664,9165 Roosevelt Hwy,,Palmetto,GA,30268,,FULTON
PUBLIX 0086,-84.42318,34.027328,4401 SHALLOWFORD RD,,ROSWELL,GA,30075,,FULTON
Family Dollar 1725,-84.501289,33.623177,3435 Roosevelt Hwy,Ste C,Red Oak,GA,30272,2312,FULTON
SUPER MERCADO JALISCO 6,-84.34687,34.034538,10390 Alpharetta St,Ste 120,Roswell,GA,30075,3745,FULTON
Quick Mart,-84.341721,34.04089,10761 Alpharetta Hwy,,Roswell,GA,30076,1424,FULTON
Sprouts Farmers Market 520,-84.340897,34.043816,10800 Alpharetta Hwy,Ste C-410,Roswell,GA,30076,,FULTON
Carniceria San Miguel,-84.328926,34.023075,1085 Holcomb Bridge Rd,Ste 210,Roswell,GA,30076,1991,FULTON
Crabapple Food Mart,-84.361679,34.04784,10980 Crabapple Rd,,Roswell,GA,30075,3033,FULTON
Holcomb Shell #508,-84.326889,34.022221,1100 Holcomb Bridge Rd,,Roswell,GA,30076,1902,FULTON
San Miguel #3,-84.32901,34.05418,11235 Alpharetta Hwy,Ste 103,Roswell,GA,30076,1461,FULTON
The Fresh Market 217,-84.395638,34.062599,1125 Woodstock Rd,Ste 400,Roswell,GA,30075,2293,FULTON
Target Store 1761,-84.397606,34.062138,1135 Woodstock Rd,,Roswell,GA,30075,2231,FULTON
Racetrac 2598,-84.323517,34.061398,11515 Alpharetta Hwy,,Roswell,GA,30076,3865,FULTON
Hook'd Up Seafood,-84.320526,34.065685,11706 Alpharetta Hwy,Ste 100,Roswell,GA,30076,5714,FULTON
CVS Pharmacy 2227,-84.319534,34.065628,11710 Alpharetta Hwy,,Roswell,GA,30076,3807,FULTON
CVS 2178,-84.360931,34.075722,12070 Crabapple Rd,,Roswell,GA,30075,2422,FULTON
Mid East Grocery & Bakery Store,-84.341331,34.031322,1255 Grimes Bridge Rd,Ste K,Roswell,GA,30075,3940,FULTON
CVS PHARMACY 2965,-84.401779,34.061863,1380 Woodstock Rd,,Roswell,GA,30075,2141,FULTON
PUBLIX 1043,-84.321182,34.018024,1425 Market Blvd,Ste 600,Roswell,GA,30076,6711,FULTON
DollarTree 9726,-84.309631,34.016941,1580 Holcomb Bridge Rd,,Roswell,GA,30076,2289,FULTON
QuikTrip 803,-84.360291,34.048275,20 E Crossville Rd,,Roswell,GA,30075,5844,FULTON
KROGER 441,-84.294052,34.003502,2300 Holcomb Bridge Rd,,Roswell,GA,30076,3481,FULTON
Circle K 2704721,-84.353302,34.077732,280 Rucker Rd,,Roswell,GA,30075,,FULTON
DollarTree 4772,-84.421257,34.062374,4651 Woodstock Rd,Ste 304,Roswell,GA,30075,,FULTON
Publix 0825,-84.42382,34.064892,4750 Old Alabama Rd NE,Ste 107,Roswell,GA,30075,,FULTON
KROGER 431,-84.346024,34.037987,570 E Crossville Rd,,Roswell,GA,30075,3034,FULTON
ALDI 76016,-84.347244,34.038189,600 Mansell Rd,,Roswell,GA,30075,,FULTON
DollarTree 1795,-84.342148,34.034954,608 Holcomb Bridge Rd,Ste 200,Roswell,GA,30076,1588,FULTON
Trader Joe's 733,-84.379669,34.059391,635 W Crossville Rd,,Roswell,GA,30075,2500,FULTON
Dollar General 30920,-84.342888,34.033588,653 Holcomb Bridge Rd,,Roswell,GA,30076,1511,FULTON
Lidl 1420,-84.339745,34.033245,690 Holcomb Bridge Rd,,Roswell,GA,30076,,FULTON
Walgreens 5605,-84.382721,34.059097,695 W Crossville Rd,,Roswell,GA,30075,2500,FULTON
Los Amigos Carniceria Y Abarrotes,-84.337532,34.02943,861 Holcomb Bridge Rd,Ste 110,Roswell,GA,30076,1900,FULTON
Publix 626,-84.3853,34.060146,885 Woodstock Rd,Ste 100,Roswell,GA,30075,2276,FULTON
CVS Pharmacy 3125,-84.335747,34.028469,895 Holcomb Bridge Rd,,Roswell,GA,30076,1954,FULTON
Kroger 497,-84.389359,34.005527,900 Marietta Hwy,,Roswell,GA,30075,4733,FULTON
Walmart Supercenter 1578,-84.333221,34.042866,970 Mansell Rd,,Roswell,GA,30076,1506,FULTON
KROGER 467,-84.381927,33.921486,227 SANDY SPRINGS PL,,SANDY SPRINGS,GA,30328,,FULTON
TRADER JOE'S SANDY SPRINGS (SOUTH) 799,-84.380997,33.879696,4600 Rosewell Rd. Building A,10,SANDY SPRINGS,GA,30342,,FULTON
North Side Store 515,-84.433411,33.907761,5640 Northside Drive,,Sandy Spring,GA,30328,,FULTON
Publix 647,-84.351845,33.918968,1100 Hammond Dr,Ste 300,Sandy Springs,GA,30328,8153,FULTON
La Escondida,-84.382172,33.911186,120 Northwood Dr,Ste 120,Sandy Springs,GA,30342,,FULTON
ROSWELL FOOD MART,-84.378708,33.908615,5645 Roswell Rd,,Sandy Springs,GA,30342,1116,FULTON
Trader Joe's 731,-84.379036,33.92659,6277 Roswell Rd NE,,Sandy Springs,GA,30328,3207,FULTON
CVS Pharmacy 4504,-84.379181,33.927414,6330 Roswell Rd NE,,Sandy Springs,GA,30328,3210,FULTON
Gas Express LLC dba Circle K 165,-84.507545,33.583103,3601 Flat Shoals Rd,,Union City,GA,30291,,FULTON
Flatshoals Bp,-84.515175,33.586361,3805 Flat Shoals Rd,,Union City,GA,30291,1586,FULTON
Chevron Foodmart,-84.515984,33.585632,3850 Flat Shoals Rd,,Union City,GA,30291,1585,FULTON
CVS Pharmacy 5725,-84.518471,33.563198,3940 Jonesboro Rd,,Union City,GA,30291,2258,FULTON
Family Dollar 11580,-84.518669,33.587067,3985 Flat Shoals Rd,,Union City,GA,30291,1588,FULTON
Jingles Food Mart Inc,-84.516388,33.560871,3985 Jonesboro Rd,,Union City,GA,30291,2259,FULTON
Race Trac 110,-84.526833,33.567966,4255 Jonesboro Rd,,Union City,GA,30291,2267,FULTON
Bp Food Mart,-84.531479,33.566643,4350 Jonesboro Rd,,Union City,GA,30291,2002,FULTON
Chevron Food Mart,-84.536034,33.567177,4520 Jonesboro Rd,,Union City,GA,30291,2006,FULTON
KROGER 247,-84.537224,33.567932,4550 Jonesboro Rd,,Union City,GA,30291,2050,FULTON
Shell Food Mart,-84.535675,33.56789,4597 Jonesboro Rd,,Union City,GA,30291,2005,FULTON
WALGREEN 9630,-84.540001,33.568821,4617 Jonesboro Rd,,Union City,GA,30291,2048,FULTON
Marathon Food Mart,-84.540588,33.584263,4641A Flat Shoals Rd,,Union City,GA,30291,1501,FULTON
ALDI 76117,-84.541451,33.569241,4670 Jonesboro Rd,,Union City,GA,30291,2065,FULTON
Walmart Supercenter 855,-84.542244,33.569618,4735 Jonesboro Rd,,Union City,GA,30291,1915,FULTON
DollarTree 318,-84.542297,33.569527,4740 Jonesboro Rd,Ste B,Union City,GA,30291,1957,FULTON
QuikTrip 763,-84.542656,33.569756,4745 Jonesboro Rd,,Union City,GA,30291,1915,FULTON
Lollymart African Caribbean Store,-84.544441,33.569855,4780 Jonesboro Rd,Ste D,Union City,GA,30291,7204,FULTON
Bp Food Mart,-84.549652,33.594154,4957 Highpoint Rd,,Union City,GA,30291,1113,FULTON
Niknak Citgo Llc,-84.549347,33.594563,5000 Roosevelt Hwy,,Union City,GA,30291,1126,FULTON
Shell Food Mart,-84.549507,33.594139,5022 Roosevelt Hwy,,Union City,GA,30291,,FULTON
Union Market 5036,-84.551773,33.578564,5036 Union St,Ste A,Union City,GA,30291,1456,FULTON
Dollar General 9725,-84.560417,33.577084,6641 Roosevelt Hwy,,Union City,GA,30291,1628,FULTON
Exxon,-84.561104,33.576736,6687 Roosevelt Hwy,,Union City,GA,30291,1628,FULTON
BP FOOD SHOP,-84.562576,33.576042,6725 Roosevelt Hwy,,Union City,GA,30291,1638,FULTON
Food For Life Farm NAFMNP,-84.453812,33.75304,2075 Penelople St,,Washington,GA,30314,,FULTON
INGLES MARKETS 409,-84.466278,34.686226,100 Old Orchard Sq,,East Ellijay,GA,30540,8172,GILMER
FOOD LION 907,-84.475578,34.683949,130 Fowler St,,East Ellijay,GA,30540,8210,GILMER
Parkway Conoco,-84.472656,34.684696,15 E Oak St,,East Ellijay,GA,30540,8150,GILMER
Walgreens 17697,-84.473022,34.684002,192 1st Ave,,East Ellijay,GA,30540,8101,GILMER
Tienda El Quetzal 1,-84.482635,34.678284,772 Maddox Dr,Ste 105,East Ellijay,GA,30540,8195,GILMER
Murphy USA 6887,-84.489754,34.657715,132 Highland Xing,,Ellijay,GA,30540,6058,GILMER
North Georgia Meat Company Inc,-84.575424,34.698807,191 Pine Mountain Ln,,Ellijay,GA,30540,2975,GILMER
Carniceria Y Tienda La Mexicana Inc.,-84.484459,34.685463,1929 Progress Rd,,Ellijay,GA,30540,3724,GILMER
Green Country Store,-84.508072,34.641472,2028 Old Highway 5 S,,Ellijay,GA,30540,5965,GILMER
Orchard Junction,-84.515732,34.703014,2138 Tails Creek Rd,,Ellijay,GA,30540,3515,GILMER
One Stop Walkers Corner,-84.457558,34.680569,2179 Highway 52 E,,Ellijay,GA,30536,4847,GILMER
ALDI 76146,-84.489426,34.657974,24 W Highlands Dr,,Ellijay,GA,30540,7716,GILMER
Dollar General 24938,-84.471443,34.643509,2452 Yukon Rd,,Ellijay,GA,30536,6115,GILMER
Dollar General 23495,-84.615486,34.690414,28 Tails Creek Church Rd,,Ellijay,GA,30540,,GILMER
Dollar General 12140,-84.408745,34.652664,30 Big Creek Rd,,Ellijay,GA,30536,4854,GILMER
Dollar General 12628,-84.509171,34.726673,3067 Chatsworth Hwy,,Ellijay,GA,30540,1742,GILMER
New Hope Grocery,-84.508774,34.727932,3140 Chatsworth Hwy,,Ellijay,GA,30540,1084,GILMER
Wild Rowan Farms NAFMNP,-84.477501,34.6637,322 Fred Beasley Rd,,Ellijay,GA,30536,6181,GILMER
DOLLAR GENERAL 11129,-84.513184,34.640846,341 Highway 382 W,,Ellijay,GA,30540,6362,GILMER
Ellijay Mini Mart,-84.463524,34.604984,5185 Yukon Rd,,Ellijay,GA,30536,3601,GILMER
DOLLAR GENERAL 3583,-84.484589,34.679844,580 Maddox Dr,,Ellijay,GA,30540,5514,GILMER
CVS PHARMACY 7736,-84.493584,34.658253,601 Howard Simmons Rd,,Ellijay,GA,30540,6450,GILMER
Rebels Food Mart,-84.573265,34.69796,6285 Tails Creek Rd,,Ellijay,GA,30540,2997,GILMER
San Rafael,-84.49041,34.688267,631 S Main St,,Ellijay,GA,30540,3278,GILMER
Walmart SUPERCENTER 1070,-84.489861,34.658241,88 Highland Xing,,Ellijay,GA,30540,6052,GILMER
Antigua Guatemala 1,-84.484261,34.679272,9 Russell Dr,Ste 202,Ellijay,GA,30540,5573,GILMER
DollarTree 2783,-84.488434,34.658482,91 Highland Dr,Ste 105,Ellijay,GA,30540,6279,GILMER
Holt's Mini Mart n/a,-84.479065,34.685001,920 Industrial Blvd,,Ellijay,GA,30540,3703,GILMER
Ellijay Bp,-84.493111,34.684269,990 S Main St,,Ellijay,GA,30540,3605,GILMER
Hometown Market & Meats,-82.595406,33.235233,115 Warren St,,Gibson,GA,30810,4044,GLASCOCK
Dollar General 12045,-82.595352,33.234913,116 Warren St,,Gibson,GA,30810,4045,GLASCOCK
Family Dollar 13815,-82.592712,33.233097,172 E Main St,,Gibson,GA,30810,3610,GLASCOCK
Jet Food Store 30,-82.594185,33.233372,98 E Main St,,Gibson,GA,30810,3606,GLASCOCK
Walmart 639,-81.48555,31.212791,150 ALTAMA CONNECTOR,,BRUNSWICK,GA,31525,,GLYNN
Winn Dixie 159,-81.527267,31.22575,5420 NEW JESUP HWY,,BRUNSWICK,GA,31525,,GLYNN
Walgreens 10266,-81.475632,31.161713,1 Torras Ave,,Brunswick,GA,31520,,GLYNN
Brunswick Bazaar And Farmer's Market,-81.49868,31.149637,10 F St,,Brunswick,GA,31520,6701,GLYNN
Family Dollar 7977,-81.586494,31.141977,100 Hyde Park Cmns,,Brunswick,GA,31523,6600,GLYNN
Solar 108,-81.494736,31.142654,1008 Bay St,,Brunswick,GA,31520,7501,GLYNN
Circle K 2707346,-81.560165,31.263325,101 McKenzie Dr,,Brunswick,GA,31525,,GLYNN
Sam's Club 7658,-81.495926,31.231586,10100 Canal Xing,,Brunswick,GA,31525,,GLYNN
Shucks Seafood Market,-81.481506,31.214924,107 Altama Connector,,Brunswick,GA,31525,1881,GLYNN
Southeastern Seafood,-81.51152,31.204554,107 Speedy Tostensen Blvd,,Brunswick,GA,31520,3149,GLYNN
Walmart Neighborhood Market 2840,-81.486664,31.192661,11 Glynn Plz,,Brunswick,GA,31520,3641,GLYNN
SOUTHLAND MARKET,-81.493851,31.159737,1103 L St,,Brunswick,GA,31520,8722,GLYNN
Mi Tierra Mexican Store,-81.506798,31.199867,116 Old Jesup Rd,,Brunswick,GA,31520,1745,GLYNN
Dollar General 30532,-81.603928,31.168722,118 Ratcliffe Rd,,Brunswick,GA,31523,7421,GLYNN
Flash Foods LLC 274255,-81.572342,31.135923,127 Flash Foods Dr,,Brunswick,GA,31523,7793,GLYNN
Downtown Grocery,-81.489365,31.15066,1300 Gloucester St,,Brunswick,GA,31520,7056,GLYNN
Om Foods,-81.508705,31.225201,1306 Old Jesup Rd,,Brunswick,GA,31520,1325,GLYNN
Murphy USA 7753,-81.484741,31.215067,136 Altama Connector,,Brunswick,GA,31525,2203,GLYNN
Rani 830 Llc,-81.488472,31.150965,1409 Gloucester St,,Brunswick,GA,31520,7059,GLYNN
Quick Stop,-81.487701,31.15118,1505 Gloucester St,,Brunswick,GA,31520,7144,GLYNN
CITY MARKET INC,-81.487396,31.151182,1508 Gloucester St,,Brunswick,GA,31520,7143,GLYNN
Dixville Food Store,-81.484833,31.144541,1509 London St,,Brunswick,GA,31520,7731,GLYNN
Agape Assembly Ministries,-81.496223,31.17639,1514 4th St,,Brunswick,GA,31520,3311,GLYNN
Flash Foods LLC 2745131,-81.503502,31.245735,160 Millennium Blvd,,Brunswick,GA,31525,8903,GLYNN
In & Out Mini Mart,-81.490128,31.160923,1603 L St,,Brunswick,GA,31520,5624,GLYNN
Marathon Food Mart 1,-81.504028,31.246675,161 Millennium Blvd,,Brunswick,GA,31525,8904,GLYNN
Adams Meat Market,-81.492348,31.153105,1700 Norwich St,,Brunswick,GA,31520,6449,GLYNN
PUBLIX 431,-81.482178,31.213474,171 Village at Glynn Pl,Ste 100,Brunswick,GA,31525,1988,GLYNN
HARPER/BURGESS SEAFOOD,-81.492043,31.168762,1710 R St,,Brunswick,GA,31520,4942,GLYNN
El Puerto Azecta,-81.493034,31.154261,1805 1/2 Norwich St,,Brunswick,GA,31520,6452,GLYNN
TA Brunswick 258,-81.580673,31.138491,185 Dungeness Dr,,Brunswick,GA,31523,7778,GLYNN
ALDI 76190,-81.479507,31.158453,1919 Glynn Ave,Ste 100,Brunswick,GA,31520,6169,GLYNN
DollarTree 4699,-81.478172,31.159044,1919 Glynn Ave,,Brunswick,GA,31520,,GLYNN
Tortilleria Y Panaderia El Manantial 2,-81.493614,31.15653,1922 Norwich St,,Brunswick,GA,31520,6265,GLYNN
Family Grocery,-81.49012,31.157707,1930 Mlk Jr Blvd,,Brunswick,GA,31520,5923,GLYNN
DOLLAR GENERAL 14387,-81.457741,31.227318,20 Higginbotham Rd,,Brunswick,GA,31525,4854,GLYNN
Target Store T-2301,-81.4804,31.200945,200 Glynn Isle,,Brunswick,GA,31525,2929,GLYNN
Jackie's Seafood Market,-81.490814,31.173594,2000 Parkwood Dr,,Brunswick,GA,31520,4700,GLYNN
Parker's Cate,-81.512604,31.24703,2051 Perry Lane Rd,,Brunswick,GA,31525,9719,GLYNN
DollarTree 1154,-81.493469,31.215921,207 Golden Isles Plz,,Brunswick,GA,31520,1949,GLYNN
Dollar General 8474,-81.511162,31.246878,2135 Perry Lane Rd,,Brunswick,GA,31525,9725,GLYNN
KJ Grocery Store,-81.495186,31.161133,2308 Norwich St,,Brunswick,GA,31520,5535,GLYNN
DollarTree 6990,-81.50795,31.246033,2360 Perry Lane Rd,,Brunswick,GA,31525,9748,GLYNN
Friendly Express 54,-81.480171,31.153643,2401 Gloucester St,,Brunswick,GA,31520,6916,GLYNN
DOLLAR GENERAL 1531,-81.539589,31.23731,25 Cornerstone Ln,,Brunswick,GA,31523,4224,GLYNN
Parker's Causeway 212,-81.47583,31.16214,25 Torras Ave,,Brunswick,GA,31520,6101,GLYNN
Tropical Island Meat & Grocery,-81.496361,31.163614,2500 Norwich St,,Brunswick,GA,31520,5318,GLYNN
Parker's Perry Lane,-81.505562,31.246099,2500 Perry Lane Rd,,Brunswick,GA,31525,8923,GLYNN
Friendly Express 23,-81.505585,31.246279,2501 Perry Lane Rd,,Brunswick,GA,31525,8948,GLYNN
DOLLAR GENERAL 22855,-81.478065,31.161287,2701 J St,,Brunswick,GA,31520,6131,GLYNN
Love's Travel Stop 405,-81.571274,31.138121,2766 US Highway 17 S,,Brunswick,GA,31523,7775,GLYNN
Bunky's Sunoco,-81.475037,31.169724,2803 Glynn Ave,,Brunswick,GA,31520,4843,GLYNN
Senbai,-81.474953,31.171114,2905 Glynn Ave,,Brunswick,GA,31520,4874,GLYNN
Snap Mini Mart,-81.4981,31.169056,2906 Norwich St,Ste 108,Brunswick,GA,31520,4060,GLYNN
DOLLAR GENERAL 14734,-81.49836,31.168938,2915 Norwich St,,Brunswick,GA,31520,4017,GLYNN
Pilot Travel Center 627,-81.579842,31.139868,2990 US Highway 17 S,,Brunswick,GA,31523,7747,GLYNN
Davey's Discount Stop # 1,-81.491264,31.173779,3001 Altama Ave,,Brunswick,GA,31520,4625,GLYNN
Lucky 7 Meat Market,-81.491989,31.174377,3021 Altama Ave,,Brunswick,GA,31520,4698,GLYNN
Vansh Corner n/a,-81.505569,31.20396,310 Old Jesup Rd,,Brunswick,GA,31520,1754,GLYNN
Friendly Express 51,-81.585014,31.141445,3224 US Highway 17 S,,Brunswick,GA,31523,7742,GLYNN
Friendly Express 70,-81.472694,31.179863,3319 Glynn Ave,,Brunswick,GA,31520,4406,GLYNN
ALDI 76170,-81.506577,31.248108,341 Venture Dr,,Brunswick,GA,31525,9723,GLYNN
DollarTree 10618,-81.484978,31.195393,3487 Cypress Mill Rd,,Brunswick,GA,31520,2857,GLYNN
Arco Community Store,-81.502449,31.181099,3810 Norwich St,,Brunswick,GA,31520,3230,GLYNN
Arco Supermarket,-81.503197,31.181385,3823 Norwich St,,Brunswick,GA,31520,3231,GLYNN
Sunoco Food Mart #2 2,-81.48864,31.184553,3879 Altama Ave,,Brunswick,GA,31520,3634,GLYNN
Dash Food Mart,-81.503563,31.182165,3900 Newcastle St,,Brunswick,GA,31520,2501,GLYNN
One Stop 43,-81.466423,31.211201,3915 Darien Hwy,,Brunswick,GA,31525,3052,GLYNN
Farm 99,-81.571182,31.27289,4024 GA Highway 99,,Brunswick,GA,31523,3603,GLYNN
Circle K 5376,-81.498039,31.203238,4041 Community Rd,,Brunswick,GA,31520,2855,GLYNN
Dollar General 30556,-81.480988,31.203663,420 Glynn Isle,,Brunswick,GA,31525,2931,GLYNN
Friendly Express 48,-81.457489,31.227779,4230 US Highway 17 N,,Brunswick,GA,31525,4800,GLYNN
Friendly Express 71,-81.508621,31.203852,4341 New Jesup Hwy,,Brunswick,GA,31520,1605,GLYNN
Fuel & Feast,-81.508278,31.204237,4412 New Jesup Hwy,,Brunswick,GA,31520,1647,GLYNN
Family Dollar 4826,-81.485359,31.19137,4420 Altama Ave,,Brunswick,GA,31520,3020,GLYNN
Wawa Store 6303,-81.509102,31.205387,4430 New Jesup Hwy,,Brunswick,GA,31520,1647,GLYNN
DOLLAR GENERAL 14444,-81.509293,31.205732,4440 New Jesup Hwy,,Brunswick,GA,31520,1647,GLYNN
Race Trac 675,-81.498192,31.232309,450 Canal Rd,,Brunswick,GA,31525,6720,GLYNN
Sunoco Food Mart #1 1,-81.484993,31.194735,4528 Altama Ave,,Brunswick,GA,31520,3007,GLYNN
Onestop 42,-81.501549,31.2113,4544 Old Cypress Mill Rd,,Brunswick,GA,31520,2118,GLYNN
WALGREEN 7848,-81.485771,31.194458,4575 Altama Ave,,Brunswick,GA,31520,3008,GLYNN
DOLLAR GENERAL 7971,-81.585899,31.140079,461 Palisade Dr,,Brunswick,GA,31523,8207,GLYNN
Racetrac 2470,-81.52047,31.219009,5052 New Jesup Hwy,,Brunswick,GA,31520,1203,GLYNN
Mr Petes,-81.523727,31.223005,5264 New Jesup Hwy,,Brunswick,GA,31523,1211,GLYNN
Parker's Crispen,-81.527359,31.22492,5411 New Jesup Hwy,,Brunswick,GA,31523,1119,GLYNN
DollarTree 9938,-81.526352,31.226393,5420 New Jesup Hwy,Ste 120,Brunswick,GA,31523,1165,GLYNN
CVS Pharmacy 4567,-81.527443,31.22584,5421 New Jesup Hwy,,Brunswick,GA,31523,1119,GLYNN
DOLLAR GENERAL 1588,-81.481262,31.210691,5598 Altama Ave,,Brunswick,GA,31525,2205,GLYNN
Parker's Altama 202,-81.48082,31.214289,5693 Altama Ave,,Brunswick,GA,31525,2208,GLYNN
Venbai,-81.478561,31.219393,5900 Altama Ave,,Brunswick,GA,31525,0551,GLYNN
TOMMY'S CORNER,-81.540367,31.239161,6010 New Jesup Hwy,,Brunswick,GA,31523,1628,GLYNN
Flowers Bakery Outlet 40,-81.541084,31.240576,6060 New Jesup Hwy,,Brunswick,GA,31523,1630,GLYNN
BD Foods,-81.477608,31.222912,6090 Altama Ave,,Brunswick,GA,31525,1805,GLYNN
Simply Crabs,-81.47728,31.223749,6110 Altama Ave,Ste 105,Brunswick,GA,31525,1827,GLYNN
Friendly Express 53,-81.537834,31.176117,6215 Blythe Island Hwy,,Brunswick,GA,31523,6236,GLYNN
El Cheapo 72,-81.551735,31.250681,6495 New Jesup Hwy,,Brunswick,GA,31523,4220,GLYNN
Satilla Grocery 2,-81.558411,31.261414,6892 New Jesup Hwy,,Brunswick,GA,31523,4103,GLYNN
Dollar General 15574,-81.561584,31.270815,7188 New Jesup Hwy,,Brunswick,GA,31523,4111,GLYNN
Cost Kutter 493,-81.484367,31.204594,72 Altama Village Dr,,Brunswick,GA,31525,2911,GLYNN
Friendly Express 38,-81.561516,31.271921,7208 New Jesup Hwy,,Brunswick,GA,31523,4114,GLYNN
Parker's Sterling,-81.562759,31.27319,7301 New Jesup Hwy,,Brunswick,GA,31523,3905,GLYNN
QuikTrip 7136,-81.57074,31.136982,90 Pilot Ln,,Brunswick,GA,31523,,GLYNN
Dollar General 23382,-81.485909,31.250652,940 Canal Road,,Brunswick,GA,31525,,GLYNN
Flash Foods LLC 274002,-81.414955,31.047533,50 Ben Fortson Pkwy,,Jekyll Island,GA,31527,1022,GLYNN
Friendly Express 62,-81.383553,31.14448,1313 Demere Rd,,Saint Simons Island,GA,31522,3700,GLYNN
CVS PHARMACY 4575,-81.389153,31.160423,1605 Frederica Rd,,Saint Simons Island,GA,31522,2510,GLYNN
Friendly Express 72,-81.38726,31.163309,1699 Frederica Rd,,Saint Simons Island,GA,31522,2528,GLYNN
DollarTree 9138,-81.391373,31.158339,204 Retreat Village Rd,Suite 102,Saint Simons Island,GA,31522,,GLYNN
Winn Dixie 0019,-81.391136,31.158335,220 Retreat Vlg,,Saint Simons Island,GA,31522,2403,GLYNN
Friendly Express 73,-81.391449,31.16033,2253 Demere Rd,,Saint Simons Island,GA,31522,1841,GLYNN
Circle K 5392,-81.376724,31.190104,3801 Frederica Rd,,Saint Simons Island,GA,31522,5304,GLYNN
Parker's Village 207,-81.395203,31.136847,501 Ocean Blvd,,Saint Simons Island,GA,31522,4812,GLYNN
Friendly Express 58,-81.37574,31.205832,5510 Frederica Rd,,Saint Simons Island,GA,31522,9701,GLYNN
HARRIS TEETER 168,-81.379036,31.183973,600 Sea Island Rd,Ste 23,Saint Simons Island,GA,31522,1784,GLYNN
CVS PHARMACY 4337,-81.378822,31.184765,30 Marken St,,St Simons,GA,31522,,GLYNN
Circle K 2723518,-84.936493,34.531475,1310 N HWY 41,,CALHOUN,GA,30701,,GORDON
KROGER 393,-84.937515,34.479324,136 W BELMONT DR SW,,CALHOUN,GA,30701,,GORDON
FOOD LION 2615,-84.916115,34.511196,1512 RED BUD RD,,CALHOUN,GA,30701,,GORDON
Walmart 1215,-84.945496,34.479374,450 W BELMONT DR,,CALHOUN,GA,30701,,GORDON
Circle K 2723519,-84.915596,34.468899,702 EAST HWY 53 SE,,CALHOUN,GA,30701,,GORDON
Rocket NO,-84.935524,34.512806,101 Newtown Rd NE,,Calhoun,GA,30701,1755,GORDON
DOLLAR GENERAL 3698,-84.945747,34.516087,102 Mauldin Rd,,Calhoun,GA,30701,2985,GORDON
Love's Travel Stop 735,-84.914474,34.444683,1081 Belwood Rd SE,,Calhoun,GA,30701,3704,GORDON
Kwik Serv 4,-84.924408,34.511906,1090 Red Bud Rd NE,,Calhoun,GA,30701,2081,GORDON
Wagreens 17229,-84.923347,34.511127,1101 Red Bud Rd NE,,Calhoun,GA,30701,9278,GORDON
Little Giant,-84.940758,34.524033,1116 N Wall St,,Calhoun,GA,30701,1738,GORDON
Dollar General 16760,-84.854706,34.492607,112 Campbell Rd,,Calhoun,GA,30701,4454,GORDON
Martin's Corner,-84.819832,34.491268,1156 Cash Rd SE,,Calhoun,GA,30701,4208,GORDON
La Bodega Calhoun,-84.943878,34.484043,118 WC Bryant Pkwy,,Calhoun,GA,30701,2624,GORDON
Carniceria Martinez,-84.942123,34.484425,119 Kelly Ct,,Calhoun,GA,30701,2491,GORDON
DollarTree 3477,-84.944298,34.484905,120 WC Bryant Pkwy,Ste 4,Calhoun,GA,30701,,GORDON
DOLLAR GENERAL 0024,-84.92218,34.474865,1284 Curtis Pkwy SE,,Calhoun,GA,30701,3601,GORDON
Food Mart & Tobacco,-84.934021,34.470245,1402 Hwy 41 S,,Calhoun,GA,30701,,GORDON
Asu Food Mart,-84.93589,34.555168,1444 US 41 N,,Calhoun,GA,30701,1646,GORDON
DollarTree 9870,-84.917892,34.503147,1451 Dews Pond Rd SE,,Calhoun,GA,30701,9280,GORDON
Circle K 2654212,-84.916611,34.510921,1503 Red Bud Rd NE,,Calhoun,GA,30701,9233,GORDON
Calhoun Chevron,-84.922478,34.503181,1531 Dews Pond Rd NE,,Calhoun,GA,30701,4777,GORDON
El Sol Inc,-84.946945,34.481922,188 WC Bryant Pkwy,,Calhoun,GA,30701,2624,GORDON
Dollar General 10039,-84.91613,34.501682,200 William St SE,,Calhoun,GA,30701,4690,GORDON
El Zarape Mexican Food,-84.92617,34.475388,203 Richardson Rd,Ste 50,Calhoun,GA,30701,3174,GORDON
Pilot Travel Center 4558,-84.936317,34.558449,2111 US Hwy 41 NE,,Calhoun,GA,30701,,GORDON
Food City 212,-84.91861,34.49538,225 Lovers Lane Rd SE,,Calhoun,GA,30701,4633,GORDON
La Estrella Bakery,-84.95414,34.505798,235 W Line St,Ste 8,Calhoun,GA,30701,1842,GORDON
Bp Food Mart,-84.951385,34.505547,312 N Wall St,,Calhoun,GA,30701,2224,GORDON
Town And Country Store,-84.855347,34.492661,3523 Dews Pond Rd SE,,Calhoun,GA,30701,4414,GORDON
R & R Grocery,-84.956245,34.505562,400 W Line St,,Calhoun,GA,30701,1820,GORDON
Mi Bodeguita,-84.95372,34.501816,401 Oothcalooga St,,Calhoun,GA,30701,2337,GORDON
CVS Pharmacy 4506,-84.951233,34.506313,402 N Wall St,,Calhoun,GA,30701,1944,GORDON
Sheriff's Meat Processing,-84.880707,34.463825,433 Owens Rd SE,,Calhoun,GA,30701,3944,GORDON
Murphy USA 5360,-84.944611,34.480839,440 W Belmont Dr,,Calhoun,GA,30701,3016,GORDON
Allens Mart,-84.819359,34.533237,4782 Red Bud Rd NE,,Calhoun,GA,30701,9619,GORDON
Neels Market,-84.948875,34.481602,602 Highway 53 SW,,Calhoun,GA,30701,7715,GORDON
Royal Express,-84.948044,34.490437,609 S Wall St,,Calhoun,GA,30701,2435,GORDON
DOLLAR GENERAL 7631,-84.959427,34.499851,634 Oothcalooga St,,Calhoun,GA,30701,2342,GORDON
ALDI 76043 76043,-84.915688,34.468819,647 Highway 53 E,,Calhoun,GA,30701,3083,GORDON
RaceTrac 2374,-84.92263,34.472721,665 Hwy 53 E,,Calhoun,GA,30701,,GORDON
Abc Convinence Store,-84.963112,34.497993,703 Oothcalooga St,,Calhoun,GA,30701,2374,GORDON
Dollar General 6122,-84.834251,34.448326,7224 Fairmount Hwy SE,,Calhoun,GA,30701,4023,GORDON
Citgo Ameri Mart,-84.829018,34.447727,7339 Fairmount Hwy SE,,Calhoun,GA,30701,4024,GORDON
Citgo Food Mart,-84.914055,34.451839,788 Belwood Rd SE,,Calhoun,GA,30701,3702,GORDON
Circle K 2723651,-84.945007,34.486778,808 S Wall St,,Calhoun,GA,30701,2618,GORDON
Family Dollar 290,-84.944656,34.486214,815 S Wall St,,Calhoun,GA,30701,2617,GORDON
Estela's Produce 1,-84.948204,34.512943,820 N Wall St,,Calhoun,GA,30701,1732,GORDON
Hometown Grocery & Restaurant,-84.943069,34.520576,90 Henderson Bend Rd NW,,Calhoun,GA,30701,,GORDON
Walgreens 17562,-84.943542,34.485085,910 S Wall St,,Calhoun,GA,30701,2620,GORDON
DOLLAR GENERAL 6851,-84.846458,34.531197,926 Hunts Gin Rd NE,,Calhoun,GA,30701,9500,GORDON
Gas Express LLC dba Circle K 188,-84.915962,34.469048,943 Highway 53 Spur SW,,Calhoun,GA,30701,7632,GORDON
MAPCO Express Inc. 3608,-84.972244,34.471348,973 Rome Rd SW,,Calhoun,GA,30701,,GORDON
DOLLAR GENERAL 4294,-84.702637,34.44688,2255 Highway 411 SE,,Fairmount,GA,30139,2911,GORDON
Fairmount Grocery LLC,-84.700272,34.443474,2386 Highway 411 SE,,Fairmount,GA,30139,2912,GORDON
Dollar General 9921,-85.007416,34.415699,3400 Rome Rd SW,,Plainville,GA,30733,9739,GORDON
Bp Express Food Mart,-85.011917,34.408405,3683 Rome Rd SW,,Plainville,GA,30733,8712,GORDON
DOLLAR GENERAL 18100,-84.706619,34.527851,1130 US Highway 411 NE,,Ranger,GA,30734,9734,GORDON
Ownes Grocery,-84.703529,34.577221,2929 Hwy 411,,Ranger,GA,30734,,GORDON
Shallow Creek Farm,-84.70919,34.519341,758 Hwy 411,,Ranger,GA,30734,,GORDON
Abc Convenience Store,-84.975342,34.572376,1135 Resaca Lafayette Rd NW,,Resaca,GA,30735,6107,GORDON
Dollar General Market 13439,-84.945427,34.589092,2850 Battlefield Pkwy,,Resaca,GA,30735,,GORDON
Pilot Travel Center 632,-84.942955,34.579037,288 Resaca Beach Blvd NW,,Resaca,GA,30735,6002,GORDON
Resaca Grocery,-84.94342,34.58062,3057 Battlefield Pkwy NE,,Resaca,GA,30735,6070,GORDON
DOLLAR GENERAL 7441,-84.866997,34.601784,3094 Nicklesville Rd NE,,Resaca,GA,30735,6469,GORDON
Highway Express,-84.866936,34.600624,4053 Chatsworth Highway 225 NE,,Resaca,GA,30735,6327,GORDON
ABC Convenience Store,-84.867287,34.601509,4095 Chatsworth Highway 225 NE,,Resaca,GA,30735,6327,GORDON
Dollar General 25057,-85.008263,34.554321,2873 Sugar Valley Rd NW,,Sugar Valley,GA,30746,5175,GORDON
Dollar General 16839,-84.205078,30.922966,109 Gray Rd,,Cairo,GA,39827,,GRADY
Cairo IGA,-84.206978,30.874584,110 2nd Ave SE,,Cairo,GA,39828,2705,GRADY
SunStop Market 936,-84.208832,30.889454,1150 US Highway 84 W,,Cairo,GA,39828,1987,GRADY
Dollar General 25301,-84.223053,30.871082,1195 Calvary Rd SW,,Cairo,GA,39828,3344,GRADY
Pmj Food Mart,-84.194641,30.877884,1250 US Highway 84 E,,Cairo,GA,39828,1863,GRADY
One Convenient Stop 3,-84.20813,30.877827,130 Ga Highway 93 S,,Cairo,GA,39828,7061,GRADY
Family Dollar 422,-84.210464,30.875664,131 Martin Luther King Jr Ave SW,,Cairo,GA,39828,2605,GRADY
One Convenient Stop 2,-84.196938,30.858402,1413 Highway 93 S,,Cairo,GA,39828,6635,GRADY
Dollar General 17928,-84.196999,30.857458,1430 GA Highway 93 S,,Cairo,GA,39828,6636,GRADY
Tienda Latina,-84.205193,30.875399,193 3rd St SE,,Cairo,GA,39828,2741,GRADY
Once Conveneint Stop 5,-84.235985,30.849028,1979 GA Highway 111 S,,Cairo,GA,39828,5947,GRADY
Shradha Enterprise Llc,-84.208138,30.875084,208 S Broad St,,Cairo,GA,39828,2715,GRADY
Quick Buys #108,-84.173073,30.877672,2815 US Highway 84 E,,Cairo,GA,39828,1371,GRADY
DOLLAR GENERAL 8260,-84.168343,30.875818,2960 US Highway 84 E,,Cairo,GA,39828,3740,GRADY
Cairo Travel Centre,-84.204178,30.884447,328 US Highway 84 E,,Cairo,GA,39828,1645,GRADY
Murphy USA 7199,-84.204735,30.88562,337 8th Ave NE,,Cairo,GA,39827,,GRADY
La Mexicana LLC,-84.196373,30.878986,351 9th St NE,,Cairo,GA,39828,,GRADY
Walmart SUPERCENTER 858,-84.203499,30.887123,361 8th Ave NE,,Cairo,GA,39828,1603,GRADY
Route 84 Country Store,-84.123817,30.86829,4050 Us Highway 84 E,,Cairo,GA,39828,6870,GRADY
DOLLAR GENERAL 849,-84.203613,30.876181,425 2nd Ave SE,,Cairo,GA,39828,2729,GRADY
Cost Kutter 494,-84.202324,30.87612,429 2nd Ave SE,,Cairo,GA,39828,2809,GRADY
Susie Q's 30,-84.207352,30.886585,45 US Highway 84 E,,Cairo,GA,39828,1604,GRADY
Quick Buys 2,-84.10247,30.869476,4539 US Highway 84 E,,Cairo,GA,39828,6871,GRADY
DollarTree 3079,-84.201073,30.883076,496 E Hwy 84,,Cairo,GA,39828,,GRADY
Walgreens 11107,-84.200378,30.883377,501 US Highway 84 E,,Cairo,GA,39828,1852,GRADY
716 Food Mart,-84.198143,30.880478,716 US Highway 84 E,,Cairo,GA,39828,1806,GRADY
One Convenient Stop 1,-84.219879,30.872826,798 Calvary Rd SW,,Cairo,GA,39828,3339,GRADY
Easy Stop Cairo,-84.195839,30.879166,995 US Highway 84 E,,Cairo,GA,39828,1858,GRADY
Calvary Market,-84.347343,30.727148,210 1st Ave,,Calvary,GA,39829,,GRADY
Harvested Rooted Table FFAB,-84.374664,30.754782,1132 Swamp Creek Rd,,Whigham,GA,39897,3818,GRADY
Dollar General 11650,-84.325569,30.883148,135 W Broad Ave,,Whigham,GA,39897,2221,GRADY
Bishops Express,-84.330055,30.883812,248 W Broad Ave,,Whigham,GA,39897,3232,GRADY
Dollar General 23325,-83.173851,33.577179,1020 Thomas St,,Greensboro,GA,30642,2300,GREENE
DOLLAR GENERAL 9798,-83.198143,33.553596,1021 Willow Run Rd,,Greensboro,GA,30642,2760,GREENE
INGLES MARKETS 442,-83.167458,33.580048,1480 E Broad St,,Greensboro,GA,30642,2336,GREENE
Family Dollar 507,-83.182434,33.577614,210 N Main St,,Greensboro,GA,30642,1110,GREENE
Greensboro Extramile,-83.200584,33.55056,2204 S Main St,,Greensboro,GA,30642,2728,GREENE
Red Clay Produce Llc NAFMNP,-83.162491,33.602837,2240 Penfield Rd,,Greensboro,GA,30642,2245,GREENE
Exxon Food Mart,-83.202888,33.54871,2280 S Main St,,Greensboro,GA,30642,2728,GREENE
Golden Pantry Food Stores Inc. 1103,-83.203369,33.548122,2310 S Main St,,Greensboro,GA,30642,2751,GREENE
Racetrac 2654,-83.210487,33.539516,2670 Lake Oconee Pkwy,,Greensboro,GA,30642,3582,GREENE
Citgo Stop,-83.179222,33.575878,302 E Broad St,,Greensboro,GA,30642,1502,GREENE
Lupitas Mexican Grocery,-83.178253,33.575871,308 E Broad St,,Greensboro,GA,30642,1502,GREENE
Moon's Super Market,-83.176956,33.575794,316 E Broad St,,Greensboro,GA,30642,1502,GREENE
Dollar General 21581,-83.0802,33.537441,3980 Highway 77 S,,Greensboro,GA,30642,4261,GREENE
Golden Pantry Food Stores 1032,-83.242165,33.460747,6131 Lake Oconee Pkwy,,Greensboro,GA,30642,3823,GREENE
Jc Mart Iii,-83.24321,33.460213,6141 Lake Oconee Pkwy,,Greensboro,GA,30642,3823,GREENE
CVS PHARMACY 8424,-83.243523,33.458614,6201 Lake Oconee Pkwy,,Greensboro,GA,30642,6410,GREENE
Publix 0853,-83.246407,33.456497,6350 Lake Oconee Pkwy,Ste 106,Greensboro,GA,30642,3898,GREENE
Dollar General 8981,-83.078819,33.614822,1011 Industrial Blvd,,Union Point,GA,30669,1464,GREENE
Pilot Travel Center 633,-83.098503,33.601101,3600 Highway Carrollton St,,Union Point,GA,30642,,GREENE
Bp Food Mart,-83.079353,33.615482,4660 Lamb Ave,,Union Point,GA,30669,1125,GREENE
Short Stop,-83.078476,33.61517,4680 Lamb Ave,,Union Point,GA,30669,1125,GREENE
Union Point Grocery & Deli,-83.075256,33.613659,4801 Lamb Ave,,Union Point,GA,30669,1120,GREENE
The Point Market,-83.074928,33.61499,612 Sibley Ave,,Union Point,GA,30669,1140,GREENE
Sunnyside Farm,-83.016945,33.487949,2330 Eley Rd,,White Plains,GA,30678,1711,GREENE
One Quick Stop,-83.035881,33.47187,7481 Highway 15 S,,White Plains,GA,30678,1421,GREENE
La Confianza #2,-84.269409,33.940632,4939 Winters Chapel Rd,Ste 700,Atlanta,GA,30360,1763,GWINNETT
The Little Farm Grocery Store,-84.235092,33.929256,6486 Buford Hwy NE,,Atlanta,GA,30340,1718,GWINNETT
EL RANCHO MARKET,-84.237862,33.928604,6556 Buford Hwy NE,,Atlanta,GA,30340,1742,GWINNETT
Exxon Buford,-84.254005,33.921158,7066 Buford Hwy NE,,Atlanta,GA,30340,1416,GWINNETT
Raceway 6920 6920,-84.257202,33.917931,7140 Buford Hwy Ne,,Atlanta,GA,30340,1456,GWINNETT
Target Store T-1206,-83.980804,34.070332,3205 WOODWARD CROSSING BLVD,,BUFORD,GA,30519,,GWINNETT
PUBLIX 596,-84.07634,34.11797,5885 CUMMING HIGHWAY,,BUFORD,GA,30518,,GWINNETT
EZ Grocery,-83.82412,34.120445,6342 Grand Hickory Dr,Ste 104,Braselton,GA,30517,4069,GWINNETT
ALDI 76127,-83.872757,34.105648,7505 Spout Springs Rd.,,Braselton,GA,30519,,GWINNETT
TIENDA Y CARNICERIA SONIA,-84.002953,34.121998,115 E Main St,Ste B13,Buford,GA,30518,5727,GWINNETT
Carniceria Ruelas,-84.017639,34.090305,1325 Buford Hwy,Ste 1 & 2,Buford,GA,30518,,GWINNETT
El Exito International Marketinc,-84.017639,34.090305,1325 Buford Hwy,Ste 104,Buford,GA,30518,5382,GWINNETT
Costco Wholesale 0366,-83.996628,34.06226,1550 Mall of Georgia Blvd,,Buford,GA,30519,6551,GWINNETT
DollarTree 3402,-83.994965,34.064091,1600 Mall of Georgia Blvd,Ste 1600,Buford,GA,30519,8748,GWINNETT
Bazaar International Market & Cafe 1,-84.010147,34.100216,1640 Buford Hwy,,Buford,GA,30518,3667,GWINNETT
Marathon Food Mart,-84.009598,34.099419,1643 Buford Hwy,Ste B,Buford,GA,30518,3708,GWINNETT
ALDI 76113,-83.993782,34.060257,1705 Mall of Georgia Blvd,,Buford,GA,30519,4982,GWINNETT
Los Paisanos Mercados,-84.00499,34.104095,1859 Buford Hwy,Ste A,Buford,GA,30518,3644,GWINNETT
M Food Mart,-83.953796,34.035915,1925 Braselton Hwy,,Buford,GA,30519,3051,GWINNETT
DollarTree 1114,-83.98983,34.085812,1935 Buford Mill Dr,,Buford,GA,30519,,GWINNETT
Lidl 1477,-83.952789,34.036282,1945 Braselton Hwy,,Buford,GA,30519,3051,GWINNETT
CVS PHARMACY 5653,-84.00293,34.107368,1950 Buford Hwy,,Buford,GA,30518,3673,GWINNETT
Buford Market,-83.994179,34.11515,2275 Buford Hwy,,Buford,GA,30518,6049,GWINNETT
Azrl,-84.009315,34.142551,2380 Buford Dam Rd,,Buford,GA,30518,2035,GWINNETT
Chevron Food Mart,-83.997826,34.13549,2475 S Waterworks Rd,,Buford,GA,30518,4426,GWINNETT
QuikTrip 830,-83.943764,34.060711,2495 Gravel Springs Rd,,Buford,GA,30519,5230,GWINNETT
Blum Tropical Market 1,-83.918785,34.078152,2590 Hamilton Mill Rd,Ste 115,Buford,GA,30519,3610,GWINNETT
CVS PHARMACY 279,-83.919525,34.080433,2605 Hamilton Mill Rd,,Buford,GA,30519,4106,GWINNETT
Shell Food Mart,-83.976196,34.064995,2625 Mall of GA Blvd,Ste 102,Buford,GA,30519,8787,GWINNETT
Walgreens 7958,-83.930733,34.049507,2630 Braselton Hwy,,Buford,GA,30519,5215,GWINNETT
DollarTree 5351,-83.919319,34.081341,2725 Hamilton Mill Rd NE,,Buford,GA,30519,,GWINNETT
QUIK TRIP 785,-83.995071,34.051453,2900 Buford Dr,,Buford,GA,30519,6537,GWINNETT
Sprouts Farmers Market 529,-83.994019,34.052086,2925 Buford Drive,Ste. 2400,Buford,GA,30519,,GWINNETT
European Farmers Market,-83.919785,34.076153,3235 Sardis Church Rd,Ste 104,Buford,GA,30519,6022,GWINNETT
Walmart Supercenter 3786,-83.919907,34.076897,3250 Sardis Church Rd,,Buford,GA,30519,6019,GWINNETT
Murphy USA 7407,-83.919327,34.078365,3255 Sardis Church Rd,,Buford,GA,30519,6018,GWINNETT
KROGER 494,-83.937965,34.093178,3300 Hamilton Mill Rd,,Buford,GA,30519,4080,GWINNETT
Sam's Club 4780,-83.983978,34.072918,3383 Buford Dr,,Buford,GA,30519,4985,GWINNETT
Shell Food Mart,-83.984062,34.080193,3550 S Bogan Rd,Ste 700,Buford,GA,30519,4592,GWINNETT
Walmart 1314,-83.9907,34.085449,3795 Buford Dr,,Buford,GA,30519,4906,GWINNETT
BP Food Mart,-83.991661,34.084988,3798 Buford Dr,Ste A,Buford,GA,30519,5706,GWINNETT
Chevron Food Mart,-83.991844,34.086143,3833 Buford Dr,,Buford,GA,30519,4957,GWINNETT
Murphy USA 7553,-83.991898,34.086208,3853 Buford Dr,,Buford,GA,30519,4957,GWINNETT
Lucky Buford Bp Inc.,-83.994576,34.087971,3933 Buford Dr,,Buford,GA,30518,4959,GWINNETT
QUIKTRIP 786,-83.997833,34.089825,4080 Buford Dr,,Buford,GA,30518,3438,GWINNETT
Publix Super Markets Inc. 1678,-83.973999,34.104168,4108 Hamilton Mill Rd,,Buford,GA,30519,3914,GWINNETT
Carniceria Mena,-84.000397,34.097263,4261 S Lee St,Ste 500,Buford,GA,30518,8023,GWINNETT
The Produce Patch,-83.964966,34.117931,4363 Thompson Mill Rd,,Buford,GA,30519,3741,GWINNETT
Walgreens 9494,-84.013451,34.094307,4397 Sudderth Rd,,Buford,GA,30518,8794,GWINNETT
DollarTree 7676,-84.016464,34.098244,4470 Nelson Brogdon Blvd,,Buford,GA,30518,3477,GWINNETT
Citgo Gas Station,-83.97522,34.12027,4555 Thompson Mill Rd,,Buford,GA,30518,3518,GWINNETT
Sugarhill Food Mart,-84.021477,34.102814,4725 Nelson Brogdon Blvd,,Buford,GA,30518,3469,GWINNETT
Tote A Poke Food Store,-83.998604,34.130428,565 E Main St,,Buford,GA,30518,2597,GWINNETT
Nalley's,-84.009209,34.142235,5671 Shadburn Ferry Rd,,Buford,GA,30518,2437,GWINNETT
DOLLAR GENERAL 9046,-84.005501,34.119461,60 Garnett St,,Buford,GA,30518,3016,GWINNETT
Dollar General 13457,-83.963196,34.147011,936 Gainesville Hwy,,Buford,GA,30518,,GWINNETT
KROGER 457,-83.928848,34.050282,2700 BRASELTON HWY,,DACULA,GA,30019,,GWINNETT
PUBLIX 0803,-83.912682,34.003265,720 DACULA RD,,DACULA,GA,30019,,GWINNETT
PUBLIX 1178,-83.885513,34.032066,831 AUBURN RD,,DACULA,GA,30019,,GWINNETT
PUBLIX 585,-84.132584,34.007767,2750 BUFORD HIGHWAY,,DULUTH,GA,30096,,GWINNETT
KROGER 381,-84.170326,34.006546,3455 PEACHTREE INDUSTRIAL BLVD,,DULUTH,GA,30096,,GWINNETT
Hwy 29 Food Mart,-83.944405,33.976238,1205 Winder Hwy,,Dacula,GA,30019,2260,GWINNETT
Dollar General 14326,-83.944023,33.977123,1210 Winder Hwy,,Dacula,GA,30019,2228,GWINNETT
QUIKTRIP 766,-83.926231,33.984356,1750 Winder Hwy,,Dacula,GA,30019,2218,GWINNETT
Dollar General 30422,-83.928444,34.049976,1941 Auburn Rd,,Dacula,GA,30019,1156,GWINNETT
Mini Mart,-83.854691,33.947689,1952 Harbins Rd,,Dacula,GA,30019,1844,GWINNETT
Dollar General 14086,-83.854912,33.947651,1955 Harbins Rd,,Dacula,GA,30019,1841,GWINNETT
Circle K N/A,-83.920509,34.006222,2244 Hurricane Shoals Rd,,Dacula,GA,30019,2026,GWINNETT
La Tapatia Meat Market,-83.914131,34.004414,2300 Liam Ave,Ste 101,Dacula,GA,30019,2265,GWINNETT
QUIKTRIP 784,-83.918159,34.07082,2460 Hamilton Mill Pkwy,,Dacula,GA,30019,4632,GWINNETT
Publix 569,-83.917831,34.070858,2463 Hamilton Mill Pkwy,,Dacula,GA,30019,4648,GWINNETT
America's Food Basket,-83.893112,33.987415,2580 Winder Hwy,,Dacula,GA,30019,1328,GWINNETT
DollarTree 6937,-83.892792,33.987949,2590 Winder Hwy,,Dacula,GA,30019,,GWINNETT
Choice Caribbean Market,-83.91124,34.035923,2995 Old Fountain Rd,Ste A,Dacula,GA,30019,7211,GWINNETT
Golden Pantry Food Stores 1048,-83.910553,34.035515,2995 Old Fountain Rd,,Dacula,GA,30019,7211,GWINNETT
CVS PHARMACY 3766,-83.909035,34.036385,3027 Jim Moore Rd,,Dacula,GA,30019,1144,GWINNETT
KWICK CHECK FOOD STORE,-83.89286,33.986053,352 Harbins Rd,,Dacula,GA,30019,2300,GWINNETT
ALDI 76027,-83.908981,34.068661,3565 Braselton Hwy,,Dacula,GA,30019,1027,GWINNETT
Kroger 635,-83.905823,34.001259,505 Dacula Rd,,Dacula,GA,30019,2125,GWINNETT
Walgreens 12147,-83.909691,34.000912,575 Dacula Rd,,Dacula,GA,30019,2125,GWINNETT
Dacula Bp Inc,-83.885162,34.031357,811 Auburn Rd,,Dacula,GA,30019,1211,GWINNETT
DollarTree 7083,-83.914833,34.007828,832 Dacula Rd,Ste 103,Dacula,GA,30019,3130,GWINNETT
Texaco Food Market,-83.889061,33.971302,842 Harbins Rd,Ste A,Dacula,GA,30019,2400,GWINNETT
QuikTrip 1751,-83.887901,33.968761,892 Harbins Rd,,Dacula,GA,30019,2410,GWINNETT
Publix Super Markets Inc. 1893,-83.887093,33.967594,952 Harbins Rd,,Dacula,GA,30019,2408,GWINNETT
Majik Market,-84.093117,33.950817,1350 Boggs Rd,,Duluth,GA,30096,4686,GWINNETT
Walgreens 7502,-84.122604,33.941528,1490 Pleasant Hill Rd,,Duluth,GA,30096,4674,GWINNETT
DOLLAR GENERAL 9160,-84.122925,33.942066,1500 Pleasant Hill Rd,Ste 114,Duluth,GA,30096,5825,GWINNETT
Shell Food Mart,-84.123192,33.941669,1515 Pleasant Hill Rd,,Duluth,GA,30096,4617,GWINNETT
QUIKTRIP 731,-84.124626,33.94302,1565 Pleasant Hill Rd,,Duluth,GA,30096,4617,GWINNETT
PUBLIX 505,-84.125359,33.945484,1625 Pleasant Hill Rd,Ste 200,Duluth,GA,30096,5863,GWINNETT
City Farmers Market 6 Inc.,-84.125206,33.945362,1630 Pleasant Hill Rd,,Duluth,GA,30096,5899,GWINNETT
Valero Food Mart,-84.125565,33.946621,1670 Pleasant Hill Rd,,Duluth,GA,30096,4620,GWINNETT
Texaco Food Mart #252,-84.129997,33.953819,1932 Pleasant Hill Rd,,Duluth,GA,30096,4626,GWINNETT
Megamart,-84.133324,33.957195,2106 Pleasant Hill Rd,,Duluth,GA,30096,4728,GWINNETT
Race Trac 2409,-84.109306,34.028915,2180 Peachtree Industrial Blvd,,Duluth,GA,30097,8246,GWINNETT
Desi Brothers,-84.139191,33.959602,2255 Pleasant Hill Rd,Ste 450,Duluth,GA,30096,2307,GWINNETT
Great Wall Supermarket of GA,-84.134392,33.963856,2300 Pleasant Hill Rd,Ste B6,Duluth,GA,30096,4348,GWINNETT
Zion Market,-84.138786,33.963455,2340 Pleasant Hill Rd,,Duluth,GA,30096,4324,GWINNETT
Super H Mart,-84.142998,33.969639,2550 Pleasant Hill Rd,,Duluth,GA,30096,4122,GWINNETT
Quick Mart Chevron,-84.137383,34.021782,2590 Pchtree Ind Blvd,Ste I,Duluth,GA,30097,3405,GWINNETT
Race Trac 659,-84.145523,33.969589,2592 Pleasant Hill Rd,,Duluth,GA,30096,4118,GWINNETT
ALDI 67065 67065,-84.147255,33.971272,2618 Pleasant Hill Rd,,Duluth,GA,30096,4120,GWINNETT
Walmart Supercenter 2154,-84.148598,33.971508,2635 Pleasant Hill Rd,,Duluth,GA,30096,1450,GWINNETT
Chevron Food Mart,-84.120789,33.983326,2640 Duluth Hwy,,Duluth,GA,30096,4020,GWINNETT
Gangwon International,-84.15892,33.975204,2645 N Berkeley Lake Rd Nw,Ste 143,Duluth,GA,30096,1461,GWINNETT
DOLLAR GENERAL 18893,-84.130463,34.009926,2696 Buford Hwy,,Duluth,GA,30096,,GWINNETT
Walgreens 5989,-84.132378,34.009068,2705 Buford Hwy,,Duluth,GA,30096,2833,GWINNETT
Sweetwater Texaco Hop In,-84.102066,33.952026,2920 Old Norcross Rd,Ste A,Duluth,GA,30096,4952,GWINNETT
Daybah Tropical Mart,-84.103668,33.953484,2930 Old Norcross Rd,Ste 200,Duluth,GA,30096,5111,GWINNETT
Chevron Food Mart,-84.142273,34.002377,3056 Buford Hwy,,Duluth,GA,30096,3324,GWINNETT
Shell Old Norcross,-84.111504,33.957893,3081 Breckinridge Blvd,,Duluth,GA,30096,4902,GWINNETT
Apna Bazaar,-84.112213,33.957802,3083 Breckinridge Blvd,Ste 140,Duluth,GA,30096,8968,GWINNETT
KROGER 636,-84.143692,33.960407,3093 Steve Reynolds Blvd,,Duluth,GA,30096,,GWINNETT
Asmas Market,-84.112373,33.957001,3099 Breckinridge Blvd,Ste 107a,Duluth,GA,30096,1014,GWINNETT
DollarTree 8508,-84.158363,34.020344,3170 Peachtree Industrial Blvd,,Duluth,GA,30097,8629,GWINNETT
Duluth Food Mart,-84.159332,34.020256,3190 Peachtree Industrial Blvd,,Duluth,GA,30097,7918,GWINNETT
Mijalisco Super Market,-84.1408,33.953377,3355 Steve Reyn Blvd,,Duluth,GA,30096,4511,GWINNETT
El Bajio Supermercado,-84.15081,33.99477,3379 Buford Hwy,,Duluth,GA,30096,3578,GWINNETT
Sam's Club 8166,-84.139076,33.950577,3450 Steve Reynolds Blvd,,Duluth,GA,30096,4510,GWINNETT
Damascus Market,-84.169365,34.001778,3547 Peachtree Industrial Blvd,Ste 7,Duluth,GA,30096,1419,GWINNETT
Gwinnett International Farmers Market,-84.13549,33.948349,3825 Shackleford Rd,,Duluth,GA,30096,8269,GWINNETT
DollarTree 5383,-84.138252,33.952461,3825 Venture Dr,,Duluth,GA,30096,5531,GWINNETT
Ollies Food Mart Inc,-84.141769,33.954441,3841 Satellite Blvd,,Duluth,GA,30096,5059,GWINNETT
QUIKTRIP 710,-84.141602,33.953835,3844 Satellite Blvd,,Duluth,GA,30096,5009,GWINNETT
PUBLIX 0726,-84.170189,33.988152,3870 Peachtree Industrial Blvd,,Duluth,GA,30096,,GWINNETT
Jusgo Supermarket,-84.139519,33.95121,3875 Venture Dr,,Duluth,GA,30096,5042,GWINNETT
Al Barakah Halal Meat,-84.142456,33.953075,3890 Satellite Blvd,Ste 100,Duluth,GA,30096,5009,GWINNETT
Cherians International Fresh Market,-84.142838,33.953583,3890 Satellite Blvd,,Duluth,GA,30096,5009,GWINNETT
Super Carniceria Jalisco 2,-84.143974,33.952717,3900 Satellite Blvd,Ste 101,Duluth,GA,30096,1861,GWINNETT
Metro Chef,-84.141808,33.950123,3925 Venture Dr,,Duluth,GA,30096,5078,GWINNETT
PATTONS MEAT MARKET,-84.170853,33.98658,3931 Peachtree Industrial Blvd,,Duluth,GA,30096,1414,GWINNETT
Costco Wholesale 0187,-84.14296,33.949306,3980 Venture Dr,,Duluth,GA,30096,5077,GWINNETT
QUIKTRIP 831,-84.162216,33.976551,4006 Buford Hwy,,Duluth,GA,30096,4138,GWINNETT
Vp Food Mart,-84.146919,33.951153,4020 Satellite Blvd,,Duluth,GA,30096,,GWINNETT
Satellite Food Mart,-84.147171,33.951138,4025 Satellite Blvd,Ste A,Duluth,GA,30096,5099,GWINNETT
CVS PHARMACY 5352,-84.169426,34.003883,4110 Pleasant Hill Rd,,Duluth,GA,30096,4853,GWINNETT
Solo Food Mart,-84.157883,33.944,4450 Satellite Blvd,,Duluth,GA,30096,8853,GWINNETT
Stop N Save,-84.164207,33.941578,4601 Satellite Blvd,Ste 8,Duluth,GA,30096,6201,GWINNETT
QuikTrip 706,-84.132339,33.961796,5751 Satellite Blvd,,Duluth,GA,30096,5809,GWINNETT
KROGER 476,-84.091446,33.996689,6555 Sugarloaf Pkwy,Ste 200,Duluth,GA,30097,4929,GWINNETT
Chevron Food Mart,-83.962578,33.863766,1103 Athens Hwy,,Grayson,GA,30017,1567,GWINNETT
KROGER STORE 480,-83.962021,33.897198,1911 Grayson Hwy,,Grayson,GA,30017,1245,GWINNETT
Walgreens 7546,-83.956894,33.894253,2075 Grayson Hwy,,Grayson,GA,30017,1242,GWINNETT
Harry Food Mart,-83.952797,33.892311,2201 Loganville Hwy,,Grayson,GA,30017,1622,GWINNETT
Quick Pick Mart,-83.88549,34.075203,4185 Braselton Hwy,,Hoschton,GA,30548,1614,GWINNETT
Publix 226,-84.189713,34.017933,5805 State Bridge Rd,,Johns Creek,GA,30095,,GWINNETT
Walmart SUPERCENTER 3388,-84.025261,33.936756,1400 LAWRENCEVILLE HWY,,LAWRENCEVILLE,GA,30044,,GWINNETT
KROGER 424,-83.988022,34.005039,1475 BUFORD DR,,LAWRENCEVILLE,GA,30043,,GWINNETT
PUBLIX 538,-83.988289,34.036186,2380 BUFORD DRIVE,,LAWRENCEVILLE,GA,30043,,GWINNETT
QUICK MART,-84.118927,33.940948,3522 CLUB DRIVE,,LAWRENCEVILLE,GA,30044,,GWINNETT
KROGER 352,-83.985542,33.939259,455 GRAYSON HWY,,LAWRENCEVILLE,GA,30046,,GWINNETT
PUBLIX 612,-84.055527,33.953827,4850 SUGARLOAF PARKWAY,,LAWRENCEVILLE,GA,30044,,GWINNETT
PUBLIX 1078,-83.956467,33.934807,930 NEW HOPE RD,,LAWRENCEVILLE,GA,30045,6407,GWINNETT
KROGER 440,-84.083054,33.940346,950 HERRINGTON RD,,LAWRENCEVILLE,GA,30044,,GWINNETT
KROGER 438,-84.119774,33.903496,4155 HWY 29,,LILBURN,GA,30047,,GWINNETT
PUBLIX 0789,-83.937675,33.88073,2715 LOGANVILLE HWY,,LOGANVILLE,GA,30017,,GWINNETT
Butcher Direct Home Delivery,-83.952805,33.947048,100 Cedarhurst Rd,,Lawrenceville,GA,30045,8568,GWINNETT
Grayson Xpress Food Mart,-83.973251,33.924561,1000 Grayson Hwy,,Lawrenceville,GA,30046,6340,GWINNETT
Kroger 639,-83.925499,33.948666,1006 Martins Chapel Rd,,Lawrenceville,GA,30045,6644,GWINNETT
La Victoria Supermarket,-83.973038,33.959415,102 Stanley Ct,Ste H,Lawrenceville,GA,30046,5202,GWINNETT
PUBLIX 0863,-84.068138,34.000145,1030 Old Peachtree Rd NW,,Lawrenceville,GA,30043,3308,GWINNETT
QuikTrip 755,-83.991005,34.034645,1055 Old Peachtree Rd,,Lawrenceville,GA,30043,3309,GWINNETT
WALGREEN 7960,-84.034729,33.969006,1065 Duluth Hwy,,Lawrenceville,GA,30043,5216,GWINNETT
Valero Food Mart,-83.988266,33.956322,108 E Crogan St,,Lawrenceville,GA,30046,4950,GWINNETT
Monterrey Super Mercado,-84.037094,33.966969,1090 Duluth Hwy,,Lawrenceville,GA,30043,5215,GWINNETT
QuikTrip 759,-84.037369,33.967789,1094 Duluth Hwy,,Lawrenceville,GA,30043,5215,GWINNETT
CARNICERIA MI PUEBLO INC,-84.082077,33.945915,1098 Herrington Rd,Ste 17,Lawrenceville,GA,30044,7585,GWINNETT
DollarTree 8608,-83.97332,33.920479,1121 Grayson Hwy,,Lawrenceville,GA,30045,,GWINNETT
El Ranchito Supermarket,-83.973244,33.9203,1121 Grayson Hwy,,Lawrenceville,GA,30045,6300,GWINNETT
Tio Food Corp/America's Food Basket,-84.082603,33.947819,1135 Herrington Rd,Ste 105,Lawrenceville,GA,30044,7553,GWINNETT
Holland Grocery,-84.032112,33.972961,1180 Mckendree Church Rd,Ste 208,Lawrenceville,GA,30043,5207,GWINNETT
Ruma Food Mart,-84.018517,33.93808,1184 Lawrenceville Hwy,,Lawrenceville,GA,30046,4793,GWINNETT
CVS PHARMACY 4730,-83.97287,33.91872,1187 Grayson Hwy,,Lawrenceville,GA,30045,6301,GWINNETT
Mega Bakery,-84.010201,33.925179,1190 Five Forks Trickum Rd,Ste 7,Lawrenceville,GA,30046,9392,GWINNETT
Food Mart,-84.011017,33.925297,1205 Five Forks Rd,,Lawrenceville,GA,30046,5683,GWINNETT
Sveta Llc,-84.004974,33.902096,1215 Scenic Hwy,Ste A2,Lawrenceville,GA,30045,6349,GWINNETT
ALDI 76067,-84.005272,33.90118,1225 Scenic Hwy,,Lawrenceville,GA,30045,6358,GWINNETT
Sprouts Farmers Market 512,-84.005234,33.900593,1250 Scenic Hwy #1704,,Lawrenceville,GA,30045,,GWINNETT
New Hope Food Mart,-83.942307,33.933418,1255 New Hope Rd,,Lawrenceville,GA,30045,6543,GWINNETT
Discount Food Mart,-84.069046,33.919266,132 Gloster Rd NW,,Lawrenceville,GA,30044,4631,GWINNETT
Esquisito Bakery Cafe LLC 3,-83.988327,33.955544,134 S Clayton St,Ste 12,Lawrenceville,GA,30046,5753,GWINNETT
Super Mercado Jalisco 2,-83.98703,33.94878,134 S Clayton St,,Lawrenceville,GA,30046,5743,GWINNETT
DOLLAR GENERAL 1566,-83.98703,33.94878,134 S Clayton St Ste 15B,,Lawrenceville,GA,30046,5753,GWINNETT
Grayson Caribbean Market,-83.970062,33.912853,1365 Grayson Highway,Ste 111,Lawrenceville,GA,30045,3004,GWINNETT
Race Trac 94,-83.97068,33.912476,1385 Grayson Hwy,,Lawrenceville,GA,30045,6305,GWINNETT
Texaco Foodmart,-83.985985,33.956501,139 E Crogan St,,Lawrenceville,GA,30046,4991,GWINNETT
Honest Star Tropical,-83.995735,33.968945,140 Hurricane Shoals Rd Nw,Ste B,Lawrenceville,GA,30046,4116,GWINNETT
Murphy USA 7221,-84.027107,33.937893,1410 Lawrenceville Hwy,Ste 1,Lawrenceville,GA,30044,,GWINNETT
Shell Food Mart,-83.970108,33.91161,1417 Grayson Hwy,Ste B,Lawrenceville,GA,30045,6755,GWINNETT
Dukkan International Market,-84.123589,33.939461,1455 Pleasant Hill Rd,Ste 402,Lawrenceville,GA,30044,3061,GWINNETT
Family Dollar 8213,-84.121223,33.939178,1455 Pleasant Hill Rd,,Lawrenceville,GA,30044,,GWINNETT
SUPERMERCADO EL TAPATIO,-84.123589,33.939461,1455 Pleasant Hill Rd,Ste 702,Lawrenceville,GA,30044,3096,GWINNETT
Food Mart,-84.055496,33.973465,1495 Duluth Hwy,Ste A,Lawrenceville,GA,30043,5143,GWINNETT
29 Market,-84.034576,33.93858,1555 Lawrenceville Hwy,,Lawrenceville,GA,30044,4604,GWINNETT
Walgreens 5896,-84.034416,33.938026,1556 Lawrenceville Hwy,,Lawrenceville,GA,30044,4601,GWINNETT
Supermercado Talpa 12 Llc 11,-84.035957,33.938927,1575 Lawrenceville Hwy,Ste Q,Lawrenceville,GA,30044,2008,GWINNETT
Smart Fuel Lawrenceville,-84.034676,33.937153,1594 Lawrenceville Hwy,,Lawrenceville,GA,30044,4601,GWINNETT
Mi Tropical Market,-84.049438,33.953533,1685 Old Norcross Rd,Ste 400B,Lawrenceville,GA,30046,2930,GWINNETT
Chevron Circle K,-84.069664,33.975208,1740 Duluth Hwy,,Lawrenceville,GA,30043,5009,GWINNETT
WALGREENS 5899,-83.986412,33.947647,181 S Clayton St,,Lawrenceville,GA,30045,5716,GWINNETT
Chevron Food Mart,-84.041267,33.931389,1850 Lawrenceville Hwy,,Lawrenceville,GA,30044,4615,GWINNETT
Food Mart Amoco,-83.9814,33.952106,187 Scenic Hwy,,Lawrenceville,GA,30046,5730,GWINNETT
Family Dollar 11394,-84.059357,33.951893,1896 Old Norcross Rd,,Lawrenceville,GA,30044,2839,GWINNETT
DollarTree 7774,-84.078278,33.976727,1900 Duluth Hwy,,Lawrenceville,GA,30043,5013,GWINNETT
Discovery Shell,-84.079521,33.976368,1904 Duluth Hwy,,Lawrenceville,GA,30043,5013,GWINNETT
Jalisco Market 3,-84.082001,33.976357,1956 Duluth Hwy,Ste B112,Lawrenceville,GA,30043,5008,GWINNETT
4 D's Tropical Supermarket,-83.978218,33.950672,200 New Hope Rd,Unit B,Lawrenceville,GA,30046,5806,GWINNETT
New Hope Shell Food Mart,-83.978989,33.950558,200 New Hope Rd,,Lawrenceville,GA,30046,5806,GWINNETT
QuikTrip 725,-83.988266,33.95488,200 S Clayton St,,Lawrenceville,GA,30046,5741,GWINNETT
CVS Pharmacy 4553,-83.98526,33.947281,202 Grayson Hwy,,Lawrenceville,GA,30046,5737,GWINNETT
KROGER 374,-84.033646,33.966259,2100 Riverside Pkwy,,Lawrenceville,GA,30043,5927,GWINNETT
Oakland Foodmart,-84.059166,33.927715,2339 Lawrenceville Hwy,Ste 101,Lawrenceville,GA,30044,7393,GWINNETT
Bp Food Mart,-84.059868,33.926121,2346 Lawrenceville Hwy,Ste B,Lawrenceville,GA,30044,4704,GWINNETT
Walgreens 6088,-83.987793,34.03566,2365 Buford Dr,,Lawrenceville,GA,30043,2609,GWINNETT
Family Dollar 4576,-84.06076,33.92783,2369 Lawrenceville Hwy,,Lawrenceville,GA,30044,4406,GWINNETT
New Leaf Tropical,-84.060974,33.927818,2369 Lawrenceville Hwy,Ste F,Lawrenceville,GA,30044,4456,GWINNETT
Super Mercado Ruelas 2,-84.060982,33.927822,2369 Lawrenceville Hwy,L2,Lawrenceville,GA,30044,8713,GWINNETT
Shell Food Mart no,-84.062103,33.926208,2411 Lawrenceville Hwy,,Lawrenceville,GA,30044,4411,GWINNETT
Stella Market Inc 1,-83.990211,33.943493,243 Scenic Hwy,,Lawrenceville,GA,30046,8402,GWINNETT
AL-HUDA GROCERIES,-84.063553,33.925659,2449 Lawrenceville Hwy,Ste E,Lawrenceville,GA,30044,8712,GWINNETT
Citgo Food Mart,-84.082283,33.949856,2505 Old Norcross Rd,,Lawrenceville,GA,30044,,GWINNETT
Quick Stop,-83.982559,33.975128,251 Hurricane Shoals Rd,Ste B,Lawrenceville,GA,30046,4468,GWINNETT
Carniceria 3 Hermanos,-84.07785,33.941864,2522 Cruse Rd,,Lawrenceville,GA,30044,2750,GWINNETT
Supermercado La Casita 1,-83.992126,33.943302,256 Gwinnett Dr,,Lawrenceville,GA,30046,5628,GWINNETT
Atlanta Chevron,-84.001251,33.96804,256 Hurricane Shoals Rd NW,Ste A,Lawrenceville,GA,30046,4430,GWINNETT
Shell Food Mart,-83.991066,33.942627,259 Scenic Hwy,,Lawrenceville,GA,30046,8485,GWINNETT
Family Dollar 8557,-84.084961,33.949314,2630 Old Norcross Rd,,Lawrenceville,GA,30044,2102,GWINNETT
CVS PHARMACY 2570,-84.081802,33.939976,2650 Cruse Rd,,Lawrenceville,GA,30044,2658,GWINNETT
Desi Bazar & Halal Meat,-84.086182,33.937901,2785 Cruse Rd,Ste 10,Lawrenceville,GA,30044,2649,GWINNETT
S Mini Mart,-84.089989,33.936798,2830 Club Dr,Ste 3,Lawrenceville,GA,30044,3219,GWINNETT
Supermercado Talpa 5,-84.08992,33.936798,2830 Club Dr,,Lawrenceville,GA,30044,3223,GWINNETT
Race Trac 206,-83.98941,34.039165,2862 Buford Dr,,Lawrenceville,GA,30043,,GWINNETT
CVS/Pharmacy 2103,-84.058784,33.888966,2935 Five Forks Trickum Rd,,Lawrenceville,GA,30044,5895,GWINNETT
QUIKTRIP 751,-84.059181,33.887585,2949 Five Forks Trickum Rd,,Lawrenceville,GA,30044,5873,GWINNETT
DollarTree 5411,-84.083641,33.922367,2975 Lawrenceville Hwy,,Lawrenceville,GA,30044,4319,GWINNETT
J.M. Tull Gwinnett Family Y Health And Harvest,-84.003799,33.919743,2985 Sugarloaf Pkwy,,Lawrenceville,GA,30045,8319,GWINNETT
Walgreens 5446,-84.059746,33.886978,2990 Five Forks Trickum Rd,,Lawrenceville,GA,30044,5872,GWINNETT
Walmart 3074,-84.085594,33.922375,3059 Lawrenceville Hwy,,Lawrenceville,GA,30044,6426,GWINNETT
Ciat Group Of Companies Llc ( African Market),-83.985603,33.96524,307A Buford Dr,,Lawrenceville,GA,30046,4627,GWINNETT
Star Mart,-83.976334,33.956379,31 Paper Mill Rd,,Lawrenceville,GA,30046,5338,GWINNETT
Speedway 4102,-84.00605,33.919888,3120 Sugarloaf Pkwy,,Lawrenceville,GA,30045,9416,GWINNETT
Jalisco Grocery,-84.00724,33.919792,3130 Sugarloaf Pkwy,Ste 700,Lawrenceville,GA,30045,9463,GWINNETT
CARNICERIA LA PERLA,-83.983284,33.943611,316 Grayson Hwy,,Lawrenceville,GA,30046,7177,GWINNETT
PUBLIX 0859,-84.018066,33.921185,3370 Sugarloaf Pkwy,,Lawrenceville,GA,30044,5478,GWINNETT
Race Trac 158,-84.017365,33.924488,3405 Sugarloaf Pkwy,,Lawrenceville,GA,30044,5402,GWINNETT
Lascanas Supermarket 1,-84.11705,33.941471,3462 Club Dr,,Lawrenceville,GA,30044,3021,GWINNETT
Lidl 1208,-84.020775,33.925663,3520 Sugarloaf Pkwy,,Lawrenceville,GA,30044,5405,GWINNETT
El Patron,-84.10067,33.912407,3555 Lawrenceville Hwy,,Lawrenceville,GA,30044,4105,GWINNETT
QUIKTRIP 790,-84.105476,33.908676,3747 Lawrenceville Hwy,,Lawrenceville,GA,30044,4109,GWINNETT
Food Mart/Cell Phone Repair,-84.108719,33.906757,3870 Lawrenceville Hwy,Ste C124,Lawrenceville,GA,30044,4186,GWINNETT
Charlotte Way Tropical Market,-83.999702,33.957539,396 W Pike St,Ste C,Lawrenceville,GA,30046,4884,GWINNETT
Lawrenceville Food Mart,-84.000092,33.957699,400 W Pike St,,Lawrenceville,GA,30046,4846,GWINNETT
A & C African Carribean Store,-83.97509,33.956577,41 Paper Mill Rd,Ste 3,Lawrenceville,GA,30046,5379,GWINNETT
Race Trac 301,-84.005272,33.960529,444 W Pike St,,Lawrenceville,GA,30046,4846,GWINNETT
Ad Meat Man,-83.967499,33.965103,452 Winder Hwy,Ste C,Lawrenceville,GA,30045,7500,GWINNETT
Chevron Circle K,-83.967499,33.965103,452 Winder Hwy,Ste A,Lawrenceville,GA,30045,7500,GWINNETT
DollarTree 9860,-83.982697,33.938721,455 Grayson Highway,Suite 121,Lawrenceville,GA,30046,7171,GWINNETT
Neighbor's Market,-84.049515,33.951389,4735 Sugarloaf Pkwy,Ste 200,Lawrenceville,GA,30044,7015,GWINNETT
BOSNIA MARKET,-83.991684,33.942562,488 Gwinnett Dr,,Lawrenceville,GA,30046,5632,GWINNETT
Exxon Food Mart,-83.993301,33.971409,49-B Hurricane Shoals Road,,Lawrenceville,GA,30046,,GWINNETT
QuikTrip 740R,-84.059532,33.958534,5050 Sugarloaf Pkwy,,Lawrenceville,GA,30044,2869,GWINNETT
Carniceria Guadalajara 2,-83.980553,33.937725,532 Grayson Hwy,Ste G,Lawrenceville,GA,30046,6344,GWINNETT
CVS PHARMACY 2841,-84.074135,33.976612,5710 Sugarloaf Pkwy,,Lawrenceville,GA,30043,7834,GWINNETT
CVS Pharmacy 4737,-84.00824,33.964867,620 W Pike St,,Lawrenceville,GA,30045,7699,GWINNETT
Race Trac 260,-83.987289,33.975021,624 Buford Dr,,Lawrenceville,GA,30046,4415,GWINNETT
Chevron Food Mart,-83.997765,33.92704,629 Scenic Hwy,Ste B,Lawrenceville,GA,30046,7811,GWINNETT
Walmart Supercenter 548,-83.996674,33.971146,630 Collins Hill Rd,,Lawrenceville,GA,30046,4461,GWINNETT
DollarTree 6090,-83.99369,34.006371,645 Russell Rd,,Lawrenceville,GA,30043,3637,GWINNETT
DollarTree 362,-84.027824,33.934891,65 Lawrenceville Suwanee Rd,Ste 10,Lawrenceville,GA,30044,4629,GWINNETT
QUIKTRIP 700,-84.014305,33.966778,741 W Pike St,,Lawrenceville,GA,30046,4305,GWINNETT
H & S Mart Inc.,-83.975815,33.995152,759 Braselton Hwy,,Lawrenceville,GA,30043,,GWINNETT
QUIKTRIP 764,-83.984146,33.982113,765 Buford Dr,,Lawrenceville,GA,30043,4518,GWINNETT
Nam Dae Mun Farmers Market,-84.059967,33.888927,850 Dogwood Rd,Ste 97,Lawrenceville,GA,30044,,GWINNETT
Spicyhill Caribbean Market,-83.999634,33.91666,850 Scenic Hwy,Ste D,Lawrenceville,GA,30045,7198,GWINNETT
DollarTree 8180,-84.062599,33.888309,851 Oak Rd,Ste 7,Lawrenceville,GA,30044,5739,GWINNETT
Shahi Bazaar,-84.062599,33.888309,851 Oak Rd,Ste 6,Lawrenceville,GA,30044,5739,GWINNETT
Favor Tropical Market,-83.959778,33.935829,870 New Hope Rd,Ste 600,Lawrenceville,GA,30046,6759,GWINNETT
Target Store T-747,-84.016891,33.970825,875 Lawrenceville Suwanee Rd,,Lawrenceville,GA,30043,5484,GWINNETT
Acrolet Afro-Carib Market,-83.984657,33.985703,884 Buford Dr,Ste 1200,Lawrenceville,GA,30043,6738,GWINNETT
DollarTree 6525,-83.959045,33.935139,895 New Hope Rd,,Lawrenceville,GA,30046,6423,GWINNETT
Race Trac 467,-84.113571,33.925362,906 Pleasant Hill Rd,,Lawrenceville,GA,30044,3328,GWINNETT
PUBLIX 495,-84.024292,33.968105,911 Duluth Hwy,Ste G5,Lawrenceville,GA,30043,7308,GWINNETT
DollarTree 537,-84.018021,33.971931,925 Lawrenceville Suwanee Rd,,Lawrenceville,GA,30043,5421,GWINNETT
ALDI 76060,-84.028229,33.968159,996 Duluth Hwy,,Lawrenceville,GA,30043,5319,GWINNETT
DollarTree 859,-84.094131,33.867725,4100 Five Forks Trickum Rd,Ste I,Liburn,GA,30047,,GWINNETT
Aki Mart,-84.092216,33.867149,1025 Killian Hill Rd SW,Ste C,Lilburn,GA,30047,2478,GWINNETT
Quick Mart,-84.111938,33.888229,127 Arcado Rd SW,,Lilburn,GA,30047,2904,GWINNETT
Lilburn Farmers Market,-84.082695,33.859756,1400 Killian Hill Rd SW,,Lilburn,GA,30047,2399,GWINNETT
Twiddleu Inc,-84.080788,33.859791,1400 Killian Hill Rd SW,,Lilburn,GA,30047,2399,GWINNETT
DOLLAR GENERAL 8948,-84.096817,33.810757,2688 Stone Dr SW,,Lilburn,GA,30047,7709,GWINNETT
KROGER 394,-84.061569,33.884872,3050 Five Forks Trickum Rd SW,,Lilburn,GA,30047,1807,GWINNETT
Shell Food Mart,-84.124771,33.890099,32 Killian Hill Rd SW,,Lilburn,GA,30047,3903,GWINNETT
PUBLIX 0074,-84.163345,33.884209,375 Rockbridge Rd NW,,Lilburn,GA,30047,8225,GWINNETT
Carniceria Mi Pueblo #3,-84.110748,33.906185,3900 Lawrenceville Hwy NW,,Lilburn,GA,30047,2818,GWINNETT
Latinos Supermarket,-84.11528,33.911739,3907 Burns Rd NW,,Lilburn,GA,30047,2887,GWINNETT
Aldi 35,-84.112129,33.908287,396 Pleasant Hill Rd NW,,Lilburn,GA,30047,2732,GWINNETT
Walmart STORE 1373,-84.110466,33.902946,4004 Lawrenceville Hwy NW,,Lilburn,GA,30047,2820,GWINNETT
DollarTree 4723,-84.112648,33.902397,4030 Lawrenceville Hwy NW,Ste 4,Lilburn,GA,30047,2823,GWINNETT
PUBLIX 564,-84.092865,33.870155,4045 Five Forks Trickum Rd SW,,Lilburn,GA,30047,2351,GWINNETT
Tony's Meat Market,-84.091469,33.868793,4050 Five Forks Trickum Rd SW,Ste D,Lilburn,GA,30047,2389,GWINNETT
DollarTree 7504,-84.071381,33.836681,4051 Stone Mountain Hwy,,Lilburn,GA,30047,8424,GWINNETT
El Ranchito Supermarket 3,-84.093147,33.867126,4100 Five Forks Trickum Rd Sw,Ste G,Lilburn,GA,30047,3100,GWINNETT
Yeamare Food Mart,-84.093155,33.867119,4100 Five Forks Trickum Rd Sw,Ste C,Lilburn,GA,30047,3100,GWINNETT
Akshar Grocery,-84.164932,33.88501,475 Rockbridge Rd NW,Ste 101,Lilburn,GA,30047,6042,GWINNETT
Flavors Of Africa By Sheba Foods,-84.094078,33.830128,4757 Stone Mountain Hwy,Ste 400,Lilburn,GA,30047,0004,GWINNETT
Nazareth Food Mart,-84.094078,33.830128,4757 Stone Mountain Hwy,Ste 300,Lilburn,GA,30047,0003,GWINNETT
Supermercado Talpa 7,-84.139404,33.896496,4760 Lawrenceville Hwy NW,Ste A-8,Lilburn,GA,30047,3858,GWINNETT
Trail Gas Stop,-84.14061,33.895847,4785 Lawrenceville Hwy NW,,Lilburn,GA,30047,3842,GWINNETT
Nam Dae Mun Farmers Market,-84.143013,33.895264,4805 Lawrenceville Hwy NW,Ste 150,Lilburn,GA,30047,3802,GWINNETT
Sunshine Addis Mart LLC,-84.0952,33.827354,4814 Stone Mountain Hwy,Ste 4a,Lilburn,GA,30047,4649,GWINNETT
New Bisco Tropical Food,-84.113632,33.91061,485 Pleasant Hill Rd NW,Ste 116,Lilburn,GA,30047,2713,GWINNETT
CVS Pharmacy 4618,-84.096428,33.826183,4860 Stone Mountain Hwy,,Lilburn,GA,30047,4618,GWINNETT
Texaco Food Mart,-84.143829,33.890411,4955 Lawrenceville Hwy NW,,Lilburn,GA,30047,4911,GWINNETT
Supermercado,-84.113525,33.912056,510 Pleasant Hill Rd NW,Ste I,Lilburn,GA,30047,8741,GWINNETT
DollarTree 6558,-84.156731,33.888409,5279 Lawrenceville Hwy NW,,Lilburn,GA,30047,5922,GWINNETT
El Ranchito Supermarket #2,-84.158089,33.886791,5342 Lawrenceville Hwy NW,,Lilburn,GA,30047,5952,GWINNETT
Texaco Food Mart,-84.129593,33.841755,5374 Five Forks Trickum Rd SW,,Lilburn,GA,30047,6734,GWINNETT
Shell Five Forks,-84.130424,33.840275,5414 Five Forks Trickum Rd SW,,Lilburn,GA,30047,6717,GWINNETT
Alfurat Market,-84.113869,33.913128,550 Pleasant Hill Rd NW,Ste B206,Lilburn,GA,30047,8751,GWINNETT
DOLLAR GENERAL 2564,-84.163887,33.881428,5570 Lawrenceville Hwy NW,,Lilburn,GA,30047,,GWINNETT
CVS Pharmacy 2084,-84.164413,33.881672,5575 Lawrenceville Hwy NW,,Lilburn,GA,30047,6098,GWINNETT
Express Foodmart,-84.169968,33.887848,612 Rockbridge Rd NW,,Lilburn,GA,30047,6029,GWINNETT
DOLLAR GENERAL 18593,-84.144936,33.900715,620 Indian Trail Lilburn Rd NW,,Lilburn,GA,30047,,GWINNETT
Neighborhood Market,-84.146652,33.90089,646 Indian Trl Rd NW,,Lilburn,GA,30047,6837,GWINNETT
INGLES MARKETS 402,-84.171478,33.88855,650 Rockbridge Rd NW,,Lilburn,GA,30047,6029,GWINNETT
Al-far Cafe Food Mart,-84.147964,33.901039,656 Indian Trail Lilburn Rd NW,,Lilburn,GA,30047,6884,GWINNETT
Apna Bazaar,-84.162086,33.895901,722 Harbibns Rd Nw,Ste 1A,Lilburn,GA,30047,,GWINNETT
Shell Express,-84.162018,33.895988,722 Harbins Rd NW,Ste B,Lilburn,GA,30047,1600,GWINNETT
Surani Brothers Corporation,-84.163345,33.896309,732 Harbins Rd,Ste C,Lilburn,GA,30047,,GWINNETT
Super Mercado Jalisco 5,-84.113724,33.917709,733 Pleasant Hill Rd.,Suite 1200,Lilburn,GA,30047,,GWINNETT
Neighbors Market,-84.132561,33.911671,775 Beaver Ruin Rd NW,,Lilburn,GA,30047,3443,GWINNETT
Beaver Express,-84.132584,33.912418,810 Beaver Ruin Rd NW,,Lilburn,GA,30047,,GWINNETT
Jasmine Food Usa Inc,-84.134308,33.912781,845 Beaver Ruin Rd NW,,Lilburn,GA,30047,3405,GWINNETT
Carniceria Y Tienda Super Confianza Inc,-84.153671,33.904392,865 Indian Trail Lilburn Rd NW,,Lilburn,GA,30047,1724,GWINNETT
IQRA IMPORTS,-84.154655,33.905064,880 Indian Trail Lilburn Rd NW,Ste F,Lilburn,GA,30047,6844,GWINNETT
La Consentida,-84.158554,33.904579,895 Indian Trl Rd NW,Ste 13,Lilburn,GA,30047,6871,GWINNETT
Indian Trail Shell,-84.156204,33.905575,915 Indian Trail Lilburn Rd NW,,Lilburn,GA,30047,6821,GWINNETT
Exxon Food Mart,-84.15564,33.906754,930 Indian Trail Lilburn Rd NW,,Lilburn,GA,30047,6867,GWINNETT
Dominicana Supermarket Las 7 LLC,-84.156441,33.907032,950 Indian Trl Rd NW,Ste 1A,Lilburn,GA,30047,6870,GWINNETT
Food Mart And More,-84.15905,33.905537,950 Indian Trl Rd Nw,Ste 1b,Lilburn,GA,30047,6870,GWINNETT
Brixton African Market,-83.958603,33.862591,1009 Athens Hwy,Ste 9,Loganville,GA,30052,4986,GWINNETT
Shell Circle K,-83.904419,33.855854,207 Brand Rd SW,,Loganville,GA,30052,2224,GWINNETT
Chevron Circle K,-83.938965,33.880684,2705 Loganville Hwy,,Loganville,GA,30052,5118,GWINNETT
ALDI 76022,-83.925514,33.852024,370 Athens Hwy,,Loganville,GA,30052,2271,GWINNETT
Loganville Market,-83.904961,33.855301,3895 Loganville Hwy,,Loganville,GA,30052,2156,GWINNETT
Race Trac 234,-83.915497,33.849651,3940 Atlanta Hwy,,Loganville,GA,30052,,GWINNETT
Corner's Edge Butcher Shoppe,-83.913406,33.847481,3981 Atlanta Hwy,Ste 8,Loganville,GA,30052,3759,GWINNETT
Smittyco Farm,-83.977684,33.821899,4179 Elm Trace Dr,,Loganville,GA,30052,8423,GWINNETT
La Familia Mart,-83.944229,33.857109,704 Athens Hwy,,Loganville,GA,30052,4936,GWINNETT
Dollar General 12581,-83.957947,33.862438,989 Athens Hwy,,Loganville,GA,30052,7898,GWINNETT
Target Store T-982,-84.232285,33.952045,3200 HOLCOMB BRIDGE RD,,NORCROSS,GA,30092,,GWINNETT
INGLES MARKETS 474,-84.212959,33.984798,5075 PEACHTREE PKWY,,NORCROSS,GA,30092,,GWINNETT
HONG KONG SUPERMARKET,-84.204117,33.908833,5495 JIMMY CARTER BLVD,STE F-100,NORCROSS,GA,30093,,GWINNETT
KROGER 389,-84.200844,33.904915,6050 SINGLETON RD,,NORCROSS,GA,30093,,GWINNETT
QUICK FOOD MART,-84.234779,33.905926,6910 DAWSON BLVD,,NORCROSS,GA,30093,,GWINNETT
Norcross Food & Gas no,-84.19442,33.896481,1164 Rockbridge Rd,,Norcross,GA,30093,3803,GWINNETT
Super Carniceria Jalisco 4,-84.160965,33.911846,1175 Indian Trail Rd,Ste A,Norcross,GA,30093,4521,GWINNETT
CVS Pharmacy 7633,-84.160263,33.913193,1190 Indian Trail Lilburn Rd,,Norcross,GA,30093,4594,GWINNETT
Lucky Food Shop,-84.195518,33.895809,1191 Rockbridge Rd,,Norcross,GA,30093,3800,GWINNETT
Ivoire Market And Cuisine,-84.195908,33.896248,1210 Rockbridge Rd,Ste L,Norcross,GA,30093,,GWINNETT
Family Dollar 8049,-84.163589,33.914753,1250 Tech Dr,Ste 480,Norcross,GA,30093,2501,GWINNETT
Food Depot 55,-84.16349,33.915218,1250 Tech Dr,Ste 300,Norcross,GA,30093,2577,GWINNETT
Sustainable Norcross Inc,-84.211594,33.941868,13 College St,,Norcross,GA,30071,2541,GWINNETT
QUIKTRIP 714,-84.147377,33.930984,1515 Beaver Ruin Rd,,Norcross,GA,30093,2802,GWINNETT
Shell Food Mart,-84.175499,33.926182,1745 Indian Trail Lilburn Rd,,Norcross,GA,30093,2626,GWINNETT
Valero Food Mart,-84.159248,33.935249,1795 Beaver Ruin Dia,,Norcross,GA,30093,,GWINNETT
Racetrac 2468,-84.158409,33.935631,1800 Beaver Ruin Rd,,Norcross,GA,30093,2803,GWINNETT
Ez Market,-84.15995,33.937485,1804 Beaver Ruin Rd,,Norcross,GA,30071,3810,GWINNETT
Chevron Food Mart 1,-84.177826,33.93082,1925 Indian Trail Rd,,Norcross,GA,30071,3602,GWINNETT
DollarTree 865,-84.207993,33.898445,201 N Norcross Tucker Rd,,Norcross,GA,30093,1921,GWINNETT
QuikTrip 703R,-84.177704,33.932831,2040 Beaver Ruin Rd,,Norcross,GA,30071,3771,GWINNETT
El Nuevo Mercado Del Ahorro Llc,-84.182297,33.933537,2077 Beaver Ruin Rd,Ste 240,Norcross,GA,30071,3690,GWINNETT
SUPER MERCADO JALISCO 1,-84.183777,33.935024,2175 Beaver Ruin Rd,,Norcross,GA,30071,3339,GWINNETT
Sommys Food Mart,-84.190666,33.938873,2331 Beaver Ruin Rd,,Norcross,GA,30071,3227,GWINNETT
Chevron Food Mart,-84.193596,33.939766,2394 Beaver Ruin Rd,,Norcross,GA,30071,4125,GWINNETT
El Sol Supermercado 1,-84.176697,33.965263,2880 Simpson Cir,Ste 109,Norcross,GA,30071,2821,GWINNETT
PUBLIX 560,-84.232285,33.952045,3200 Holcomb Bridge Rd,,Norcross,GA,30092,3361,GWINNETT
QUIKTRIP 735,-84.249245,33.941956,3229 Peachtree Corners Cir,,Norcross,GA,30092,3609,GWINNETT
DollarTree 1083,-84.255295,33.966496,4015 Holcomb Bridge Rd,Ste 500,Norcross,GA,30092,1882,GWINNETT
Mysha 786 Investment LLC 1,-84.188889,33.867825,4124 Jimmy Carter Blvd,Ste A,Norcross,GA,30093,5211,GWINNETT
Vp Foodmart,-84.187767,33.867859,4125 Jimmy Carter Blvd,,Norcross,GA,30093,5212,GWINNETT
SUPERMERCADO EL TAPATIO 2,-84.188309,33.869678,4142 Jimmy Carter Blvd,,Norcross,GA,30093,7400,GWINNETT
Amoco Food Mart,-84.188171,33.869968,4169 Jimmy Carter Blvd,Unit B,Norcross,GA,30093,5212,GWINNETT
Super Mercado Mexican,-84.188171,33.869968,4169 Jimmy Carter Blvd,Unit A,Norcross,GA,30093,5212,GWINNETT
Quick Pick Food Mart,-84.146599,33.931549,4181 Steve Reynolds Blvd,Ste 110,Norcross,GA,30093,3142,GWINNETT
Exxon Food Mart,-84.19165,33.884548,4614 Jimmy Carter Blvd,,Norcross,GA,30093,3740,GWINNETT
Supermercado Talpa Inc. Talpa 1,-84.19268,33.88615,4664 Jimmy Carter Blvd,,Norcross,GA,30093,3715,GWINNETT
Jc Food Mart,-84.195709,33.890202,4840 Jimmy Carter Blvd,Ste B,Norcross,GA,30093,3618,GWINNETT
Citgo Food Shop 0,-84.197227,33.894459,4970 Jimmy Carter Blvd,Ste A,Norcross,GA,30093,3547,GWINNETT
Walmart SuperCenter 3067,-84.196747,33.895229,4975 Jimmy Carter Blvd,,Norcross,GA,30093,,GWINNETT
Bp Food Mart,-84.15976,33.912434,4976 Steve Reynolds Blvd,,Norcross,GA,30093,4613,GWINNETT
El Jalisco Market,-84.162926,33.912491,5014 Singleton Rd,,Norcross,GA,30093,6300,GWINNETT
Texaco 1,-84.163521,33.913441,5045 Singleton Rd,,Norcross,GA,30093,2524,GWINNETT
QUIKTRIP 748,-84.171906,33.922813,5095 Oakbrook Pkwy,,Norcross,GA,30093,2537,GWINNETT
CVS Pharmacy 2108,-84.213554,33.983917,5095 Peachtree Pkwy,,Norcross,GA,30092,2524,GWINNETT
Carniceria Y Tienda La Confianza 1,-84.200699,33.898979,5119 Jimmy Carter Blvd,Ste C,Norcross,GA,30093,1636,GWINNETT
Trader Joe's 734,-84.216705,33.979404,5185 Peachtree Pkwy,Ste 101,Norcross,GA,30092,6542,GWINNETT
QUIKTRIP 776,-84.218872,33.977509,5255 Peachtree Pkwy,,Norcross,GA,30092,2552,GWINNETT
WALGREEN'S 07001,-84.206123,33.902225,5296 Jimmy Carter Blvd,,Norcross,GA,30093,1603,GWINNETT
Mars Singleton Inc,-84.205055,33.902782,5297 Jimmy Carter Blvd,,Norcross,GA,30093,1602,GWINNETT
CVS Pharmacy 2228,-84.198174,33.948578,5304 Buford Hwy,,Norcross,GA,30071,2606,GWINNETT
Al Madina Grocery 1,-84.205666,33.904087,5345 Jimmy Carter Blvd,Ste C,Norcross,GA,30093,1515,GWINNETT
Family Dollar 3891,-84.205711,33.904366,5345 Jimmy Carter Blvd,,Norcross,GA,30093,1515,GWINNETT
QuikTrip 1718,-84.206314,33.905426,5386 Jimmy Carter Blvd,,Norcross,GA,30093,1510,GWINNETT
Citgo Food Mart,-84.199196,33.949318,5395 Buford Hwy,Ste A,Norcross,GA,30071,2658,GWINNETT
Jimmy Carter Amoco,-84.206451,33.906105,5402 Jimmy Carter Blvd,,Norcross,GA,30093,1530,GWINNETT
Shell Food Mart,-84.207016,33.908024,5476 Jimmy Carter Blvd,Ste 103,Norcross,GA,30093,1558,GWINNETT
Quick Mart,-84.203682,33.944378,5496 Buford Hwy,,Norcross,GA,30071,3938,GWINNETT
Guadalajara Supermarket #2,-84.204514,33.944935,5505 Buford Hwy,,Norcross,GA,30071,3901,GWINNETT
Norcross Shell Food Mart,-84.206467,33.909386,5535 Jimmy Carter Blvd,,Norcross,GA,30093,1528,GWINNETT
DOLLAR GENERAL 8947,-84.183891,33.908283,5610 Singleton Rd,,Norcross,GA,30093,2207,GWINNETT
Shell Food Mart,-84.184151,33.908779,5615 Singleton Road,,Norcross,GA,30093,2485,GWINNETT
Mitchell Food Mart,-84.202209,33.933895,5646 Everglades Trl,,Norcross,GA,30071,3076,GWINNETT
Speedway 4103,-84.218277,33.955784,5660 Peachtree Industrial Blvd,,Norcross,GA,30071,1496,GWINNETT
Shreeji Cash N Carry 1,-84.208588,33.91433,5675 Jimmy Carter Blvd,Ste 102a,Norcross,GA,30071,4661,GWINNETT
Chevron Food Mart,-84.208733,33.940968,5694 Buford Hwy,,Norcross,GA,30071,2535,GWINNETT
Race Trac 490,-84.224884,33.963444,5700 Peachtree Pkwy,,Norcross,GA,30092,2813,GWINNETT
Guadalajara Super Market,-84.209846,33.940056,5730 Buford Hwy,Ste N,Norcross,GA,30071,2569,GWINNETT
Jalisco Market 2,-84.197426,33.919182,5770 Brook Hollow Pkwy,,Norcross,GA,30071,3527,GWINNETT
Quik Trip 705,-84.209015,33.917519,5795 Jimmy Carter Blvd,,Norcross,GA,30071,2930,GWINNETT
El Agave Supermercado,-84.191818,33.907917,5808 Singleton Rd,Ste 100,Norcross,GA,30093,1901,GWINNETT
Carnceria Potosina 2,-84.192719,33.908024,5824 Singleton Rd,Ste 105,Norcross,GA,30093,2029,GWINNETT
Majik Market,-84.205971,33.900574,5964 S Norcross Tucker Rd,,Norcross,GA,30093,1302,GWINNETT
Express Food Mart,-84.215561,33.935257,5965 Buford Hwy,,Norcross,GA,30071,2406,GWINNETT
Walgreens 06207,-84.232513,33.957199,5985 Peachtree Pkwy,,Norcross,GA,30092,2818,GWINNETT
Supermercado La Confianza #4,-84.20797,33.899117,6045 S Norcross Tucker Rd,Ste B,Norcross,GA,30093,5507,GWINNETT
Bejucos Market,-84.208359,33.898109,6065 S Norcross Tucker Rd,Ste 3,Norcross,GA,30093,5508,GWINNETT
QUIKTRIP 718,-84.200127,33.905315,6065 Singleton Rd,,Norcross,GA,30093,1914,GWINNETT
Chevron Food Mart,-84.207932,33.897884,6070 S Norcross Tucker Rd,Ste E,Norcross,GA,30093,1306,GWINNETT
Chevron Food Mart,-84.201691,33.905273,6075 Singleton Rd,,Norcross,GA,30093,1976,GWINNETT
Shop-N-Go,-84.20916,33.897144,6083 S Norcross Tucker Rd,,Norcross,GA,30093,1340,GWINNETT
Jalisco Market,-84.209778,33.897057,6101 S Norcross Tucker Rd,Ste B1,Norcross,GA,30093,5516,GWINNETT
Nam Dae Mun Farmers Market,-84.211746,33.896378,6131 S Norcross Tucker Rd,Ste 600,Norcross,GA,30093,5535,GWINNETT
QUIKTRIP 750,-84.21611,33.924595,6140 Jimmy Carter Blvd,,Norcross,GA,30071,2944,GWINNETT
SUPERMERCADO JALISCO 4,-84.224243,33.931744,6200 Buford Hwy,,Norcross,GA,30071,2342,GWINNETT
Chevron Quick Mart,-84.231804,33.907326,6780 Dawson Bvd,Suite 102,Norcross,GA,30093,1007,GWINNETT
Race Trac 2329,-84.238174,33.941902,6875 Jimmy Carter Blvd,,Norcross,GA,30071,1237,GWINNETT
Super Carniceria Jalisco 6,-84.264091,33.931587,7131 Peachtree Industrial Blvd,Ste 103,Norcross,GA,30092,5749,GWINNETT
Express Supermercado,-84.251282,33.944626,3330 Peachtree Corner Circle,Ste G,Peachtree Corners,GA,30092,,GWINNETT
A1 Market,-84.2509,33.945198,3330 Peachtree Corners Cir,Ste B,Peachtree Corners,GA,30092,3657,GWINNETT
New A-life Tropical Market,-84.240265,33.952164,3380 Holcomb Bridge Rd,Ste 5,Peachtree Corners,GA,30092,5410,GWINNETT
Exxon,-84.208015,33.968418,3415 Medlock Bridge Rd,,Peachtree Corners,GA,30092,2630,GWINNETT
Bp Food Mart 0,-84.258202,33.967686,4057 Holcomb Bridge Rd,,Peachtree Corners,GA,30092,1879,GWINNETT
Sprouts Farmers Market 513,-84.214592,33.981853,5130 Peachtree Pkwy,Ste 100,Peachtree Corners,GA,30092,2525,GWINNETT
Chevron Food Mart,-84.207253,33.969524,5175 S Old Peachtree Rd,,Peachtree Corners,GA,30092,,GWINNETT
Lidl 1439,-84.217918,33.976883,5270 Peachtree Pkwy NW,,Peachtree Corners,GA,30092,,GWINNETT
Chevron Food Mart,-84.208939,33.961834,5345 Peachtree Industrial Blvd,,Peachtree Corners,GA,30092,4455,GWINNETT
Racetrac 2524,-84.228111,33.960285,5780 Peachtree Pkwy,,Peachtree Corners,GA,30092,2813,GWINNETT
ALDI 76002,-84.23481,33.95145,6135 Peachtree Pkwy,Ste 302,Peachtree Corners,GA,30092,3360,GWINNETT
QuikTrip 1766,-84.239662,33.942551,6330 Cash Ct,,Peachtree Corners,GA,30071,1213,GWINNETT
Circle K Vp Foodmart,-84.240288,33.944916,6385 Peachtree Industrial Blvd,,Peachtree Corners,GA,30092,3243,GWINNETT
Shell Food Mart,-84.241661,33.944183,6405 Peachtree Industrial Blvd,Ste D,Peachtree Corners,GA,30092,3824,GWINNETT
Blessed African Market,-84.240967,33.945202,7040 Jimmy Carter Blvd,Ste 2,Peachtree Corners,GA,30092,5401,GWINNETT
Supermercado Talpa 10,-84.241821,33.9473,7050 Jimmy Carter Blvd,Ste 118,Peachtree Corners,GA,30092,3200,GWINNETT
Target Store T-917,-84.01519,33.876774,1905 SCENIC HWY N,,SNELLVILLE,GA,30078,,GWINNETT
Walmart 3072,-84.034241,33.852985,2912 W MAIN ST,,SNELLVILLE,GA,30078,,GWINNETT
Walmart S/C 3462,-84.050697,34.036465,3245 LAWRENCEVILLE SUWANEE RD,,SUWANEE,GA,30024,,GWINNETT
KROGER 434,-84.167831,34.068668,3651 PEACHTREE PKWY,,SUWANEE,GA,30024,,GWINNETT
KROGER 426,-84.072151,34.06414,400 PEACHTREE INDUSTRIAL BLVD,,SUWANEE,GA,30024,,GWINNETT
Sam's Club 4739,-84.009033,33.88858,1520 Scenic Hwy N,,Snellville,GA,30078,2130,GWINNETT
Walmart Supercenter 1720,-84.007561,33.886475,1550 Scenic Hwy N,,Snellville,GA,30078,2130,GWINNETT
KROGER 483,-84.01133,33.8815,1670 Highway 124 N Ste F,,Snellville,GA,30078,5646,GWINNETT
PUBLIX 508,-84.01519,33.876774,1905 Scenic Hwy N,Ste 4000,Snellville,GA,30078,5635,GWINNETT
QUIKTRIP 804,-83.994057,33.855999,1912 Highway 78 E,,Snellville,GA,30078,3456,GWINNETT
CVS PHARMACY 4512,-84.014359,33.872429,1938 Scenic Hwy N,,Snellville,GA,30078,2155,GWINNETT
CVS Pharmacy 7893,-83.994675,33.856094,1960-A East Main St,,Snellville,GA,30078,,GWINNETT
Snellville Caribbean Market,-83.996262,33.856247,1982 Main St E,Ste J,Snellville,GA,30078,6461,GWINNETT
DollarTree 370,-84.015114,33.870342,1997 Scenic Hwy N,,Snellville,GA,30078,2149,GWINNETT
QUIKTRIP 794,-84.014938,33.87064,2008 Scenic Hwy N,,Snellville,GA,30078,2151,GWINNETT
Chevron Food Mart,-84.069511,33.840214,2100 Killian Hill Rd,,Snellville,GA,30039,7943,GWINNETT
RaceTrac 2354,-84.019173,33.859608,2211 Scenic Hwy N,,Snellville,GA,30078,2653,GWINNETT
Nepali Grocery Mart,-84.02404,33.853863,2302 Henry Clower Blvd,#A,Snellville,GA,30078,3108,GWINNETT
Citgo Food Store,-84.020973,33.856144,2304 Scenic Hwy S,Ste A,Snellville,GA,30078,3151,GWINNETT
Wilkes Custom Cut Meats,-84.020973,33.856144,2304 Scenic Hwy S,Suite F,Snellville,GA,30078,3151,GWINNETT
DOLLAR GENERAL 1520,-84.02153,33.852989,2326 Henry Clower Blvd,,Snellville,GA,30078,3108,GWINNETT
Daily Food Mart,-84.023064,33.853542,2355 Scenic Hwy S,,Snellville,GA,30078,3114,GWINNETT
Quickshop,-84.033394,33.840405,2595 Highpoint Rd,Ste 200,Snellville,GA,30078,5777,GWINNETT
International Halal Store #2,-84.025391,33.856319,2671 Main St W,,Snellville,GA,30078,3161,GWINNETT
Texaco Food Mart,-84.033043,33.854225,2899 Main St W,,Snellville,GA,30078,3154,GWINNETT
Chevron Food Mart,-84.032234,33.826965,2991 Everson Rd,,Snellville,GA,30039,6295,GWINNETT
CVS Pharmacy 2101,-84.031471,33.826279,3010 Scenic Hwy S,# 124,Snellville,GA,30039,7202,GWINNETT
KROGER 484,-84.033241,33.824772,3035 Scenic Hwy S,,Snellville,GA,30039,,GWINNETT
Chevron Food Mart,-84.008774,33.834118,3095 Lenora Church Rd,,Snellville,GA,30078,3621,GWINNETT
Koala 8,-84.008347,33.832916,3125 Lenora Church Rd,,Snellville,GA,30039,4801,GWINNETT
Amoco Gas & Food,-84.043358,33.851257,3180 Stone Mountain Hwy,,Snellville,GA,30078,7417,GWINNETT
Family Dollar 11178,-84.044189,33.85144,3193 Stone Mountain Hwy,,Snellville,GA,30078,,GWINNETT
Speedway 4105,-84.044243,33.85141,3205 Stone Mountain Hwy,,Snellville,GA,30078,4124,GWINNETT
Exxon,-84.04171,33.814381,3283 Centerville Hwy,,Snellville,GA,30078,,GWINNETT
K And B Food Mart #1,-84.041451,33.812538,3290 Centerville Hwy,,Snellville,GA,30039,6114,GWINNETT
Diallo's Tropical Supermarket groceri,-84.046677,33.849899,3293 Stone Mountain Hwy,Ste D,Snellville,GA,30078,6834,GWINNETT
Family Dollar 12308,-84.041901,33.813282,3295 Highway 124,,Snellville,GA,30039,6113,GWINNETT
Carniceria Y Taqueria La Moreliana,-84.041557,33.812035,3300 Centerville Hwy,Ste 1201,Snellville,GA,30039,,GWINNETT
ALDI 71023 71023,-84.041702,33.810913,3340 Centerville Hwy,,Snellville,GA,30039,6116,GWINNETT
Tammax Caribbean Market,-84.043251,33.80714,3400 Centerville Hwy,Ste D,Snellville,GA,30039,5995,GWINNETT
DollarTree 3672,-84.043869,33.806892,3425 Centerville Hwy,Ste 2A,Snellville,GA,30039,3128,GWINNETT
Walmart SUPERCENTER 3389,-84.043472,33.806259,3435 Centerville Hwy,,Snellville,GA,30039,6117,GWINNETT
Quiktrip 816,-84.042358,33.80452,3490 Centerville Hwy,,Snellville,GA,30039,6118,GWINNETT
Walgreen 10248,-84.043091,33.803543,3505 Centerville Hwy,,Snellville,GA,30039,6405,GWINNETT
Dominions Happy Market,-84.054489,33.845695,3541 Stone Mountain Hwy,Ste 5,Snellville,GA,30078,6835,GWINNETT
PUBLIX 0539,-84.042328,33.801762,3550 Centerville Hwy,Ste 201,Snellville,GA,30039,4133,GWINNETT
DOLLAR GENERAL 13941,-84.010681,33.782829,3570 Lee Rd,,Snellville,GA,30039,5624,GWINNETT
Snellville Chevron,-84.011566,33.783512,3585 Lee Rd,,Snellville,GA,30039,5623,GWINNETT
Parkwood Road Convenience Store,-84.054588,33.84409,3590 Stone Mountain Hwy,,Snellville,GA,30078,4118,GWINNETT
Dry Food Tropical Marcket,-84.058952,33.842758,3725 Stone Mountain Hwy,Ste F,Snellville,GA,30039,7968,GWINNETT
Valero Fastmart,-84.040886,33.795731,3730 Centerville Hwy,,Snellville,GA,30039,6410,GWINNETT
Chevron Food Mart,-84.00856,33.812626,3750 Lenora Church Rd,,Snellville,GA,30039,5429,GWINNETT
LIDL 1262,-84.062897,33.840767,3821 Stone Mountain Hwy,,Snellville,GA,30039,3933,GWINNETT
Race Trac 55,-84.063042,33.839802,3840 Highway 78 W,,Snellville,GA,30039,3935,GWINNETT
City Farmers Market 3 Inc 3,-84.068748,33.837868,4002 Highway 78 W,,Snellville,GA,30039,7915,GWINNETT
Lenora Exxon Food Mart,-84.002441,33.801563,4116 Lenora Church Rd,Ste B,Snellville,GA,30039,5320,GWINNETT
Shell Annistown,-84.054764,33.804859,4196 Annistown Rd,,Snellville,GA,30039,6929,GWINNETT
Annistown Mart,-84.056091,33.805054,4222 Annistown Rd,,Snellville,GA,30039,7302,GWINNETT
Dollar General 20478,-84.044113,33.780193,4385 Castle Gate Dr,,Snellville,GA,30039,6470,GWINNETT
Food Mart,-84.008797,33.763885,4465 Mink Livsey Rd,Ste 100,Snellville,GA,30039,5641,GWINNETT
Mountain Mart And Car Wash,-84.113029,33.824078,1510 E Park Place Blvd,,Stone Mountain,GA,30087,3400,GWINNETT
DollarTree 436,-84.118996,33.823746,1900 Rockbridge Rd,Ste H,Stone Mountain,GA,30087,3333,GWINNETT
Quick Pick Mart,-84.113152,33.820999,2075 Rockbridge Rd,,Stone Mountain,GA,30087,3513,GWINNETT
Bp Rockbridge,-84.096405,33.808907,2696 Rockbridge Rd,,Stone Mountain,GA,30087,3717,GWINNETT
Annistown Food And Gas Inc,-84.090591,33.805668,5032 Annistown Rd,,Stone Mountain,GA,30087,3806,GWINNETT
QuikTrip 795R,-84.103226,33.824978,5065 Stone Mountain Hwy,,Stone Mountain,GA,30087,3410,GWINNETT
Smart Food Mart 2,-84.096062,33.807873,5150 Annistown Rd,,Stone Mountain,GA,30087,3834,GWINNETT
Stone Mountain Mart,-84.112816,33.823044,5260 Stone Mountain Hwy,,Stone Mountain,GA,30087,3418,GWINNETT
Walgreens 7608,-84.131378,33.839966,5435 Five Forks Trickum Rd,,Stone Mountain,GA,30087,3045,GWINNETT
Rockbridge Rd Tropical Market,-84.186073,33.894505,3965 Rockbridge Rd,Suite M,Stonemountain,GA,30093,,GWINNETT
Supermercado La Amistad LLC,-84.029121,34.106773,1330 Peachtree Industrial Blvd,Ste D4,Sugar Hill,GA,30518,4765,GWINNETT
Food Mart,-84.030418,34.094955,4591 Old Suwanee Rd,,Sugar Hill,GA,30518,5354,GWINNETT
Race Trac 2424,-84.031212,34.106323,4930 Nelson Brogdon Blvd,,Sugar Hill,GA,30518,6310,GWINNETT
Sabor Latino Abarrotes,-84.033485,34.105705,4955 Alton Tucker Blvd,Ste 500,Sugar Hill,GA,30518,6732,GWINNETT
European Taste Llc,-84.044151,34.111336,5192 Nelson Brogdon Blvd,Suite 400,Sugar Hill,GA,30518,,GWINNETT
Pit Stop Convenient Store,-84.03994,34.111259,5192 Nelson Brogdon Blvd,STE 600,Sugar Hill,GA,30518,,GWINNETT
Kroger 687,-84.056931,34.111721,6001 Cumming Highway,,Sugar Hill,GA,30518,,GWINNETT
PUBLIX 615,-84.089584,34.051369,1000 Peachtree Industrial Blvd,,Suwanee,GA,30024,,GWINNETT
Shell Food Mart,-84.091255,34.049187,1072 Peachtree Industrial Blvd,,Suwanee,GA,30024,1920,GWINNETT
QUIKTRIP 769,-84.091751,34.049843,1075 Peachtree Industrial Blvd,,Suwanee,GA,30024,1919,GWINNETT
Walgreens 6699,-84.09211,34.048214,1090 Peachtree Industrial Blvd,,Suwanee,GA,30024,1920,GWINNETT
Aldi 33,-84.093872,34.047832,1165 Peachtree Industrial Blvd,,Suwanee,GA,30024,,GWINNETT
Assi Plaza Sugarloaf,-84.083275,34.004971,1291 Old Peachtree Rd NW,Ste 300,Suwanee,GA,30024,2072,GWINNETT
The Fresh Market 068,-84.099785,34.037243,1500 Peachtree Industrial Blvd,Ste 300,Suwanee,GA,30024,,GWINNETT
Murphy USA 6783,-84.052841,34.038494,17 Satellite Blvd NE,,Suwanee,GA,30024,7142,GWINNETT
Walgreens 05990,-84.039322,34.001953,2075 Lawrenceville Suwanee Rd,,Suwanee,GA,30024,2645,GWINNETT
Dollar General 30427,-84.041039,34.002499,2100 Lawrenceville Suwanee Rd,,Suwanee,GA,30024,2621,GWINNETT
KROGER 477,-84.03849,34.003624,2121 Lawrenceville Suwanee Rd,,Suwanee,GA,30024,2657,GWINNETT
Circle K #199,-84.051796,34.02412,215 Old Peachtree Rd NW,,Suwanee,GA,30024,2509,GWINNETT
Target Store T-2056,-84.172836,34.096954,2625 Peachtree Pkwy,,Suwanee,GA,30024,1048,GWINNETT
SUPER H MART,-84.044899,34.022011,2700 Lawrenceville Suwanee Rd,,Suwanee,GA,30024,2533,GWINNETT
Wooltari Mall N/A,-84.042755,34.026688,2855 Lawrenceville Suwanee Rd,Ste 350,Suwanee,GA,30024,3572,GWINNETT
BP Food Mart,-84.046082,34.026756,2890 Lawrenceville Suwanee Rd,,Suwanee,GA,30024,3599,GWINNETT
Valero,-84.045128,34.027451,2893 Lawrenceville Suwanee Rd,,Suwanee,GA,30024,2528,GWINNETT
Circle M Food Shop 40,-84.053047,34.022667,291 Old Peachtree Rd NW,,Suwanee,GA,30024,2509,GWINNETT
Lidl 1247,-84.168465,34.091297,2985 Peachtree Pkwy,,Suwanee,GA,30024,,GWINNETT
Chevron Food Mart n/a,-84.048775,34.031284,3033 Lawrenceville Suwanee Rd,,Suwanee,GA,30024,2411,GWINNETT
PUBLIX 1227,-84.154068,34.110271,3120 Mathis Airport Pkwy,,Suwanee,GA,30024,9126,GWINNETT
Raceway,-84.051903,34.034828,3195 Lawrenceville Suwanee Rd,,Suwanee,GA,30024,2408,GWINNETT
Patel Brothers,-84.164444,34.08437,3230 Caliber Street Suite # B 100,,Suwanee,GA,30024,,GWINNETT
Publix 565,-84.161171,34.083237,3245 Peachtree Pkwy,Ste A,Suwanee,GA,30024,,GWINNETT
DollarTree 2033,-84.052818,34.036804,3255 Lawrenceville Suwanee Rd,Ste. E,Suwanee,GA,30024,,GWINNETT
Circle K 227,-84.06562,34.031891,3285 McGinnis Ferry Rd,,Suwanee,GA,30024,3631,GWINNETT
Quiktrip 844,-84.052414,34.039284,3359 Lawrenceville Suwanee Rd,,Suwanee,GA,30024,2404,GWINNETT
Wilkes Meat Market,-84.071579,34.064869,360 Peachtree Industrial Blvd,,Suwanee,GA,30024,4056,GWINNETT
DollarTree 4810,-84.167259,34.070633,3630 Peachtree Pkwy,,Suwanee,GA,30024,,GWINNETT
Living Well Farmers Market,-84.067375,34.054798,400 Buford Hwy,,Suwanee,GA,30024,4927,GWINNETT
CVS PHARMACY 5789,-84.07428,34.063663,485 Peachtree Industrial Blvd,,Suwanee,GA,30024,3015,GWINNETT
Circle K Suwanee,-84.064117,34.05806,5 Buford Hwy,,Suwanee,GA,30024,2344,GWINNETT
Chevron Food Mart,-84.203644,33.881298,4578 Britt Rd,Ste 101,Tucker,GA,30084,1410,GWINNETT
Speedway 4104,-84.191147,33.867085,5604 Lawrenceville Hwy,,Tucker,GA,30084,1910,GWINNETT
QUIKTRIP 717,-84.209068,33.893204,6182 S Norcross Tucker Rd,,Tucker,GA,30084,1258,GWINNETT
SUPER CARNICERIA JALISCO,-84.209785,33.891766,6200 S Norcross Tucker Rd,,Tucker,GA,30084,1256,GWINNETT
Happy Shop Food Mart,-84.212723,33.890842,6289 S Norcross Tucker Rd,,Tucker,GA,30084,1406,GWINNETT
DOLLAR GENERAL 5827,-83.577461,34.464455,3421 Gainesville Hwy,,Alto,GA,30510,4632,HABERSHAM
Athi8,-83.574074,34.467285,3705 Gainesville Hwy,,Alto,GA,30510,4104,HABERSHAM
Circle K 2723313,-83.581894,34.487659,3951 State Highway 365,,Alto,GA,30510,2914,HABERSHAM
365 Foodmart,-83.587852,34.481445,416 Wilbanks Rd,Suite C,Alto,GA,30510,2822,HABERSHAM
Dollar General 13370,-83.534851,34.493927,1345 Willingham Ave,,Baldwin,GA,30511,2041,HABERSHAM
Lucky Marathon 1,-83.543694,34.499878,753 Highway 441 Byp,,Baldwin,GA,30511,1812,HABERSHAM
Walgreens 19561,-83.524155,34.613277,1235 Washington St,,Clarkesville,GA,30523,5618,HABERSHAM
Batesville Junction Store,-83.593491,34.76453,13440 Highway 197 N,,Clarkesville,GA,30523,1123,HABERSHAM
Rupakot LLC,-83.526741,34.594147,1618 441 Historic Hwy N,,Clarkesville,GA,30523,6302,HABERSHAM
INGLES MARKETS 428,-83.51683,34.603207,199 E Louise St,,Clarkesville,GA,30523,6019,HABERSHAM
Cool Springs,-83.616203,34.630051,2059 Cool Springs Rd,,Clarkesville,GA,30523,4547,HABERSHAM
Habersham Co Locally Grown,-83.523132,34.616123,260 E Green Street,,Clarkesville,GA,30523,,HABERSHAM
Clarkesville Citgo,-83.424385,34.678471,305 Pantherbrook Ln,,Clarkesville,GA,30523,3409,HABERSHAM
Hayes Corner Country Store,-83.604645,34.626987,3226 Highway 17,,Clarkesville,GA,30523,4558,HABERSHAM
City Butcher And Fish,-83.529602,34.613335,336 Monroe St,,Clarkesville,GA,30523,5728,HABERSHAM
Dollar General 11712,-83.435516,34.658409,391 Grandis Heights Cir,,Clarkesville,GA,30523,,HABERSHAM
Speed Way,-83.566238,34.610882,4753 Highway 115,,Clarkesville,GA,30523,6763,HABERSHAM
Circle K 2723324,-83.449852,34.64782,5000 Talmadge Dr,,Clarkesville,GA,30523,4450,HABERSHAM
Dollar General 20212,-83.514847,34.599812,5859 S State Highway 197,,Clarkesville,GA,30523,,HABERSHAM
HOLLAND PRODUCE,-83.548409,34.6157,5923 Highway 115,,Clarkesville,GA,30523,6743,HABERSHAM
Hasty Mart,-83.532845,34.62513,613 Highway 197 N,,Clarkesville,GA,30523,5114,HABERSHAM
DollarTree 6896,-83.520607,34.605167,613 Washington St,,Clarkesville,GA,30523,6015,HABERSHAM
Dollar General 23862,-83.544304,34.61462,6130 Highway 115,,Clarkesville,GA,30523,6734,HABERSHAM
Dollar General 16202,-83.641068,34.660992,6477 Highway 17,,Clarkesville,GA,30523,,HABERSHAM
Texaco Food Mart,-83.518959,34.602749,670 W Louise St,,Clarkesville,GA,30523,5809,HABERSHAM
Murphy Express 8695,-83.535408,34.534462,111 Vfw Post Rd,,Cornelia,GA,30531,7128,HABERSHAM
i-Market 761,-83.544983,34.511574,1590 Highway 441 Bypass,,Cornelia,GA,30531,,HABERSHAM
EMPRESAS GARCIA,-83.5308,34.499348,1709 Willingham Ave,,Cornelia,GA,30531,4210,HABERSHAM
Asian Market,-83.530724,34.510281,186 Level Grove Rd,,Cornelia,GA,30531,3288,HABERSHAM
Cornelia Foodmart,-83.529594,34.501987,186 S Main St,,Cornelia,GA,30531,3900,HABERSHAM
Cornelia Quality Foods LLC,-83.546669,34.510262,195 Quality Foods Shopping Ctr,,Cornelia,GA,30531,5788,HABERSHAM
INGLES MARKETS 61,-83.515518,34.509525,199 Habersham Ter,,Cornelia,GA,30531,3822,HABERSHAM
DollarTree 2184,-83.542549,34.543888,200 Habersham Hills Cir,,Cornelia,GA,30531,5390,HABERSHAM
DOLLAR GENERAL 8839,-83.547813,34.544765,224 Merchants Way,,Cornelia,GA,30531,4703,HABERSHAM
Walmart STORE 1403,-83.534004,34.536041,250 Furniture Dr,,Cornelia,GA,30531,,HABERSHAM
DollarTree 6889,-83.544144,34.51152,255 Habersham County Shopping Ctr,,Cornelia,GA,30531,3413,HABERSHAM
Dollar General 21424,-83.657524,34.488838,4034 Pea Ridge Rd,,Cornelia,GA,30531,8100,HABERSHAM
DOLLAR GENERAL 3256,-83.526245,34.518383,409 Cornelia Plaza Dr,,Cornelia,GA,30531,2917,HABERSHAM
Duncan Bridge Market,-83.591911,34.509884,4221 Level Grove Rd,,Cornelia,GA,30531,7121,HABERSHAM
Race Trac 625,-83.545074,34.543198,505 Historic 441 Hwy,,Cornelia,GA,30531,7115,HABERSHAM
La Tejanita 2,-83.529335,34.517269,533 N Main St,,Cornelia,GA,30531,2328,HABERSHAM
CVS PHARMACY 3798,-83.529922,34.517666,549 N Main St,,Cornelia,GA,30531,2328,HABERSHAM
L & T Asian Market,-83.529388,34.514496,558 Galloway St,,Cornelia,GA,30531,3221,HABERSHAM
Super Latino Grocery & Market,-83.529739,34.518295,597 N Main St,,Cornelia,GA,30531,2328,HABERSHAM
City Food Mart,-83.529793,34.518803,623 N Main St,,Cornelia,GA,30531,2329,HABERSHAM
Regal Mart,-83.523918,34.507515,789 S Main St,,Cornelia,GA,30531,3976,HABERSHAM
ABC Foods,-83.528465,34.521732,873 N Main St,,Cornelia,GA,30531,2304,HABERSHAM
Mini Asian Market,-83.528427,34.522305,885 N Main St,,Cornelia,GA,30531,2304,HABERSHAM
Market San Miguel,-83.528915,34.522221,897 N Main St,,Cornelia,GA,30531,2304,HABERSHAM
Chevron Foodmart Demorest,-83.540611,34.571514,1405 Central Ave,,Demorest,GA,30535,4554,HABERSHAM
Riverbend Store,-83.614227,34.603783,1941 Highway 105,,Demorest,GA,30535,2383,HABERSHAM
Dollar General 30145,-83.537849,34.577366,235 441 Historic Hwy N,,Demorest,GA,30535,4526,HABERSHAM
Country Boy,-83.577698,34.562462,2476 Cannon Bridge Rd,,Demorest,GA,30535,4700,HABERSHAM
Demorest Food Mart,-83.547295,34.56205,674 Central Ave,,Demorest,GA,30535,5533,HABERSHAM
One Stop,-83.50676,34.543949,2027 Camp Creek Rd,,Mount Airy,GA,30563,3531,HABERSHAM
Dollar General 30328,-83.487556,34.526859,2070 Dicks Hill Pkwy,,Mount Airy,GA,30563,4001,HABERSHAM
BP Food Mart,-83.442863,34.595005,310 Toccoa Hwy,,Mount Airy,GA,30563,2201,HABERSHAM
Dollar General 22395,-83.443748,34.595299,400 Toccoa Hwy,,Mount Airy,GA,30563,,HABERSHAM
Dollar General 13796,-83.493965,34.558273,2347 State Highway 197 S,,Mt Airy,GA,30563,,HABERSHAM
Shell Food Mart,-83.630936,34.435345,5804 Cornelia Hwy,,Alto,GA,30510,2214,HALL
Dollar General 30612,-83.646324,34.428253,7315 Tribble Gap Rd,,Alto,GA,30510,2109,HALL
Hasty Mart,-83.646149,34.42815,7316 Tribble Gap Rd,,Alto,GA,30510,2108,HALL
Braselton Chevron,-83.799393,34.14959,5516 Winder Hwy,,Braselton,GA,30517,1712,HALL
Friendship Food Mart,-83.93441,34.133587,4307 Friendship Rd,,Buford,GA,30519,1823,HALL
QuikTrip 1703,-83.946861,34.137314,4624 Friendship Rd,,Buford,GA,30519,1833,HALL
Shell Food Mart,-83.952957,34.142067,4780 Lanier Islands Pkwy,,Buford,GA,30518,9001,HALL
PUBLIX 0706,-83.950729,34.142216,4840 Golden Pkwy,,Buford,GA,30518,5843,HALL
Quiktrip 824,-83.964493,34.145618,927 Gainesville Hwy,,Buford,GA,30518,1613,HALL
Jubilee Ventures Usa Llc,-83.806206,34.446136,5205 Cleveland Hwy,Ste 4,Clermont,GA,30527,2233,HALL
Iga Exxon Food Mart,-83.80497,34.445629,5206 Cleveland Hwy,,Clermont,GA,30527,2200,HALL
Dollar General 10161,-83.80407,34.44899,5270 Cleveland Hwy,,Clermont,GA,30527,2200,HALL
Stop By Food Mart # 4,-83.847267,34.491119,6531 Dahlonega Hwy,,Clermont,GA,30527,1214,HALL
Jubilee Innovation Llc,-83.756081,34.502602,6822 Cleveland Hwy,,Clermont,GA,30527,1604,HALL
Mobil Food Mart,-83.756187,34.504219,6918 Cleveland Hwy,,Clermont,GA,30527,1526,HALL
PUBLIX 0844,-83.911064,34.177025,5900 SPOUT SPRINGS RD,,FLOWERY BRANCH,GA,30542,,HALL
KROGER STORE 416,-83.873756,34.108059,7380 SPROUT SPRINGS RD,,FLOWERY BRANCH,GA,30542,,HALL
Fast Food Mart,-83.862465,34.21944,3420 Winder Hwy,,Flowery Branch,GA,30542,3007,HALL
PUBLIX 634,-83.861755,34.217861,3446 Winder Hwy,,Flowery Branch,GA,30542,3007,HALL
QUIKTRIP 771,-83.863449,34.222294,3459 Mundy Mill Rd,,Flowery Branch,GA,30542,5762,HALL
Dollar General 6277,-83.871117,34.216194,3572 Atlanta Hwy,,Flowery Branch,GA,30542,2921,HALL
Lanier Produce Market,-83.857437,34.209011,3603 Valley Creek Dr,,Flowery Branch,GA,30542,3094,HALL
Yuga Express,-83.879311,34.213917,3756 Atlanta Hwy,,Flowery Branch,GA,30542,2981,HALL
Kroger Store 632,-83.858788,34.198353,4025 Winder Hwy,,Flowery Branch,GA,30542,,HALL
DollarTree 6361,-83.859245,34.196102,4026 Winder Hwy,,Flowery Branch,GA,30542,3021,HALL
CVS PHARMACY 792,-83.85878,34.194191,4050 Winder Hwy,,Flowery Branch,GA,30542,3021,HALL
Circle K 259,-83.886215,34.196083,4207 Martin Rd,,Flowery Branch,GA,30542,3510,HALL
INGLES MARKETS 412,-83.8573,34.190247,4260 Winder Hwy,,Flowery Branch,GA,30542,,HALL
Texaco Flowery Branch,-83.911385,34.195919,4603 Atlanta Hwy,,Flowery Branch,GA,30542,3184,HALL
Hog Mountain Food Mart,-83.91082,34.17543,4841 Hog Mountain Rd,Ste C,Flowery Branch,GA,30542,6427,HALL
Best Food Mart,-83.926422,34.182594,5415 Atlanta Hwy,,Flowery Branch,GA,30542,3338,HALL
DOLLAR GENERAL 11164,-83.930199,34.177284,5611 Atlanta Hwy,,Flowery Branch,GA,30542,3963,HALL
Circle K,-83.916237,34.17989,5775 Phil Niekro Blvd,Ste B2,Flowery Branch,GA,30542,6301,HALL
JP Flowery Branch 268,-83.915344,34.179283,5840 Phil Neikro Blvd,,Flowery Branch,GA,30542,6468,HALL
Target T-2387,-83.910667,34.180935,5865 Spout Springs Rd,,Flowery Branch,GA,30542,3448,HALL
Walgreens 12811,-83.90876,34.176247,5963 Spout Springs Rd,,Flowery Branch,GA,30542,3452,HALL
Clipper Petroleum 73,-83.904099,34.207951,5990 HF Reed Industrial Parkway,,Flowery Branch,GA,30542,,HALL
Grocery Express,-83.951805,34.169178,6168 Gaines Ferry Rd,Ste 3,Flowery Branch,GA,30542,5361,HALL
Shell Foodmart,-83.897514,34.157528,6360 Spout Springs Rd,,Flowery Branch,GA,30542,5011,HALL
Publix 1279,-83.876991,34.110909,7334 Spout Springs Rd,,Flowery Branch,GA,30542,5543,HALL
Circle K,-83.87542,34.111076,7342 Spout Springs Rd,,Flowery Branch,GA,30542,5543,HALL
CVS PHARMACY 5995,-83.873672,34.108032,7395 Spout Springs Rd,,Flowery Branch,GA,30542,5544,HALL
Wilkes Of Flowery Branch,-83.871544,34.106846,7433 Spout Springs Rd,Ste 103,Flowery Branch,GA,30542,8500,HALL
SUPERMERCADO YURIRIA,-83.84008,34.279354,1830 ATLANTA HWY,SUITE A,GAINESVILLE,GA,30501,,HALL
INGLES MARKETS 440,-83.835464,34.326786,3320 THOMPSON ROAD,,GAINESVILLE,GA,30501,,HALL
KROGER STORE 437,-83.871262,34.372719,3630 THOMPSON BRIDGE RD,,GAINESVILLE,GA,30506,,HALL
Walmart 510,-83.850563,34.291725,400 SHALLOWFORD RD NW,,GAINESVILLE,GA,30504,,HALL
Race Trac 2351,-83.82267,34.297894,1020 EE Butler Pkwy,,Gainesville,GA,30501,,HALL
CVS PHARMACY 4507,-83.825417,34.297283,103 Jesse Jewell Pkwy SW,,Gainesville,GA,30501,4321,HALL
AK Primo,-83.803581,34.291367,1039 Athens St,,Gainesville,GA,30501,6941,HALL
Chevron Food Mart,-83.866325,34.293396,1050 Mcever Road Ext,Ste A,Gainesville,GA,30504,3966,HALL
J & J Foods,-83.834412,34.289276,1075 Jesse Jewell Pkwy SW,,Gainesville,GA,30501,6103,HALL
Dollar General 24389,-83.859177,34.303246,1170 Dawsonville Hwy,,Gainesville,GA,30501,2623,HALL
DOLLAR GENERAL 8726,-83.83094,34.318005,1210 Thompson Bridge Rd,,Gainesville,GA,30501,1779,HALL
PUBLIX 0717,-83.831474,34.318954,1236 Thompson Bridge Rd,,Gainesville,GA,30501,1708,HALL
G&A Africa Market LLC,-83.843063,34.296837,125 John W Morrow Jr Pkwy,Ste 216,Gainesville,GA,30501,8505,HALL
Circle K 2723322,-83.816017,34.263195,1260 Candler Rd,,Gainesville,GA,30507,8417,HALL
Circle M Food Shop 1,-83.831665,34.318569,1261 Thompson Bridge Rd,,Gainesville,GA,30501,1756,HALL
Dj Oil Llc,-83.860413,34.304756,1296 Dawsonville Hwy,,Gainesville,GA,30501,2625,HALL
DollarTree 3666,-83.842224,34.296597,130 John Morrow Pkwy SW,Ste L-1,Gainesville,GA,30501,,HALL
Supermercado Tamaulipas,-83.838829,34.271225,1305 Industrial Blvd,,Gainesville,GA,30501,6571,HALL
Fiesta Sanjose,-83.860756,34.305519,1310 Dawsonville Hwy,St F,Gainesville,GA,30501,,HALL
CVS PHARMACY 5626,-83.817955,34.320885,1400 Park Hill Dr,,Gainesville,GA,30501,1948,HALL
Green Store,-83.798508,34.287361,1405 Athens St,,Gainesville,GA,30507,7301,HALL
Sm Barkati Inc,-83.841209,34.286331,1411 Browns Bridge Rd,,Gainesville,GA,30501,6139,HALL
Prime Grocery,-83.798073,34.287144,1421 Athens St,,Gainesville,GA,30507,7301,HALL
Walmart Neighborhood Market 2699,-83.833565,34.322243,1435 Thompson Bridge Rd,,Gainesville,GA,30501,1766,HALL
Race Trac 232,-83.877434,34.280724,1450 McEver Rd,,Gainesville,GA,30504,,HALL
CARNICERIA TAPATIA 1,-83.843658,34.287006,1500 Browns Bridge Rd,Ste 122,Gainesville,GA,30501,4717,HALL
Park Hill Food Mart,-83.814369,34.325993,1680 Park Hill Dr,,Gainesville,GA,30501,1952,HALL
Gainesville Valero,-83.813629,34.327625,1704 Cleveland Hwy,,Gainesville,GA,30501,1335,HALL
Los 3 Compadres,-83.815132,34.32819,1705 Cleveland Hwy,,Gainesville,GA,30501,1363,HALL
Express Foodmart,-83.841942,34.266636,1708 Atlanta Hwy,,Gainesville,GA,30504,5937,HALL
Casa Blanca,-83.847229,34.283726,1785 Browns Bridge Rd,,Gainesville,GA,30501,4723,HALL
Family Dollar 10650,-83.789948,34.281471,1800 Athens Hwy,,Gainesville,GA,30507,7355,HALL
Texaco Food Mart,-83.846039,34.260113,1860 Atlanta Hwy,,Gainesville,GA,30504,5935,HALL
Mercado Y Taqueria El Comal LLC,-83.846504,34.259666,1870 Atlanta Hwy,Ste B,Gainesville,GA,30504,5948,HALL
Inandout,-83.840233,34.331814,1878 Thompson Bridge Rd,,Gainesville,GA,30501,1119,HALL
QuikTrip 0847,-83.796295,34.31258,1910 Jesse Jewell Pkwy SE,,Gainesville,GA,30501,2500,HALL
Kroger 682,-83.796257,34.31308,1931 Jesse Jewell Pkwy SE,,Gainesville,GA,30501,2519,HALL
Chevron Food Mart,-83.78907,34.281597,2025 Athens Hwy,,Gainesville,GA,30507,7401,HALL
Tres Hermanos Groceries 2,-83.853119,34.282742,2033 Spring Rd,,Gainesville,GA,30504,4039,HALL
Speed Zone,-83.79451,34.234192,2052 Candler Rd,Ste 1,Gainesville,GA,30507,9121,HALL
Supermercado Hidalgo,-83.838997,34.285202,210 Atlanta Hwy,Ste 6,Gainesville,GA,30501,6411,HALL
Vietnamese Market,-83.838554,34.285507,210 Atlanta Hwy,Ste 4,Gainesville,GA,30501,6411,HALL
Supermercado Los 3 Hermanos,-83.784767,34.281254,2121 Athens Hwy,,Gainesville,GA,30507,1701,HALL
Citgo Food Mart 1,-83.784409,34.280754,2127 Athens Hwy,,Gainesville,GA,30507,7403,HALL
Ez Mart,-83.785606,34.280415,2128 Athens Hwy,,Gainesville,GA,30507,7404,HALL
Stop By Food Mart 2,-83.820587,34.357124,2145 Cleveland Hwy,,Gainesville,GA,30506,1911,HALL
Publix Super Markets Inc. 2006,-83.800598,34.318741,2155 Limestone Rdg NE,,Gainesville,GA,30501,2135,HALL
Chevron,-83.792015,34.227142,2178 Candler Rd,,Gainesville,GA,30507,8401,HALL
Dollar General 10170,-83.785477,34.282066,2208 Lenox Dr,,Gainesville,GA,30507,1702,HALL
J&S Food Mart,-83.842026,34.332829,2224 Thompson Bridge Rd,,Gainesville,GA,30501,1127,HALL
Dollar General 12192,-83.85334,34.280041,2275 Browns Bridge Rd,,Gainesville,GA,30501,4733,HALL
Supermercado Talpa #11 Llc 9,-83.853256,34.280071,2277 Browns Bridge Rd,,Gainesville,GA,30501,4733,HALL
Rnd Gas And Food Inc,-83.854111,34.279938,2300 Browns Bridge Rd,,Gainesville,GA,30504,6089,HALL
Circle M Food Shop 30,-83.780052,34.314571,2310 Old Cornelia Hwy,,Gainesville,GA,30507,7850,HALL
Brown Bridge Market,-83.856758,34.278515,2322 Browns Bridge Rd,Ste B,Gainesville,GA,30504,6095,HALL
Race Trac 597,-83.780922,34.331318,2410 Cornelia Hwy,,Gainesville,GA,30501,,HALL
DOLLAR GENERAL 4775,-83.806625,34.329098,2470 Limestone Pkwy,,Gainesville,GA,30501,2088,HALL
Los Girasoles,-83.768906,34.262142,2483 Athens Hwy,,Gainesville,GA,30507,7455,HALL
Chevron,-83.807861,34.331963,2550 Limestone Pkwy,Ste D,Gainesville,GA,30501,7400,HALL
Mart 24/7,-83.800697,34.282482,2580 Monroe Dr,,Gainesville,GA,30507,7347,HALL
Circle K 2723304,-83.903534,34.333576,2640 Dawsonville Hwy,,Gainesville,GA,30506,1148,HALL
DOLLAR GENERAL 15437,-83.757858,34.261372,2642 Gillsville Hwy,,Gainesville,GA,30507,7939,HALL
Dollar General 12521,-83.782539,34.211407,2646 Candler Rd,,Gainesville,GA,30507,8961,HALL
Chestatee Food Mart,-83.904129,34.333874,2652 Dawsonville Hwy,,Gainesville,GA,30506,1148,HALL
Gainesville Shell Food Mart,-83.845688,34.296822,272 Dawsonville Hwy,,Gainesville,GA,30501,3552,HALL
Fj Petroleum,-83.752419,34.263107,2808 Gillsville Hwy,Ste A,Gainesville,GA,30507,9600,HALL
Walmart Neighborhood Market 2731,-83.876518,34.279675,2892 Browns Bridge Rd,,Gainesville,GA,30504,5601,HALL
QuikTrip 1756,-83.879257,34.279877,2925 Browns Bridge Rd,,Gainesville,GA,30504,5505,HALL
Family Dollar 12233,-83.857887,34.253422,2941 Mountain View Rd,,Gainesville,GA,30504,5740,HALL
Supermercado La Superior,-83.743759,34.266541,2975 Gillsville Hwy,,Gainesville,GA,30507,7946,HALL
Piggly Wiggly Express 105,-83.742714,34.266033,2988 Gillsville Hwy,,Gainesville,GA,30507,7991,HALL
Monia Food Mart n/a,-83.883591,34.273609,3010 McEver Road Ext,,Gainesville,GA,30504,5539,HALL
Marathon Food Mart,-83.756927,34.235443,3050 Athens Hwy,Ste A,Gainesville,GA,30507,8496,HALL
Bp Food Mart,-83.866318,34.228279,3170 Frontage Rd,,Gainesville,GA,30504,8209,HALL
Carniceria Tapatia Mini,-83.861412,34.222015,3208 Atlanta Hwy,,Gainesville,GA,30507,8273,HALL
Hall Co Locally Grown,-83.824974,34.302544,322 Academy St NE,,Gainesville,GA,30501,3302,HALL
Tienda El Calentano,-83.810806,34.366089,3262 Cleveland Hwy,,Gainesville,GA,30506,1946,HALL
In-N-Out,-83.811043,34.368523,3275 Cleveland Hwy,,Gainesville,GA,30506,1930,HALL
Exxon,-83.862465,34.358906,3350 Thompson Bridge Rd,,Gainesville,GA,30506,1522,HALL
WALGREEN 9155,-83.862473,34.221268,3414 Mundy Mill Rd,,Gainesville,GA,30507,8215,HALL
Racetrac 2680,-83.742256,34.365402,3505 Kubota Way,,Gainesville,GA,30507,7751,HALL
QuikTrip 1710,-83.761307,34.349922,3522 White Sulphur Rd,,Gainesville,GA,30501,7693,HALL
ALDI 76037,-83.866196,34.229843,3640 Mundy Mill Rd,Ste 132,Gainesville,GA,30566,,HALL
CVS PHARMACY 5071,-83.87513,34.377605,3709 Thompson Bridge Rd,,Gainesville,GA,30506,5303,HALL
Publix Super Markets Inc. 2045,-83.877419,34.377983,3715 Wahoo Falls Trce,,Gainesville,GA,30506,2606,HALL
Don Mangums Grocery 1,-83.715469,34.247509,3742 Harmony Church Rd,,Gainesville,GA,30507,8021,HALL
Murphy Express 8802,-83.848061,34.293629,377 Shallowford Rd,,Gainesville,GA,30504,,HALL
Cici Market,-83.804146,34.405865,4110 Cleveland Hwy,,Gainesville,GA,30506,,HALL
Chevron Food Mart,-83.900597,34.378284,4163 Price Rd,,Gainesville,GA,30506,5367,HALL
Family Dollar 14,-83.840012,34.281723,420 Atlanta Hwy,,Gainesville,GA,30501,6434,HALL
Guadalajara Supermarket 3,-83.838524,34.28117,425 Atlanta Hwy,,Gainesville,GA,30501,6350,HALL
Dollar General 9526,-83.962799,34.308369,4450 Dawsonville Hwy,,Gainesville,GA,30506,3818,HALL
Dollar General 22250,-83.920959,34.388458,4604 Old Cool Springs Rd,,Gainesville,GA,30506,2561,HALL
Texaco Food Mart,-83.920921,34.386993,4605 Price Rd,,Gainesville,GA,30506,2507,HALL
WALGREEN 9706,-83.815063,34.309814,472 S Enota Dr NE,,Gainesville,GA,30501,2548,HALL
LOS CARRILLOS II,-83.839493,34.280128,503 Atlanta Hwy,,Gainesville,GA,30501,6344,HALL
Target Store 796,-83.84465,34.290287,514 Shallowford Rd NW,,Gainesville,GA,30504,4154,HALL
Circle M Food Shop 7,-83.806076,34.444374,5160B Cleveland Hwy,,Gainesville,GA,30506,7512,HALL
QuikTrip 1720,-83.829185,34.294186,551 Jesse Jewell Pkwy SW,,Gainesville,GA,30501,4205,HALL
DollarTree 7889,-83.814659,34.310688,599 S Enota Dr NE,,Gainesville,GA,30501,2545,HALL
Walgreens 06374,-83.842148,34.289841,649 Shallowford Rd NW,,Gainesville,GA,30504,4146,HALL
Dollar General 22134,-84.01812,34.24744,6765 Browns Bridge Road,,Gainesville,GA,30506,,HALL
Super Mercado Carrillo El Guero 1,-83.831429,34.284321,730 Pearl Nix Pkwy,,Gainesville,GA,30501,8528,HALL
Hall County Farmers Market,-83.790642,34.314083,734 E Crescent Dr,,Gainesville,GA,30501,5034,HALL
ALDI 76015,-83.85434,34.298237,834 B Dawsonville Hwy,,Gainesville,GA,30501,,HALL
Tres Hermanos Groceries,-83.819748,34.291592,838 Chestnut St SE,,Gainesville,GA,30501,4802,HALL
Tienda Guatemala De Lopez Llc 1,-83.82663,34.286812,845 Queen City Pkwy,,Gainesville,GA,30501,6655,HALL
PUBLIX 1110,-83.859573,34.296337,879 Dawsonville Hwy,,Gainesville,GA,30501,2616,HALL
QUIKTRIP 708,-83.811035,34.28804,897 W Ridge Rd,,Gainesville,GA,30501,6965,HALL
Tienda Betel,-83.836609,34.296703,901 Washington St SW,,Gainesville,GA,30501,3588,HALL
Circle K 2723305,-83.826294,34.285797,937 Queen City Pkwy,,Gainesville,GA,30501,6773,HALL
Race Trac 627,-83.821739,34.275974,1294 W Ridge Rd,,Gainsville,GA,30501,,HALL
Tienda Silvestre 1,-83.843361,34.263306,1775 Atlanta Hwy Sw Ste-102,,Gainsville,GA,30504,,HALL
Dollar General 15964,-83.634964,34.308495,6264 Highway 52,,Gillsville,GA,30543,2404,HALL
Coastal Foodmart,-83.634468,34.308186,6274 Highway 52,,Gillsville,GA,30543,2404,HALL
Clipper Petroleum 72,-84.420662,34.406956,2101 Waleska Highway 108,,Jasper,GA,30542,,HALL
Dollar General 30550,-83.573868,34.347504,2378 Hwy 51 S,,Lula,GA,30554,,HALL
Circle M Food Shop 12,-83.690125,34.395508,4504 Cornelia Hwy,,Lula,GA,30554,2512,HALL
Lula Food Mart,-83.679512,34.379253,5505 Lula Rd,,Lula,GA,30554,2885,HALL
Lula Grocery 1,-83.668343,34.386852,5919 Main St,,Lula,GA,30554,2814,HALL
DOLLAR GENERAL 6341,-83.691811,34.39579,6117 Lula Rd,,Lula,GA,30554,2330,HALL
DOLLAR GENERAL 6799,-83.897659,34.410217,5114 Thompson Bridge Rd,,Murrayville,GA,30564,1929,HALL
Golden Pantry Food Stores 1058,-83.901031,34.413513,5194 Thompson Bridge Rd,,Murrayville,GA,30564,1929,HALL
Fortuna Supermercado,-83.90419,34.415699,5337 Thompson Bridge Rd,,Murrayville,GA,30564,1947,HALL
Shell Food Mart,-83.90329,34.415493,5338 Thompson Bridge Rd,,Murrayville,GA,30564,1941,HALL
Valero Food Mart,-83.906288,34.420017,5521 Thompson Bridge Rd,,Murrayville,GA,30564,1949,HALL
Flowers Bakery Outlet 163,-83.858932,34.233757,2822 FRONTAGE RD,,OAKWOOD,GA,30501,,HALL
DollarTree 13,-83.869278,34.229931,3715 Mundy Mill Rd,Ste D,Oakwood,GA,30566,3422,HALL
Sam's Club 6644,-83.873863,34.22995,3839 Mundy Mill Rd,,Oakwood,GA,30566,3415,HALL
Walmart Supercenter 3627,-83.870705,34.232063,3875 Mundy Mill Rd,,Oakwood,GA,30566,3415,HALL
Race Trac 621,-83.875313,34.237762,3980 Mundy Mill Rd,,Oakwood,GA,30566,3411,HALL
CVS PHARMACY 4721,-83.891563,34.253422,4233 McEver Rd,,Oakwood,GA,30566,2238,HALL
DOLLAR GENERAL 9656,-83.892723,34.241535,4621 McEver Rd,,Oakwood,GA,30566,2611,HALL
129 Shell Food Mart 1,-83.733116,34.223927,3509 Al Mangum Rd,,Talmo,GA,30575,2012,HALL
Juju Market,-82.983788,33.273949,12166 Broad St,,Sparta,GA,31087,1414,HANCOCK
Quick Stop,-82.981644,33.274704,12333 Broad St,,Sparta,GA,31087,1428,HANCOCK
Peters Food Mart,-82.972748,33.275417,12820 Broad St,,Sparta,GA,31087,1767,HANCOCK
Sparta Foodmart,-82.972847,33.276196,12825 Broad St,,Sparta,GA,31087,1766,HANCOCK
Golden Pantry Food Stores 1100,-82.971001,33.276562,12923 Broad St,,Sparta,GA,31087,1738,HANCOCK
The Beulah Stop,-83.056427,33.142792,2974 Beulah Hwy,,Sparta,GA,31087,7426,HANCOCK
Sandy's Iga,-82.974007,33.274799,385 Spring St,,Sparta,GA,31087,1901,HANCOCK
Anslie Cafe And Mini Mart,-83.216347,33.218025,3950 Lake Sinclair Dr,,Sparta,GA,31087,6242,HANCOCK
Dollar General 18028,-83.075272,33.215641,5121 Highway 22 W,,Sparta,GA,31087,,HANCOCK
Family Dollar 1936,-82.974106,33.271587,602 Spring St,,Sparta,GA,31087,9788,HANCOCK
Mini Food Mart,-82.974724,33.286739,606 Powelton Ave,,Sparta,GA,31087,1553,HANCOCK
DUNN PACKING,-82.86274,33.300835,781 Dunn Rd,,Sparta,GA,31087,8431,HANCOCK
Bp South,-82.952141,33.268311,7950 GA Highway 15,,Sparta,GA,31087,3540,HANCOCK
Rockys Food Mart,-82.970161,33.275902,9111 E Broad St,,Sparta,GA,31087,2078,HANCOCK
Dollar General 11313,-82.97673,33.277897,9632 Jones St,,Sparta,GA,31087,1500,HANCOCK
Express Point 28,-85.148537,33.719288,102 Atlantic Ave,,Bremen,GA,30110,1803,HARALSON
Marathon Gas & Food,-85.154053,33.692684,156 US Highway 27 Byp,,Bremen,GA,30110,1970,HARALSON
Walgreens 11685,-85.145958,33.719948,201 Pacific Ave,,Bremen,GA,30110,2044,HARALSON
CVS Pharmacy 7721,-85.144646,33.719711,206 Alabama Ave S,,Bremen,GA,30110,2002,HARALSON
INGLES MARKETS 105,-85.150894,33.694752,2865 Music Mill Rd,,Bremen,GA,30110,2542,HARALSON
DOLLAR GENERAL 2618,-85.145355,33.697525,3050 Bremen Mt Zion Rd,,Bremen,GA,30110,2545,HARALSON
Walmart 856,-85.160362,33.707016,404 U S Highway 27 Byp,,Bremen,GA,30110,1950,HARALSON
Dollar General 24985,-85.154129,33.746143,46 Corinth Poseyville Rd,,Bremen,GA,30110,3900,HARALSON
Dollar General 22666,-85.099945,33.815296,4762 Cashtown Rd,,Bremen,GA,30110,2784,HARALSON
People Pleasure,-85.141159,33.722828,525 Pacific Ave,,Bremen,GA,30110,2137,HARALSON
Waco Mini Mart,-85.182724,33.704597,5749 US Highway 78,,Bremen,GA,30110,,HARALSON
Murphy USA 6942,-85.16349,33.709557,6425 Hwy. 78 W.,Ste 1,Bremen,GA,30110,,HARALSON
Marathon Food Mart,-85.164886,33.723522,644 Waddell St,,Bremen,GA,30110,1586,HARALSON
Quick Stop,-85.100861,33.817032,7000 Georgia Highway 120,,Bremen,GA,30110,2697,HARALSON
Chehar Maa,-85.114395,33.721313,8045 US Highway 78,,Bremen,GA,30110,4127,HARALSON
DOLLAR GENERAL 15175,-85.129951,33.723724,830 Pacific Ave,,Bremen,GA,30110,2234,HARALSON
Pacific Avenue Food Mart,-85.130318,33.723717,835 Pacific Ave,,Bremen,GA,30110,2233,HARALSON
Kpmp Sons Llc,-85.207893,33.831459,25 Mormon Church Rd,,Buchanan,GA,30113,3601,HARALSON
Dollar General 30666,-85.22403,33.893425,29 Felton Rockmart Rd,,Buchanan,GA,30113,2830,HARALSON
Busybee,-85.190407,33.807411,3799 Business 27,,Buchanan,GA,30113,4398,HARALSON
DOLLAR GENERAL 8344,-85.187912,33.802357,4290 Georgia Highway 120,,Buchanan,GA,30113,4900,HARALSON
Kwik Way,-85.175629,33.803837,4683 GA Hwy 120,,Buchanan,GA,30113,4909,HARALSON
Nicks Superette,-85.087631,33.819775,7419 State Highway 120,,Buchanan,GA,30113,,HARALSON
Family Dollar 2053,-85.29039,33.744461,6 ROBERTSON AVE,,TALLAPOOSA,GA,30176,,HARALSON
Exxon Food Mart,-85.261391,33.687351,1031 Georgia Highway 100 S,,Tallapoosa,GA,30176,4302,HARALSON
DOLLAR GENERAL 9117,-85.282089,33.743294,105 Dewey St,,Tallapoosa,GA,30176,1512,HARALSON
CVS Pharmacy 4576,-85.288948,33.744991,107 Spring St,,Tallapoosa,GA,30176,1293,HARALSON
Tallapoosa Food Mart,-85.293587,33.743263,111 W Atlanta St,,Tallapoosa,GA,30176,1855,HARALSON
Cheap Tobacco,-85.298538,33.743927,1833 US Highway 78,,Tallapoosa,GA,30176,1369,HARALSON
Jim's Produce Market,-85.293953,33.744457,1981 US Highway 78,,Tallapoosa,GA,30176,1624,HARALSON
J's GMC,-85.293068,33.744694,2000 US Highway 78,,Tallapoosa,GA,30176,1333,HARALSON
Farmers Fresh Csa,-85.23365,33.764812,2011 GA Highway 120,,Tallapoosa,GA,30176,3219,HARALSON
Krish Food Mart,-85.290665,33.744667,2076 US Highway 78,,Tallapoosa,GA,30176,1368,HARALSON
Rocky's Food Mart,-85.299744,33.753902,224 Broad St,,Tallapoosa,GA,30176,1180,HARALSON
PIGGLY WIGGLY 48,-85.282631,33.744034,2310 US Highway 78,,Tallapoosa,GA,30176,1549,HARALSON
Jack & Sandra Produce,-85.312073,33.736107,2928 Providence Church Rd,,Tallapoosa,GA,30176,3525,HARALSON
Tallapoosa Food Mart,-85.295998,33.788704,5185 GA Highway 100 N,,Tallapoosa,GA,30176,2371,HARALSON
Seans Country Stop,-85.263718,33.672478,524 Georgia Highway 100 S,,Tallapoosa,GA,30176,4414,HARALSON
Dollar General 20105,-85.262894,33.678707,760 GA Highway 100 S,,Tallapoosa,GA,30176,4416,HARALSON
Newborn Truck Stop,-85.285881,33.736916,840 Georgia Hwy 100 S,Unit A,Tallapoosa,GA,30176,,HARALSON
Pilot Travel Center 312,-85.262466,33.682365,882 Georgia Hwy 100,,Tallapoosa,GA,30176,,HARALSON
Friendly Corner,-85.295631,33.76667,950 Bowdon St,,Tallapoosa,GA,30176,1023,HARALSON
DOLLAR GENERAL 13948,-85.037498,33.828403,51 Eaves Dr,,Temple,GA,30179,2525,HARALSON
DRAKETOWN SUPERETTE,-85.040482,33.828217,8885 Georgia Highway 120,,Temple,GA,30179,2589,HARALSON
Love' Travel Stops & Country Stores Inc 311,-85.188515,33.691608,523 Atlantic Ave,,Waco,GA,30182,2443,HARALSON
J And J Foodmart,-84.902298,32.62262,1205 Us Highway 27,,Cataula,GA,31804,4103,HARRIS
DOLLAR GENERAL 11214,-84.869232,32.65572,31 Lewis Cir,,Cataula,GA,31804,,HARRIS
Billy's Supermarket,-84.873863,32.649094,3740 US Highway 27,,Cataula,GA,31804,3815,HARRIS
Mulberry Food Mart,-84.957016,32.667194,6017 GA Highway 315,,Cataula,GA,31804,2457,HARRIS
Dollar General 14824,-84.789314,32.638279,18 Madison Way,,Ellerslie,GA,31807,5668,HARRIS
HOLLANDS CORNER,-85.037163,32.626423,1477 GA Highway 219,,Fortson,GA,31808,4011,HARRIS
M & M Mini Foodmart,-85.045547,32.634132,2222 GA Highway 219,,Fortson,GA,31808,4000,HARRIS
Circle K Stores 6699,-84.875008,32.757622,122 S College St,,Hamilton,GA,31811,5330,HARRIS
Short Stops,-84.874748,32.76009,132 N College St,,Hamilton,GA,31811,6031,HARRIS
DOLLAR GENERAL 6483,-84.89151,32.756096,28 Mountain Creek Dr,,Hamilton,GA,31811,,HARRIS
Pine Mountain Supermarket,-84.853615,32.864109,103 S Commerce Ave,,Pine Mountain,GA,31822,2472,HARRIS
Circle K Store 6720,-84.854813,32.864685,108 W Harris St,,Pine Mountain,GA,31822,,HARRIS
Family Dollar 8723,-84.852432,32.860573,338 S Main Ave,,Pine Mountain,GA,31822,2353,HARRIS
Pine Mountain 343 Inc,-84.857063,32.86779,343 N Main Ave,,Pine Mountain,GA,31822,2476,HARRIS
Kits Mini Mart N/A,-84.857368,32.868237,353 N Main Ave,,Pine Mountain,GA,31822,2476,HARRIS
The Corner Store,-84.8451,32.8535,5700 GA Highway 354,,Pine Mountain,GA,31822,8002,HARRIS
Summit No 28,-85.024155,32.813278,90 Hopewell Church Rd,,Pine Mountain,GA,31822,3738,HARRIS
Dollar General 9785,-84.862595,32.870907,9078 Hamilton Rd,,Pine Mountain,GA,31822,,HARRIS
DOLLAR GENERAL 18645,-84.823921,32.799095,2361 D St,,Pine Mountain Valley,GA,31823,3637,HARRIS
Shiloh Minit Mart 0,-84.695953,32.807468,18498 GA Highway 85 W,,Shiloh,GA,31826,2858,HARRIS
Dollar General 15054,-84.69857,32.821178,20 Old Shiloh Rd,,Shiloh,GA,31826,2002,HARRIS
Chief Oil,-84.755623,32.670879,7535 GA Highway 85,,Waverly Hall,GA,31831,2806,HARRIS
Dollar General 10713,-84.734138,32.686752,9 Waverly Cir,,Waverly Hall,GA,31831,3537,HARRIS
Cooper Foods,-84.735191,32.685913,9152 GA Highway 85,,Waverly Hall,GA,31831,2858,HARRIS
Airline Store,-83.029373,34.361553,1117 Airline Store Rd,,Bowersville,GA,30516,2907,HART
DOLLAR GENERAL 14628,-82.893967,34.264553,101 Coldwater Creek Rd,,Dewy Rose,GA,30634,2505,HART
INGLES MARKETS 66,-82.91227,34.353313,1000 E Franklin St,,Hartwell,GA,30643,2204,HART
Hartwell Tri-County Quality Foods LLC,-82.922379,34.339481,1028 Benson St,,Hartwell,GA,30643,4535,HART
Om Keshvaye Namah Llc,-82.911324,34.35511,1035 E Franklin St,,Hartwell,GA,30643,2205,HART
DollarTree 2553,-82.902412,34.349964,133 Walmart Dr,,Hartwell,GA,30643,8435,HART
DOLLAR GENERAL 76,-82.912674,34.354958,1355 E Franklin St,,Hartwell,GA,30643,7132,HART
ALDI 76168,-82.912666,34.354843,1380 E Franklin St,,Hartwell,GA,30643,2252,HART
BP Lake Hartwell,-82.939529,34.374195,1475 Reed Creek Hwy,,Hartwell,GA,30643,3951,HART
Murphy USA 7797,-82.900635,34.349709,1570 Anderson Hwy,,Hartwell,GA,30643,7171,HART
Walmart STORE 1111,-82.904823,34.349545,1572 Anderson Hwy,,Hartwell,GA,30643,7171,HART
Dollar General 31318,-82.957405,34.337612,1675 Royston Hwy,,Hartwell,GA,30643,4748,HART
Food Mart,-82.888008,34.346844,17 Liberty Hill Church Rd,,Hartwell,GA,30643,4584,HART
Lake Prime Llc,-82.940063,34.382492,2034 Reed Creek Hwy,,Hartwell,GA,30643,3956,HART
CVS PHARMACY 5613,-82.933517,34.353382,21 N Carolina St,,Hartwell,GA,30643,7206,HART
Dollar General 17671,-83.023285,34.411312,2183 Junction 77 Rd,,Hartwell,GA,30643,,HART
Golden Pantry Food Stores 1017,-82.925003,34.352657,252 E Franklin St,,Hartwell,GA,30643,2294,HART
DOLLAR GENERAL 14579,-82.932899,34.413746,26 Swan Sanders Rd,,Hartwell,GA,30643,,HART
Dollar General 24527,-82.965729,34.362083,30 Beacon Light Rd,,Hartwell,GA,30643,,HART
29 Royal Food Store,-82.983154,34.318939,3689 Royston Hwy,,Hartwell,GA,30643,6624,HART
Corner Mart,-82.930473,34.358067,401 N Forest Ave,,Hartwell,GA,30643,1250,HART
Shiyani Inc,-82.944244,34.357456,404 W Howell St,,Hartwell,GA,30643,1021,HART
Family Dollar 9233,-82.923836,34.353794,503 E Franklin St,,Hartwell,GA,30643,2298,HART
DOLLAR GENERAL 8767,-83.09819,34.288685,33 Skelton St,,Royston,GA,30662,2437,HART
Valero,-83.103142,34.287743,415 Hartwell St,,Royston,GA,30662,2433,HART
Royston Food Mart 8742,-83.054298,34.289955,8742 Royston Hwy,,Royston,GA,30662,4821,HART
Family Dollar 2732,-85.098251,33.277981,291 E COURT SQ,,FRANKLIN,GA,30217,,HEARD
DOLLAR GENERAL 18728,-85.110748,33.381462,1605 Joe Cook Rd,,Franklin,GA,30217,,HEARD
Riverside Marathon,-85.098892,33.27813,1778 Franklin Pkwy,,Franklin,GA,30217,7502,HEARD
Flash Foods LLC 274236,-85.099426,33.277836,1825 Franklin Pkwy,,Franklin,GA,30217,7500,HEARD
DOLLAR GENERAL 9422,-85.103737,33.278522,2040 Franklin Pkwy,,Franklin,GA,30217,7519,HEARD
Piggly Wiggly 67,-85.098244,33.278812,241 E Court Sq,,Franklin,GA,30217,8012,HEARD
Jordan's,-85.107559,33.284622,2468 Franklin Pkwy,,Franklin,GA,30217,7520,HEARD
Aj Five Points,-85.038177,33.248421,4100 US Highway 27,,Franklin,GA,30217,6530,HEARD
R&r One Stop,-85.272804,33.382874,110 Alabama Rd,,Roopville,GA,30170,3930,HEARD
County Line One Stop,-85.134506,33.424473,18535 US Hwy 27,,Roopville,GA,30170,3885,HEARD
DOLLAR GENERAL 18556,-85.256561,33.412724,24980 GA Highway 100,,Roopville,GA,30170,3024,HEARD
INGLES MARKETS 445,-84.236794,33.620819,100 Fairview Rd,,Ellenwood,GA,30294,2723,HENRY
KROGER 427,-84.2397,33.620243,101 Fairview Rd,,Ellenwood,GA,30294,2722,HENRY
Family Dollar 5315,-84.240692,33.620094,156 Fairview Rd,,Ellenwood,GA,30294,2723,HENRY
Exxon Food Mart,-84.235741,33.620598,1785 Panola Rd,,Ellenwood,GA,30294,2855,HENRY
DOLLAR GENERAL 9004,-84.234291,33.621841,1786 Panola Rd,,Ellenwood,GA,30294,2856,HENRY
Texaco Food Mart- Ellenwood,-84.24044,33.619747,181 Fairview Rd,,Ellenwood,GA,30294,2722,HENRY
WALGREEN 9621,-84.247208,33.618664,315 Fairview Rd,,Ellenwood,GA,30294,2634,HENRY
Gulzar Investments Inc,-84.257065,33.626217,795 Fairview Rd,,Ellenwood,GA,30294,4112,HENRY
CVS PHARMACY 5633,-84.236603,33.620789,80 Fairview Rd,,Ellenwood,GA,30294,2767,HENRY
Circle K 2723330,-84.283249,33.383701,32 E MAIN ST,,HAMPTON,GA,30228,,HENRY
DOLLAR GENERAL 9528,-84.297356,33.376926,1112 Bear Creek Blvd,,Hampton,GA,30228,1872,HENRY
Food Depot 62,-84.325615,33.450069,11155 Tara Blvd,,Hampton,GA,30228,1672,HENRY
Valero Food Mart,-84.324409,33.449215,11200 Tara Blvd,,Hampton,GA,30228,1655,HENRY
Lovejoy Convenience Llc,-84.325302,33.448959,11205 Tara Blvd,,Hampton,GA,30228,1666,HENRY
DollarTree 3069,-84.323898,33.44537,11337 Tara Blvd,,Hampton,GA,30228,6261,HENRY
Citgo Food Mart,-84.323372,33.445015,11350 Tara Blvd,,Hampton,GA,30228,6229,HENRY
Walmart Supercenter 5363,-84.325699,33.442532,11465 Tara Blvd,,Hampton,GA,30228,1687,HENRY
Dollar General 21744,-84.232391,33.464413,2309 Jonesboro Rd,,Hampton,GA,30228,,HENRY
One Stop (shell),-84.233055,33.46447,2332 Jonesboro Rd,,Hampton,GA,30228,,HENRY
Publix Super Markets Inc. 1891,-84.234901,33.464287,2400 Jonesboro Rd,,Hampton,GA,30228,2717,HENRY
Dollar General 20742,-84.281502,33.424995,3250 Highway 81 W,,Hampton,GA,30228,2083,HENRY
Jay's Barber Grocery,-84.284477,33.424717,3311 Highway 81 W,,Hampton,GA,30228,2898,HENRY
Quick Shop,-84.283112,33.387691,37 E Main St N,,Hampton,GA,30228,5501,HENRY
Race Trac 182,-84.296097,33.351585,4200 Highway 19 41,,Hampton,GA,30228,2356,HENRY
Dollar General 22146,-84.295952,33.347973,4201 N Express Way,,Hampton,GA,30228,2357,HENRY
Tonys One Stop,-84.296059,33.352726,4275 Highway 19 41,,Hampton,GA,30228,2357,HENRY
N&S Caribbean Market,-84.284546,33.425819,685-707 Old Ga Hwy 3 N,Suite 691,Hampton,GA,30228,,HENRY
81 CROSSINGS,-84.284996,33.424793,698 Highway 3 N,,Hampton,GA,30228,2831,HENRY
Maha Meladi Llc,-84.296425,33.390587,78 Oak St,,Hampton,GA,30228,2974,HENRY
Hampton Grocery Store,-84.282639,33.386047,7A E Main St N,,Hampton,GA,30228,5501,HENRY
Family Dollar 5987,-84.299561,33.381073,93 Woolsey Rd,,Hampton,GA,30228,2922,HENRY
Purified African Market,-84.299179,33.381157,98A Woolsey Rd,,Hampton,GA,30228,2921,HENRY
PUBLIX 1052,-84.18026,33.365177,2730 Highway 155,,Locust Grove,GA,30248,2401,HENRY
JP Luella 211,-84.17942,33.364376,2755 Hwy 155 Bldg Commercial,,Locust Grove,GA,30248,,HENRY
Dollar General 23254,-84.108032,33.334934,2805 Tanger Blvd,,Locust Grove,GA,30248,,HENRY
Dollar General 12087,-84.17926,33.350868,3230 Hwy 155 South,,Locust Grove,GA,30248,,HENRY
Payal D Inc,-84.179924,33.350372,3248 Highway 155,,Locust Grove,GA,30248,3512,HENRY
T&t Meats,-84.108116,33.344097,3990 Highway 42 S,,Locust Grove,GA,30248,4104,HENRY
LG Texaco Food Mart,-84.108055,33.343723,3998 Highway 42,,Locust Grove,GA,30248,4104,HENRY
Publix Super Markets Inc. 2102,-84.094276,33.335571,4518 Highway 42 S,,Locust Grove,GA,30248,4111,HENRY
Maraton Food Mart,-84.128906,33.352383,4621 Bill Gardner Pkwy,,Locust Grove,GA,30248,2437,HENRY
Lg Shell Express,-84.127739,33.352467,4663 Bill Gardner Pkwy,,Locust Grove,GA,30248,2437,HENRY
QuikTrip 837,-84.12365,33.353348,4829 Bill Gardner Pkwy,,Locust Grove,GA,30248,2921,HENRY
INGLES MARKETS 495,-84.118614,33.352356,4920 Bill Gardner Pkwy,,Locust Grove,GA,30248,3647,HENRY
Walmart SUPERCENTER 5709,-84.120445,33.357422,4949 Bill Gardner Pkwy,,Locust Grove,GA,30248,3644,HENRY
DollarTree 4762,-84.118385,33.355453,4959 Bill Gardner Pkwy,,Locust Grove,GA,30248,2910,HENRY
Murphy USA 7495,-84.119164,33.354019,4969 Bill Gardner Pkwy,,Locust Grove,GA,30248,2910,HENRY
Circle K 2723328,-84.115471,33.353443,5080 Bill Gardner Pkwy,,Locust Grove,GA,30248,3645,HENRY
Dollar General 11231,-84.090889,33.351433,620 Peeksville Rd,,Locust Grove,GA,30248,3131,HENRY
County Line BP,-84.054047,33.319393,6996 Highway 42,,Locust Grove,GA,30248,4641,HENRY
ALDI 77022 77022,-84.322922,33.441902,11499 Tara Blvd,,Lovejoy,GA,30228,,HENRY
Dollar General 20578,-84.13826,33.44733,1 N Zack Hinton Pkwy,,McDonough,GA,30253,,HENRY
Race Trac 2514,-84.176895,33.432072,1019 Highway 20 81,,McDonough,GA,30253,6519,HENRY
DOLLAR GENERAL 9690,-84.175041,33.431557,1030 Regency Plaza Blvd,,McDonough,GA,30253,6668,HENRY
Sefa African Market & Braiding,-84.192657,33.459385,1084 Jonesboro Rd,,McDonough,GA,30253,6046,HENRY
De La Villa Market,-84.193588,33.459908,1100 Jonesboro Rd,,McDonough,GA,30253,6033,HENRY
SELECT MEATS FISH & PRODUCE,-84.167747,33.451878,1119 McDonough Pl,,McDonough,GA,30253,7017,HENRY
D Market,-84.167732,33.451611,1128 McDonough Pl,,McDonough,GA,30253,7017,HENRY
Bp,-84.180222,33.429111,1167 Hampton Rd,,McDonough,GA,30253,6521,HENRY
QuikTrip 783,-84.180634,33.428741,1168 Highway 20 W,,McDonough,GA,30253,6576,HENRY
Campground Food Mart,-84.177475,33.492245,120 W Campground Rd,,McDonough,GA,30253,8034,HENRY
Racetrac 2673,-84.196655,33.460007,1200 Jonesboro Rd,,McDonough,GA,30253,6039,HENRY
DollarTree 3398,-84.181923,33.433769,123 Willow Ln,,McDonough,GA,30253,6574,HENRY
Shell Food Mart,-84.182579,33.425529,1285 Highway 20 W,,McDonough,GA,30253,7302,HENRY
Race Trac 72,-84.184364,33.425285,1320 Highway 20 W,,McDonough,GA,30253,7303,HENRY
Walmart SUPERCENTER 3201,-84.184921,33.432148,135 Willow Ln,,McDonough,GA,30253,6574,HENRY
DOLLAR GENERAL 4882,-84.138557,33.432041,1440 S Zack Hinton Pkwy,,McDonough,GA,30253,3356,HENRY
Little Guyana Caribbean Grocery Shop,-84.179787,33.433552,148 Willow Ln,,McDonough,GA,30253,8986,HENRY
QuikTrip 820,-84.204903,33.462872,1494 Jonesboro Rd,,McDonough,GA,30253,6098,HENRY
Shell Food Mart,-84.067856,33.429478,15 Upchurch Rd,,McDonough,GA,30252,6668,HENRY
Ms Ahana Business Inc,-84.138657,33.428673,1556 S Zack Hinton Pkwy,,McDonough,GA,30253,6873,HENRY
Food Mart,-84.142029,33.448051,158 John Frank Ward Blvd,,McDonough,GA,30253,3207,HENRY
Bp,-84.099548,33.427849,1638 Highway 81 E,,McDonough,GA,30252,3032,HENRY
Dollar General 13727,-84.15274,33.463074,175 Huntington Dr,,McDonough,GA,30253,,HENRY
Murphy USA 6679,-84.182922,33.430809,175 Willow Ln,,McDonough,GA,30253,6574,HENRY
Sam's Club 4804,-84.213646,33.463505,1765 Jonesboro Rd,,McDonough,GA,30253,5969,HENRY
DollarTree 7805,-84.214676,33.46386,1772 Jonesboro Rd,,McDonough,GA,30253,5900,HENRY
BP Quick Mart,-84.143173,33.426018,1780 S Zack Hinton Pkwy,,McDonough,GA,30253,6870,HENRY
Dollar General 23000,-84.214722,33.463882,1784 Jonesboro Rd,,McDonough,GA,30253,5900,HENRY
KELLEYTOWN FOOD MART,-84.089508,33.538177,1805 Kelleytown Rd,,McDonough,GA,30252,4169,HENRY
McB's Fresh Produce,-84.089508,33.538177,1805 Kelleytown Rd,,McDonough,GA,30252,4169,HENRY
TARGET STORE T-1461,-84.216995,33.464428,1850 Jonesboro Rd,,McDonough,GA,30253,5960,HENRY
CVS PHARMACY 8934,-84.091232,33.42794,1870 Highway 81 E,,McDonough,GA,30252,3030,HENRY
Dollar General Store 17311,-83.981438,33.414783,1873 Keys Ferry Rd,,McDonough,GA,30252,6226,HENRY
Sams Usa Inc,-84.140778,33.447308,194 Keys Ferry St,,McDonough,GA,30253,3225,HENRY
CVS Pharmacy 5682,-84.138802,33.447651,2 N Zack Hinton Pkwy,,McDonough,GA,30253,2317,HENRY
Kroger 633,-84.141838,33.505375,2000 Highway 155 N,,McDonough,GA,30252,4802,HENRY
Walgreens 6208,-84.166595,33.452946,204 Jonesboro Rd,,McDonough,GA,30253,3720,HENRY
Dollar General 30323,-84.170448,33.413315,2060 Avalon Pkwy,,McDonough,GA,30253,7390,HENRY
CVS Pharmacy 79,-84.199188,33.413536,2098 Highway 20 W,,McDonough,GA,30253,7203,HENRY
Walgreens 17028,-84.140472,33.507965,2125 Highway 155 N,,McDonough,GA,30252,4809,HENRY
PUBLIX 1054,-84.202492,33.412136,2158 Highway 20 W,,McDonough,GA,30253,7205,HENRY
Speedy 11,-84.138046,33.510612,2228 Highway 155 N,,McDonough,GA,30252,4806,HENRY
Costco Wholesale 1675,-84.220123,33.481537,2245 Jodeco Rd,,McDonough,GA,30253,5210,HENRY
Mcdonough Food & Gas Llc,-84.08799,33.489979,2297 Highway 20 E,,McDonough,GA,30252,2669,HENRY
CVS PHARMACY 7501,-84.23214,33.464462,2305 Jonesboro Rd,,McDonough,GA,30253,5999,HENRY
Dollar General 20384,-84.138771,33.513859,2370 Highway 155 N,,McDonough,GA,30252,4460,HENRY
BJ's Wholesale Club 235,-84.18969,33.428822,245 Highway 81 W,,McDonough,GA,30253,6406,HENRY
DollarTree 1999,-84.168213,33.454292,248 Jonesboro Rd,,McDonough,GA,30253,3720,HENRY
CVS PHARMACY 8395,-84.190979,33.517887,2720 Hwy 42 South,,McDonough,GA,30253,,HENRY
Narrow Way Farm,-83.966148,33.454437,275 Stroud Rd,,McDonough,GA,30252,6219,HENRY
Racetrack Food Mart,-84.134003,33.430298,298 Racetrack Rd,,McDonough,GA,30252,1047,HENRY
KROGER 405,-84.168159,33.453968,301 Jonesboro Rd,,McDonough,GA,30253,3725,HENRY
Racetrac 2479,-84.211525,33.482925,3159 Jodeco Rd,,McDonough,GA,30253,5396,HENRY
Publix Super Markets Inc. 1725,-84.038765,33.436325,3479 Highway 81 E,,McDonough,GA,30252,7119,HENRY
Publix Super Markets Inc. 1786,-84.137718,33.545895,3500 Highway 155 N,,McDonough,GA,30252,5506,HENRY
Dollar General 12163,-84.036804,33.436573,3540 Highway 81 E,,McDonough,GA,30252,7116,HENRY
Jodeco Food Mart,-84.195297,33.48288,3656 Jodeco Rd,,McDonough,GA,30253,5320,HENRY
Hwy 81 Food Mart,-84.030716,33.437645,3710 Highway 81 E,,McDonough,GA,30252,6110,HENRY
Fast Lane,-84.153053,33.420959,378 Highway 155 S,,McDonough,GA,30253,6621,HENRY
Family Dollar 9135,-84.172806,33.457115,398 Jonesboro Rd,,McDonough,GA,30253,3797,HENRY
A & B Ventures - Dba T & T Meats,-84.134682,33.445709,399 Keys Ferry St,,McDonough,GA,30253,3379,HENRY
1 Pot Seafood,-84.152611,33.419201,412 Highway 155 S,,McDonough,GA,30253,6623,HENRY
Ami 48 Food Mart,-84.175232,33.489124,4315 Jodeco Rd,,McDonough,GA,30253,8297,HENRY
ALDI 76031,-84.172966,33.458286,450 Jonesboro Rd,,McDonough,GA,30253,3722,HENRY
Food Depot 24,-84.144905,33.434284,560 Macon St,,McDonough,GA,30253,3534,HENRY
APNJP 29,-84.149055,33.433887,60 Phillips Dr,,McDonough,GA,30253,3439,HENRY
Speedy6,-84.187874,33.443867,603 Willow Ln,,McDonough,GA,30253,,HENRY
Mcdonough Market,-84.144974,33.431324,610 Macon St,,McDonough,GA,30253,3532,HENRY
Dollar General 20479,-84.097221,33.426987,62 Old Jackson Rd,,McDonough,GA,30252,3029,HENRY
Platinum Fuel Stop,-84.156219,33.414787,620 Highway 155 S,,McDonough,GA,30253,6627,HENRY
Racetrack BP,-84.12426,33.430603,635 Racetrack Rd,,McDonough,GA,30252,6842,HENRY
Family Dollar 8965,-84.144928,33.426888,710 Highway 42 S,,McDonough,GA,30253,6813,HENRY
Racetrac 2604,-84.158073,33.413231,720 Highway 155 S,,McDonough,GA,30253,6629,HENRY
Walgreens 9623,-84.120407,33.438293,896 Highway 81 E,,McDonough,GA,30252,2914,HENRY
Jp Lake Dow 238,-84.121124,33.438835,898 Highway 81 E,,McDonough,GA,30252,2914,HENRY
155bp,-84.163589,33.41045,908 Highway 155 S,,McDonough,GA,30253,7357,HENRY
PUBLIX 0816,-84.1213,33.437115,920 Highway 81 E,,McDonough,GA,30252,2978,HENRY
QuikTrip 842,-84.165825,33.408295,955 Highway 155 S,,McDonough,GA,30253,7521,HENRY
Dollar General 23774,-84.17659,33.432327,961 Highway 20 W,,McDonough,GA,30253,6517,HENRY
Circle K 2723333,-84.166206,33.408146,978 Highway 155 S,,McDonough,GA,30253,7357,HENRY
JP East Lake 213,-84.140778,33.507305,2062 Highway 155 N,,Mcdonough,GA,30252,4802,HENRY
Pick N Go,-84.146835,33.440121,280 Griffin St,Ste E,Mcdonough,GA,30253,3100,HENRY
Sariling Atin Atl,-84.209267,33.482002,3230 Jodeco Rd,Ste B,Mcdonough,GA,30253,5447,HENRY
Chevron Food Mart,-84.206696,33.482872,3279 Jodeco Rd,Ste A,Mcdonough,GA,30253,5317,HENRY
Dollar General 12371,-84.266815,33.526581,1005 Brentwood Pkwy,Ste 106,Stockbridge,GA,30281,7156,HENRY
Marathon Express,-84.191818,33.51767,105 Eagles Landing Pkwy,,Stockbridge,GA,30281,5092,HENRY
Walgreens 9501,-84.224159,33.510666,1056 Eagles Landing Pkwy,,Stockbridge,GA,30281,5012,HENRY
Exxon Foodmart NA,-84.248459,33.499382,1080 Jodeco Rd,,Stockbridge,GA,30281,7108,HENRY
Fairview Shoppe,-84.197914,33.606522,1396 Fairview Rd,,Stockbridge,GA,30281,1154,HENRY
Walmart SUPERCENTER 3402,-84.235626,33.507492,1400 Hudson Bridge Rd,,Stockbridge,GA,30281,5018,HENRY
Conyers Food Mart,-84.197144,33.564014,1400 Old Conyers Rd,,Stockbridge,GA,30281,2755,HENRY
Murphy USA 7389,-84.234764,33.50539,1440 Hudson Bridge Rd,Ste 1,Stockbridge,GA,30281,,HENRY
DollarTree 3533,-84.235878,33.504456,1548 Hudson Bridge Rd,,Stockbridge,GA,30281,5020,HENRY
Shaiyaz Inc,-84.232544,33.551208,155 E Atlanta Rd,,Stockbridge,GA,30281,3415,HENRY
QUIKTRIP 789,-84.239273,33.503357,1614 Hudson Bridge Rd,,Stockbridge,GA,30281,5022,HENRY
KROGER 493,-84.244926,33.500847,1750 Hudson Bridge Rd,,Stockbridge,GA,30281,6331,HENRY
WALGREEN 6209,-84.246078,33.500168,1855 Hudson Bridge Rd,,Stockbridge,GA,30281,5000,HENRY
Dollar General 11374,-84.230049,33.483372,1910 Jodeco Rd,,Stockbridge,GA,30281,5118,HENRY
Downtown Foodmart,-84.232735,33.552044,201 E Atlanta Rd,,Stockbridge,GA,30281,3413,HENRY
PUBLIX 0092,-84.232956,33.554852,250 E Atlanta Rd,,Stockbridge,GA,30281,3414,HENRY
Food Depot 45,-84.15081,33.584652,2600 Highway 138 E,,Stockbridge,GA,30281,2210,HENRY
DollarTree 317,-84.260765,33.552116,31 Highway 138 W,Ste. 140,Stockbridge,GA,30281,,HENRY
DOLLAR GENERAL 6613,-84.199066,33.533291,3440 Highway 42,,Stockbridge,GA,30281,4443,HENRY
Mobil Food Mart,-84.280952,33.550854,3441 Mt. Zion Road,,Stockbridge,GA,30281,,HENRY
Petros Spivey,-84.27327,33.527802,3520 Walt Stephens Rd,,Stockbridge,GA,30281,4229,HENRY
KROGER 369,-84.271812,33.550491,3618 Highway 138 SE,,Stockbridge,GA,30281,4171,HENRY
INGLES MARKETS 467,-84.272446,33.527668,3701 Walt Stephens Rd,,Stockbridge,GA,30281,4224,HENRY
Billy's Food Mart,-84.217361,33.54369,4150 N Henry Blvd,,Stockbridge,GA,30281,3807,HENRY
Bp Food Mart,-84.229431,33.610889,420 Fairview Rd,,Stockbridge,GA,30281,1040,HENRY
Speedy9,-84.143173,33.56702,4361 Highway 155 N,,Stockbridge,GA,30281,2313,HENRY
Amoco Food Mart,-84.246544,33.529083,4470 Walt Stephens Rd,,Stockbridge,GA,30281,4266,HENRY
Dev Food Mart,-84.226013,33.543678,4475 N Henry Blvd,,Stockbridge,GA,30281,3656,HENRY
Sunoco Food Mart,-84.246719,33.529678,4475 Walt Stephens Rd,,Stockbridge,GA,30281,4267,HENRY
Food Depot 1,-84.23394,33.543461,4709 N Henry Blvd,,Stockbridge,GA,30281,3524,HENRY
Shell At Stockbridge,-84.240822,33.543945,4955 N Henry Blvd,,Stockbridge,GA,30281,3517,HENRY
Dollar General 13019,-84.149338,33.583046,4995 Highway 155 N,,Stockbridge,GA,30281,2345,HENRY
Rs Business Group Llc,-84.244461,33.544655,5047 N Henry Blvd,,Stockbridge,GA,30281,3539,HENRY
CVS Pharmacy 7064,-84.282814,33.543503,5095 Mount Zion Pkwy,,Stockbridge,GA,30281,7825,HENRY
QUIKTRIP 772,-84.251389,33.547535,5260 N Henry Blvd,,Stockbridge,GA,30281,3230,HENRY
DOLLAR GENERAL 19521,-84.162201,33.61182,5400 E Fairview Rd SW,,Stockbridge,GA,30281,,HENRY
CVS Pharmacy 5628,-84.254868,33.549191,5415 N Henry Blvd,,Stockbridge,GA,30281,3222,HENRY
ALDI 76064,-84.256042,33.550655,5420 N Henry Blvd,,Stockbridge,GA,30281,3223,HENRY
Walmart 745,-84.25544,33.553074,5600 N Henry Blvd,,Stockbridge,GA,30281,3246,HENRY
Murphy USA 5502,-84.258392,33.553734,5620 N Henry Blvd,,Stockbridge,GA,30281,3247,HENRY
CARNICERIA GARCIA 2,-84.259621,33.555164,5627 N Henry Blvd,Ste I2,Stockbridge,GA,30281,3244,HENRY
DOLLAR GENERAL 4030,-84.260483,33.554661,5627 N Henry Blvd,SUITE #100,Stockbridge,GA,30281,,HENRY
Chevron Food Mart,-84.223564,33.607815,630 Fairview Rd,,Stockbridge,GA,30281,1036,HENRY
Raceway 6706,-84.276176,33.547958,631 Highway 138 W,,Stockbridge,GA,30281,4250,HENRY
Matt's Warehouse Deals,-84.228836,33.52832,695 Red Oak Rd,,Stockbridge,GA,30281,4369,HENRY
Eat Right Atlanta,-84.182274,33.630093,7095 Highway 155 N,,Stockbridge,GA,30281,1250,HENRY
Marathon Food Mart NA,-84.280922,33.545639,776 Highway 138 W,,Stockbridge,GA,30281,4249,HENRY
Dollar General 15798,-84.23452,33.567471,875 E Atlanta Rd,,Stockbridge,GA,30281,,HENRY
138 Fish Market,-84.283058,33.542934,879 Highway 138 W,,Stockbridge,GA,30281,4261,HENRY
Chevron 138,-84.201019,33.539459,90 Highway 138 E,,Stockbridge,GA,30281,3918,HENRY
Ami 66 Llc,-84.230553,33.523666,901 Rock Quarry Rd,,Stockbridge,GA,30281,4352,HENRY
PUBLIX 0547,-84.221169,33.511845,909 Eagles Landing Pkwy,Ste 300,Stockbridge,GA,30281,6398,HENRY
Sprouts Farmers Market 532,-84.221954,33.479778,1040 Chen Pkwy,,Stockbrige,GA,30253,,HENRY
E-Z Buy,-83.605171,32.549541,200 Highway 96,,Bonaire,GA,31005,4561,HOUSTON
Discount Mart,-83.625168,32.554775,2991 Moody Rd,,Bonaire,GA,31005,3827,HOUSTON
DOLLAR GENERAL 14434,-83.597076,32.549599,490 Hwy 247,,Bonaire,GA,31005,,HOUSTON
Flash Foods LLC 274130,-83.597038,32.548832,498 GA Highway 247 S,,Bonaire,GA,31005,3719,HOUSTON
Publix Super Markets 1622,-83.597,32.548332,510 GA Highway 247 S,,Bonaire,GA,31005,3865,HOUSTON
DOLLAR GENERAL 4807,-83.659462,32.554588,751 GA Highway 96,,Bonaire,GA,31005,3327,HOUSTON
Kroger 641,-83.659508,32.55439,774 Highway 96,,Bonaire,GA,31005,3300,HOUSTON
QuikTrip 1731,-83.738815,32.614838,12000 Watson Blvd,,Byron,GA,31008,5500,HOUSTON
Flash Foods LLC 274265,-83.740723,32.613743,12020 Watson Blvd,,Byron,GA,31008,5500,HOUSTON
Speedway 1884,-83.745338,32.610916,2890 Highway 247C,,Byron,GA,31088,,HOUSTON
Flowers Bakery Outlet 570,-83.709106,32.619995,3487 US Highway 41 N,,Byron,GA,31008,3710,HOUSTON
DOLLAR GENERAL 5851,-83.709106,32.620373,3495 US Highway 41 N,,Byron,GA,31008,3710,HOUSTON
Friends & Family,-83.711678,32.613998,6001 Watson Blvd,,Byron,GA,31008,6679,HOUSTON
Publix 1291,-83.713783,32.614372,6015 Watson Blvd,,Byron,GA,31008,6542,HOUSTON
BJ's Wholesale Club 246,-83.721977,32.61441,6201 Watson Blvd,,Byron,GA,31008,6168,HOUSTON
P And D 2019 Llc,-83.687958,32.624084,100 Gunn Rd,Ste A1,Centerville,GA,31028,2703,HOUSTON
Tienda La San Juanerita 1,-83.681328,32.618706,2810 Watson Blvd,,Centerville,GA,31028,1281,HOUSTON
Flash Foods LLC 274215,-83.682518,32.618427,2818 Watson Blvd,,Centerville,GA,31028,1235,HOUSTON
Pride Food Mart,-83.689713,32.642818,820 N Houston Lake Blvd,,Centerville,GA,31028,1534,HOUSTON
Dollar General 21610,-83.690681,32.643559,904 N Houston Lake Blvd,,Centerville,GA,31028,,HOUSTON
Food Mart,-83.769249,32.336613,270 GA Highway 26 E,,Elko,GA,31025,2109,HOUSTON
R & K Country Store,-83.621803,32.387955,2919 Us Highway 341 S,,Hawkinsville,GA,31036,9682,HOUSTON
EZ Trip,-83.607185,32.49625,1054 GA Highway 247 S,,Kathleen,GA,31047,2349,HOUSTON
Dollar General Store 17540,-83.60817,32.495296,1100 Hwy 247,,Kathleen,GA,31047,,HOUSTON
PUBLIX 1008,-83.69487,32.546806,1114 GA Highway 96,,Kathleen,GA,31047,4101,HOUSTON
Circle K 2703143,-83.662537,32.504787,2390 Houston Lake Rd,,Kathleen,GA,31047,5400,HOUSTON
Dollar General 11541,-83.661346,32.505665,2400 GA Highway 127,,Kathleen,GA,31047,2820,HOUSTON
Lake Mart,-83.692322,32.523029,451 Lake Joy Rd,,Kathleen,GA,31047,2098,HOUSTON
Walmart 2733,-83.7397,32.472141,1009 SAINT PATRICKS DR,,PERRY,GA,31069,,HOUSTON
Speedy 4,-83.750542,32.446819,101 Marshallville Rd,,Perry,GA,31069,3190,HOUSTON
DollarTree 1189,-83.741463,32.472027,1011 Saint Patricks Dr,,Perry,GA,31069,2144,HOUSTON
DOLLAR GENERAL 9116,-83.738884,32.469704,104 Plaza Connector,,Perry,GA,31069,2198,HOUSTON
Vip Star Llc,-83.751396,32.446827,105 Marshallville Rd,,Perry,GA,31069,3190,HOUSTON
Flash Foods LLC 274183,-83.753143,32.446232,107 Iffie Rd,,Perry,GA,31069,3254,HOUSTON
CVS Pharmacy 4243,-83.73262,32.459831,1100 Washington St,,Perry,GA,31069,3350,HOUSTON
Shop N Go,-83.730453,32.460869,1114 Macon Rd,,Perry,GA,31069,2611,HOUSTON
Neighbor Grocery,-83.727463,32.459484,1205 Main St,,Perry,GA,31069,3532,HOUSTON
Shiva 2015 Inc,-83.729515,32.463253,1207 Sunset Ave,,Perry,GA,31069,2620,HOUSTON
KROGER 407,-83.740677,32.466156,1367 Sam Nunn Blvd,,Perry,GA,31069,2121,HOUSTON
Circle K 2703144,-83.74218,32.470142,1424 Sam Nunn Blvd,,Perry,GA,31069,,HOUSTON
Murphy Express 8742,-83.74279,32.470406,1429 Sam Nunn Blvd,,Perry,GA,31069,2146,HOUSTON
Circle K 2703138,-83.745987,32.473495,1505 Sam Nunn Blvd,,Perry,GA,31069,2032,HOUSTON
Choice Food Mart,-83.729851,32.46788,1521 Macon Rd,,Perry,GA,31069,2301,HOUSTON
SV FOOD MART,-83.718544,32.466167,1542 Houston Lake Rd,,Perry,GA,31069,2710,HOUSTON
Dollar General 24871,-83.718475,32.466732,1701 Kings Chapel Rd,,Perry,GA,31069,2719,HOUSTON
Perry Express,-83.7043,32.475254,1818 Houston Lake Rd,Unit A100,Perry,GA,31069,2598,HOUSTON
Flash Foods 268,-83.752113,32.446831,201 Marshallville Rd,,Perry,GA,31069,3103,HOUSTON
Dollar General 20018,-83.693108,32.454582,2100 Main Street,,Perry,GA,31069,,HOUSTON
Dollar General 17629,-83.729782,32.498344,2203 Highway 41 N,,Perry,GA,31069,,HOUSTON
Devi Food Mart,-83.726768,32.513821,2328 US Highway 41 N,,Perry,GA,31069,9787,HOUSTON
PUBLIX 1233,-83.704842,32.47438,275 Perry Pkwy,,Perry,GA,31069,9275,HOUSTON
Circle K 2704722,-83.70575,32.474442,285 Perry Pkwy,,Perry,GA,31069,,HOUSTON
Stripling's General Store,-83.695656,32.516205,301 Ag Village Blvd,,Perry,GA,31069,,HOUSTON
Pepo Food Mart,-83.730736,32.487217,504 Perry Pkwy,,Perry,GA,31069,2422,HOUSTON
JP Perry 217,-83.739029,32.492477,517 Perry Pkwy,,Perry,GA,31069,2420,HOUSTON
DOLLAR GENERAL 2061,-83.742462,32.453007,604 General Courtney Hodges Blvd,,Perry,GA,31069,3257,HOUSTON
Perry Food Mart,-83.736603,32.457542,719 Carroll St,,Perry,GA,31069,3361,HOUSTON
Durdens Prime Meats,-83.73468,32.458969,805 Commerce St,,Perry,GA,31069,3319,HOUSTON
Phillips 66,-83.631493,32.632023,100 Carolina Ave,,Warner Robins,GA,31093,2352,HOUSTON
International City Farmers Market LLC,-83.611,32.618546,100 Maple St,,Warner Robins,GA,31093,3385,HOUSTON
Family Dollar 4580,-83.642921,32.593971,1000 Russell Pkwy,,Warner Robins,GA,31088,6071,HOUSTON
Corner Store,-83.661392,32.602119,1001 Leverett Rd,,Warner Robins,GA,31088,5836,HOUSTON
Vaak Food Mart,-83.66613,32.588257,1009 S Houston Lake Rd,,Warner Robins,GA,31088,2606,HOUSTON
WALGREEN 9643,-83.623352,32.593857,102 Russell Pkwy,,Warner Robins,GA,31088,6165,HOUSTON
Shell,-83.659973,32.643417,1020 Carl Vinson Pkwy,,Warner Robins,GA,31093,1161,HOUSTON
The New International City Farmers Market,-83.695381,32.557373,105 Mulberry Ct,,Warner Robins,GA,31088,6756,HOUSTON
The Butcher Shop Llc,-83.689209,32.552662,1057 GA Highway 96,,Warner Robins,GA,31088,2507,HOUSTON
Extramile Warner,-83.642159,32.643028,1057 N Houston Rd,,Warner Robins,GA,31093,1563,HOUSTON
DOLLAR GENERAL 4693,-83.625633,32.574963,106 Feagin Mill Rd,,Warner Robins,GA,31088,7741,HOUSTON
Holiday Food #2,-83.690468,32.550358,1080 GA Highway 96,,Warner Robins,GA,31088,9445,HOUSTON
Walgreens 10884,-83.690346,32.551128,1081 GA Highway 96,,Warner Robins,GA,31088,2507,HOUSTON
Welcome Food Mart,-83.642021,32.64349,1101 N Houston Rd,,Warner Robins,GA,31093,1594,HOUSTON
Hop In,-83.691483,32.549206,1104 Hwy 96,,Warner Robins,GA,31047,,HOUSTON
Joy Food N/A,-83.698013,32.659157,1130 N Houston Lake Blvd,,Warner Robins,GA,31093,3800,HOUSTON
Robins Fresh Seafood & Grocery Market,-83.690491,32.621811,115 Margie Dr,Ste C,Warner Robins,GA,31093,7574,HOUSTON
KROGER 257,-83.625931,32.593834,115 Russell Pkwy,,Warner Robins,GA,31088,6175,HOUSTON
Speedy Food,-83.661324,32.570805,1200 S Houston Lake Rd,,Warner Robins,GA,31088,2722,HOUSTON
2 Go Mart,-83.662781,32.570694,1201 S Houston Lake Rd,Ste a,Warner Robins,GA,31088,2708,HOUSTON
Holiday Food Stores,-83.619965,32.618465,1236 Watson Blvd,,Warner Robins,GA,31093,3425,HOUSTON
Flash Foods LLC 2745129,-83.649971,32.594009,1242 Russell Pkwy,,Warner Robins,GA,31088,5540,HOUSTON
Bilo Food Mart,-83.64119,32.626671,1310 Green St,,Warner Robins,GA,31093,2750,HOUSTON
SAI QUICK STOP #1,-83.622932,32.618195,1401 Watson Blvd,,Warner Robins,GA,31093,3435,HOUSTON
Dollar General 31788,-83.675339,32.600975,1416 Leverette Rd,,Warner Robins,GA,31088,2702,HOUSTON
Dollar General 30948,-83.697937,32.571209,1419 Feagin Mill Rd,,Warner Robins,GA,31088,2976,HOUSTON
H & R Food Mart,-83.626152,32.618195,1507 Watson Blvd,,Warner Robins,GA,31093,3433,HOUSTON
DOLLAR GENERAL 4857,-83.653954,32.593208,1515 Russell Pkwy,,Warner Robins,GA,31093,,HOUSTON
Warner Ventures,-83.632668,32.618538,1660 Watson Blvd,,Warner Robins,GA,31093,3439,HOUSTON
Asian Bliss Market,-83.665817,32.593109,1806 Russell Pkwy,Ste 900,Warner Robins,GA,31088,5777,HOUSTON
Flash Foods LLC 274266,-83.645264,32.618263,1941 Watson Blvd,,Warner Robins,GA,31093,3603,HOUSTON
Family Dollar 4558,-83.650307,32.618389,2030 Watson Blvd,,Warner Robins,GA,31093,3625,HOUSTON
El Barrio Food Market,-83.678108,32.587944,204 Red Fox Run,,Warner Robins,GA,31088,7980,HOUSTON
Nouria 217 Richard Russell Pkwy 832,-83.629509,32.593475,217 Russell Pkwy,Richard,Warner Robins,GA,31088,6166,HOUSTON
Choice Quick Stop,-83.600601,32.613373,218 Martin Luther King Jr Blvd,,Warner Robins,GA,31088,4763,HOUSTON
Food Depot 48,-83.65976,32.618221,2203 Watson Blvd,,Warner Robins,GA,31093,2994,HOUSTON
Mini Foodmart,-83.659904,32.61866,2216 Watson Blvd,,Warner Robins,GA,31093,2987,HOUSTON
Moody Amogo,-83.622353,32.587502,2300 Moody Rd,Ste D,Warner Robins,GA,31088,3238,HOUSTON
Yogi Food Mart,-83.623032,32.585037,2403 Moody Rd,,Warner Robins,GA,31088,6135,HOUSTON
DOLLAR GENERAL 2059,-83.664383,32.618263,2451 Watson Blvd,,Warner Robins,GA,31093,2955,HOUSTON
Ravina Gas,-83.623238,32.578472,2512 Moody Rd,,Warner Robins,GA,31088,6159,HOUSTON
DollarTree 411,-83.666725,32.618343,2622 Watson Blvd,Ste E,Warner Robins,GA,31093,8073,HOUSTON
Flash Foods LLC 274253,-83.668922,32.618263,2699 Watson Blvd,,Warner Robins,GA,31093,2951,HOUSTON
QuikTrip 1735,-83.669861,32.617516,2701 Watson Blvd,,Warner Robins,GA,31093,2909,HOUSTON
Murphy Express 8568,-83.673561,32.618336,2718 Watson Blvd,,Warner Robins,GA,31093,2948,HOUSTON
Walmart Supercenter 1367,-83.673286,32.621475,2720 Watson Blvd,,Warner Robins,GA,31093,8041,HOUSTON
Prabhujyot Llc,-83.665016,32.601131,280 Carl Vinson Pkwy,,Warner Robins,GA,31088,5832,HOUSTON
Walgreens 11348,-83.681992,32.618362,2835 Watson Blvd,,Warner Robins,GA,31093,8511,HOUSTON
Target Stores T-1380,-83.685997,32.618275,2929 Watson Blvd,,Warner Robins,GA,31093,8535,HOUSTON
CVS PHARMACY 1586,-83.695129,32.581314,3001 Russell Pkwy,,Warner Robins,GA,31088,8657,HOUSTON
ALDI 76012,-83.691406,32.61655,3003 Watson Blvd,,Warner Robins,GA,31093,8534,HOUSTON
Walmart Neighborhood Market 920,-83.694572,32.581306,3009 Russell Pkwy,,Warner Robins,GA,31088,8657,HOUSTON
KROGER STORE 696,-83.695358,32.616577,3094 Watson Blvd,,Warner Robins,GA,31093,8500,HOUSTON
Nouria 3098 Watson Boulevard 838,-83.695427,32.617058,3098 Watson Blvd,,Warner Robins,GA,31093,8500,HOUSTON
Maharaja Market,-83.696693,32.615524,4025 Watson Blvd,,Warner Robins,GA,31093,9500,HOUSTON
423 North Commercial,-83.612106,32.618725,423 N Commercial Cir,,Warner Robins,GA,31093,3376,HOUSTON
DOLLAR GENERAL 14523,-83.716377,32.578907,4901 Russell Pkwy,,Warner Robins,GA,31088,8648,HOUSTON
DollarTree 8047,-83.626167,32.650913,500 Elberta Rd,,Warner Robins,GA,31093,1730,HOUSTON
Murphy USA 7317,-83.613274,32.59296,501 Booth Rd,,Warner Robins,GA,31088,3423,HOUSTON
Wr Food Mart,-83.613289,32.629791,501 N Davis Dr,,Warner Robins,GA,31093,2666,HOUSTON
Walmart SUPERCENTER 3750,-83.61055,32.592491,502 Booth Rd,,Warner Robins,GA,31088,3422,HOUSTON
Watson Food Mart,-83.605141,32.619381,508 Watson Blvd,,Warner Robins,GA,31093,3462,HOUSTON
Walmart Neighborhood Market 840,-83.641556,32.62534,515 N Houston Rd,,Warner Robins,GA,31093,8844,HOUSTON
Famous Food,-83.61335,32.634338,545 N Davis Dr,,Warner Robins,GA,31093,2601,HOUSTON
Family Dollar 228,-83.611893,32.633121,562 N Davis Dr,,Warner Robins,GA,31093,2611,HOUSTON
Giant Food,-83.612038,32.633514,580 N Davis Dr,,Warner Robins,GA,31093,2611,HOUSTON
Ab & C Oriental Store,-83.668571,32.616379,590 Carl Vinson Pkwy,Ste 1100,Warner Robins,GA,31088,8433,HOUSTON
Pride Food Mart#1 NO,-83.674118,32.602283,599 S Houston Lake Rd,Ste A,Warner Robins,GA,31088,6360,HOUSTON
Dollar General 12846,-83.612869,32.634979,604 N Davis Dr,,Warner Robins,GA,31093,2008,HOUSTON
Nouria 609 South Houston Lake Road 834,-83.673195,32.600853,609 S Houston Lake Rd,,Warner Robins,GA,31088,6304,HOUSTON
Tienda Xelaju,-83.613251,32.636547,611A N Davis Dr,,Warner Robins,GA,31093,2007,HOUSTON
Welcome,-83.719154,32.577847,6310 Lakeview Rd,,Warner Robins,GA,31088,8602,HOUSTON
Dollar General 16755,-83.658272,32.650791,640 Dunbar Rd,,Warner Robins,GA,31093,1206,HOUSTON
Om Food Mart,-83.652962,32.57164,700 Feagin Mill Rd,Ste 200,Warner Robins,GA,31088,8302,HOUSTON
Citgo Food Mart And Tobacco,-83.63475,32.594189,700 Russell Pkwy,,Warner Robins,GA,31088,6036,HOUSTON
Lolo #2 2,-83.641922,32.626762,701 N Houston Rd,,Warner Robins,GA,31093,2101,HOUSTON
Dollar General 21470,-83.630203,32.64098,702 Elberta Rd,,Warner Robins,GA,31093,1734,HOUSTON
DollarTree 9237,-83.641006,32.626835,706 N Houston Rd,,Warner Robins,GA,31093,2197,HOUSTON
Two Guys Food Mart,-83.612511,32.641106,712 N Davis Dr,,Warner Robins,GA,31093,1976,HOUSTON
Lolo #3 3,-83.636482,32.594303,750 Russell Pkwy,,Warner Robins,GA,31088,6036,HOUSTON
CVS PHARMACY 1374,-83.662903,32.554382,800 GA Highway 96,,Warner Robins,GA,31088,2734,HOUSTON
Circle K 2703140,-83.662949,32.554588,801 GA Highway 96,,Warner Robins,GA,31088,2735,HOUSTON
Pleezing Food Store,-83.613136,32.60601,801 S Davis Dr,,Warner Robins,GA,31088,4905,HOUSTON
CVS PHARMACY 3773,-83.641609,32.631489,802 N Houston Rd,,Warner Robins,GA,31093,1502,HOUSTON
CVS PHARMACY 5631,-83.637489,32.593891,805 Russell Pkwy,,Warner Robins,GA,31088,6058,HOUSTON
Dollar General 30663,-83.643288,32.631901,813 N Houston Rd,,Warner Robins,GA,31093,7214,HOUSTON
DollarTree 2003,-83.638092,32.593948,814 Russell Pkwy,,Warner Robins,GA,31088,6059,HOUSTON
Family Dollar 3771,-83.642731,32.63353,827 N Houston Rd,,Warner Robins,GA,31093,1501,HOUSTON
Harsh 2025,-83.660316,32.639683,87 Gawin Dr,,Warner Robins,GA,31093,1114,HOUSTON
Map Convenience Store Llc,-83.691948,32.572071,915 Lake Joy Road,,Warner Robins,GA,31088,,HOUSTON
Robins AFB Commissary 343,-83.583229,32.596039,923 Macon St,Bldg 923,Warner Robins,GA,31098,2441,HOUSTON
PK Food Mart,-83.603432,32.60133,99 Wellborn Rd,,Warner Robins,GA,31088,4833,HOUSTON
Evergreen Beef Company,-83.20639,31.683638,605 Evergreen Rd,,Fitzgerald,GA,31750,9033,IRWIN
Ocilla Quick Stop,-83.247246,31.594461,101 N Elm St,,Ocilla,GA,31774,1505,IRWIN
G & G Food Mart,-83.25058,31.593462,111 S Irwin Ave,,Ocilla,GA,31774,1807,IRWIN
Quickchange#2,-83.335678,31.621956,1120 GA Highway 32 W,,Ocilla,GA,31774,2922,IRWIN
DOLLAR GENERAL 19666,-83.378502,31.547922,1775 Tifton Hwy,,Ocilla,GA,31774,3217,IRWIN
Dollar General 17861,-83.384499,31.648087,1957 GA Highway 32 W,,Ocilla,GA,31774,3017,IRWIN
Moore Foods Llc 135,-83.250404,31.598217,415 N Irwin Ave,,Ocilla,GA,31774,5038,IRWIN
OCILLA'S LITTLE MEAT MARKET,-83.243919,31.593695,509 E 4th St,,Ocilla,GA,31774,1601,IRWIN
Dollar General 7739,-83.250267,31.603434,711 N Irwin Ave,,Ocilla,GA,31774,5055,IRWIN
Flash Food LLC 274169,-83.250816,31.604351,802 N Irwin Ave,,Ocilla,GA,31774,3756,IRWIN
Sunny Food Mart,-83.249825,31.60601,911 N Irwin Ave,,Ocilla,GA,31774,3730,IRWIN
Ds Food Store,-83.4077,34.049316,10141 Commerce Rd,,Athens,GA,30607,4329,JACKSON
DOLLAR GENERAL 9147,-83.401031,34.032173,11325 Commerce Rd,,Athens,GA,30607,2336,JACKSON
Fast Phil's,-83.498375,34.040531,8033 Jefferson Rd,,Athens,GA,30607,4108,JACKSON
Publix Super Markets Inc. 1768,-83.813057,34.103992,1060 Braselton Village Pkwy,,Braselton,GA,30517,2643,JACKSON
Dollar General 13429,-83.790375,34.13567,40 Jackson Ave,,Braselton,GA,30517,,JACKSON
Gazabiha Farms Inc,-83.757019,34.129932,442 Duck Rd,,Braselton,GA,30517,2803,JACKSON
QuikTrip 762,-83.763229,34.113453,5502 Highway 53,,Braselton,GA,30517,3116,JACKSON
Braselton Chevron 0,-83.763123,34.11599,5621 Highway 53,,Braselton,GA,30517,3124,JACKSON
Golden Pantry Food Stores 1053,-83.762512,34.115643,5636 Highway 53,,Braselton,GA,30517,3117,JACKSON
Pilot Travel Center 66,-83.762817,34.119709,5888 Highway 53,,Braselton,GA,30517,2704,JACKSON
RaceTrac 2340,-83.763084,34.120365,5901 Highway 53,GA,Braselton,GA,30517,2714,JACKSON
Dollar General 8051,-83.450737,34.23811,109 Highway 59,,Commerce,GA,30530,1332,JACKSON
Commerce In & Out,-83.461716,34.206123,2034 N Broad St,,Commerce,GA,30529,1869,JACKSON
CVS PHARMACY 5658,-83.462074,34.205704,2041 N Elm St,,Commerce,GA,30529,2319,JACKSON
Walgreens 11791,-83.462769,34.206078,2100 N Broad St,,Commerce,GA,30529,1700,JACKSON
INGLES MARKETS 419,-83.439758,34.181908,220 Highway 334,,Commerce,GA,30530,4835,JACKSON
DollarTree 6572,-83.479836,34.208374,3175 Maysville Rd,,Commerce,GA,30529,1386,JACKSON
Commerce Quality Foods LLC,-83.479691,34.209396,3185 Maysville Rd,,Commerce,GA,30529,1386,JACKSON
Henry's City Market & Fuel,-83.481094,34.209511,3243 Maysville Rd,,Commerce,GA,30529,1329,JACKSON
DOLLAR GENERAL 997,-83.480598,34.209232,45 B Wilson Rd,,Commerce,GA,30529,3817,JACKSON
Love's Travel Stop 765,-83.498947,34.228241,4855 Maysville Rd,,Commerce,GA,30529,6819,JACKSON
Aaa Food & Fuel Inc,-83.445335,34.190975,614 S Broad St,,Commerce,GA,30529,3301,JACKSON
Ila Food Mart,-83.432533,34.193943,783 Ila Rd,,Commerce,GA,30529,2574,JACKSON
Corner Station,-83.46283,34.205505,9195 Jefferson St,,Commerce,GA,30529,2248,JACKSON
TA Commerce 0156,-83.462975,34.254723,I-85 & US 441,,Commerce,GA,30529,,JACKSON
Kroger 686,-83.759666,34.087612,175 Peachtree Rd,,Hoschton,GA,30548,2137,JACKSON
Dollar General 20900,-83.792809,34.079548,18871 Hwy 211,,Hoschton,GA,30548,,JACKSON
Publix Super Markets Inc. 1892,-83.755997,34.087036,234 Gateway Crossing Pkwy.,,Hoschton,GA,30548,,JACKSON
Bp Food Mart,-83.744972,34.087048,2934 Highway 53,,Hoschton,GA,30548,2501,JACKSON
DOLLAR GENERAL 11160,-83.759583,34.094124,4022 Highway 53,,Hoschton,GA,30548,2304,JACKSON
Platinum 42 Inc,-83.702324,34.108833,42 Target Drive,,Hoschton,GA,30548,,JACKSON
Food Mart,-83.761139,34.09639,4210 Highway 53,,Hoschton,GA,30548,2306,JACKSON
Royal Braselton LLC,-83.867241,34.073544,4601 Braselton Hwy,Ste 100,Hoschton,GA,30548,1706,JACKSON
CVS PHARMACY 7637,-83.699493,34.108269,5848 Highway 124 W,,Hoschton,GA,30548,5900,JACKSON
PUBLIX 1188,-83.703758,34.106754,6055 Highway 124 W,,Hoschton,GA,30548,,JACKSON
Family Dollar 8706,-83.70504,34.108063,6165 Highway 124 W,,Hoschton,GA,30548,1597,JACKSON
QUIKTRIP 737,-83.574699,34.118343,5240 US HWY 124 NORTH,,JEFFERSON,GA,30549,,JACKSON
ALDI 76102,-83.607193,34.123001,1718 Old Pendergrass Rd,,Jackson,GA,30549,2759,JACKSON
BP GAS STATION,-83.570892,34.118122,110 Sycamore St,,Jefferson,GA,30549,1572,JACKSON
Speedway 7208,-83.640686,34.151062,115 Speedway Drive,,Jefferson,GA,30549,,JACKSON
Family Dollar 3393,-83.587769,34.129833,1251 Washington St,,Jefferson,GA,30549,2878,JACKSON
B&t's Food Fresh 9,-83.589348,34.13007,1325 Washington St,,Jefferson,GA,30549,2879,JACKSON
Circle M Food Shop 41,-83.592018,34.106194,1460 Winder Hwy,,Jefferson,GA,30549,5468,JACKSON
QuikTrip 1705,-83.603691,34.122974,1495 Old Pendergrass Rd,,Jefferson,GA,30549,,JACKSON
CVS Pharmacy 4164,-83.606323,34.123611,1680 Old Pendergrass Rd,,Jefferson,GA,30549,2701,JACKSON
KROGER 638,-83.606979,34.121952,1685 Old Pendergrass Rd,,Jefferson,GA,30549,2705,JACKSON
Gas Express LLC dba Circle K 200,-83.589989,34.185108,1810 Dry Pond Rd,,Jefferson,GA,30549,,JACKSON
Dollar General 25083,-83.597931,34.133823,21 Banks Rd,,Jefferson,GA,30549,,JACKSON
Arcade Food Mart,-83.559319,34.074944,3156 Athens Hwy,Ste B,Jefferson,GA,30549,5626,JACKSON
ARCADE SHELL,-83.558228,34.074558,3226 Athens Hwy,,Jefferson,GA,30549,5604,JACKSON
Jefferson Food Mart,-83.615082,34.090866,3676 Galilee Church Rd,,Jefferson,GA,30549,,JACKSON
Dollar General 13130,-83.565529,34.073063,397 Highway 82 S,,Jefferson,GA,30549,5724,JACKSON
Royal Food Mart,-83.672798,34.096302,4001 Highway 124 W,,Jefferson,GA,30549,3137,JACKSON
Piggly Wiggly,-83.579964,34.11515,415 Lee St,,Jefferson,GA,30549,1353,JACKSON
Country Foods 1,-83.579956,34.115421,418 Lee St,,Jefferson,GA,30549,1352,JACKSON
Race Trac 74,-83.640472,34.152718,4752 Highway 129 N,,Jefferson,GA,30549,2515,JACKSON
Fast Picks 0,-83.574295,34.109879,492 Athens St,,Jefferson,GA,30549,1408,JACKSON
Publix Store 1827,-83.515442,34.060955,51 Old Farm Rd,,Jefferson,GA,30549,,JACKSON
Jefferson Chevron,-83.573112,34.109364,551 Athens St,,Jefferson,GA,30549,1411,JACKSON
J's Corner Food Mart,-83.574112,34.116722,57 Lee St,,Jefferson,GA,30549,1345,JACKSON
Dollar General 8268,-83.583115,34.114162,669 Lee St,,Jefferson,GA,30549,1357,JACKSON
Curry Creek Shell,-83.566536,34.125153,689 Sycamore St,,Jefferson,GA,30549,,JACKSON
DollarTree 5576,-83.605782,34.121033,79 Faith Dr,,Jefferson,GA,30549,,JACKSON
Dollar General 17893,-83.616272,34.093128,80 Highway 124 W,,Jefferson,GA,30549,,JACKSON
Dan's Food Mart,-83.433006,34.112141,490 Broad St,,Nicholson,GA,30565,1704,JACKSON
Dollar General 11925,-83.432106,34.114632,5025 Highway 441,,Nicholson,GA,30565,1771,JACKSON
NORTH JACKSON FOOD MART,-83.685661,34.16827,994 GLENN ABBY LN,,PENDERGRASS,GA,30567,,JACKSON
Dollar General 30619,-83.638603,34.206802,1785 Stockton Farm Rd,,Pendergrass,GA,30567,4048,JACKSON
Our Store Groceries,-83.639275,34.209602,5241 Holly Springs Rd,,Pendergrass,GA,30567,3531,JACKSON
Dollar General 13674,-83.713554,34.18177,50 Main St,,Talmo,GA,30575,,JACKSON
Blackwell And Bruce Inc. na,-83.710709,33.520958,4420 Hwy 213,,Mansfield,GA,30055,,JASPER
Circle K 2069,-83.695877,33.305904,1468A W Washington St,,Monticello,GA,31064,7756,JASPER
DOLLAR GENERAL 8747,-83.804749,33.311806,1900 GA Highway 16 W,,Monticello,GA,31064,,JASPER
Family Dollar 710,-83.682289,33.304165,209 E Greene St,,Monticello,GA,31064,1009,JASPER
INGLES MARKETS 496,-83.702423,33.30563,2340 GA Highway 16 W,,Monticello,GA,31064,7708,JASPER
CVS PHARMACY 4580,-83.680496,33.303379,330 East Green St,,Monticello,GA,31064,,JASPER
Howard Family Farming,-83.677063,33.397346,592 Liberty Church Rd,,Monticello,GA,31064,5020,JASPER
Discount Grocery N/A,-83.686821,33.302963,610 Forsyth St,,Monticello,GA,31064,1318,JASPER
Larry's Four Way 203,-83.816162,33.38084,9160 Ga Highway 212 W,,Monticello,GA,31064,3744,JASPER
Dollar General 17127,-83.817719,33.382339,9301 GA Hwy 212 W,,Monticello,GA,31064,,JASPER
Crop Culture Farm NAFMNP,-83.59417,33.468178,2480 Pennington Rd,,Newborn,GA,30056,2739,JASPER
Dollar General 21440,-83.58667,33.398731,3001 Hwy 142,,Shady Dale,GA,31085,,JASPER
Dollar General 20277,-82.6978,31.722374,2394 Douglas Hwy,,Denton,GA,31532,3632,JEFF DAVIS
Flash Foods LLC 2745099,-82.5895,31.864889,100 E Jarman St,,Hazlehurst,GA,31539,6167,JEFF DAVIS
Dollar General 15833,-82.597687,31.878881,102 W Coffee St,,Hazlehurst,GA,31539,6890,JEFF DAVIS
DOLLAR GENERAL 855,-82.604172,31.860697,109 S Tallahassee St,,Hazlehurst,GA,31539,6419,JEFF DAVIS
Jd 1 Food Mart,-82.564079,31.785582,1174 Alma Hwy,,Hazlehurst,GA,31539,5300,JEFF DAVIS
Walmart SUPERCENTER 1061,-82.586494,31.861919,136 E Jarman St,,Hazlehurst,GA,31539,6130,JEFF DAVIS
Murphy USA 7173,-82.585503,31.863432,138 E Jarman St,,Hazlehurst,GA,31539,6130,JEFF DAVIS
Flash Foods LLC 2745069,-82.594849,31.87266,14 W Coffee St,,Hazlehurst,GA,31539,6802,JEFF DAVIS
DollarTree 5637,-82.586105,31.864319,142 E Jarman St,,Hazlehurst,GA,31539,6130,JEFF DAVIS
341 Quick Stop,-82.59938,31.881525,143 W Coffee St,,Hazlehurst,GA,31539,6847,JEFF DAVIS
Arely Mexican Store 2,-82.589775,31.850235,221 Alma Hwy,,Hazlehurst,GA,31539,5103,JEFF DAVIS
GX Market,-82.587708,31.845947,284 Alma Hwy,,Hazlehurst,GA,31539,5102,JEFF DAVIS
Piggly Wiggly #278,-82.600677,31.865517,32 S Tallahassee St,,Hazlehurst,GA,31539,6154,JEFF DAVIS
Latimer Minit Mart,-82.601219,31.869059,64 Latimer St,,Hazlehurst,GA,31539,6506,JEFF DAVIS
Marias Market,-82.604446,31.863211,88 S Williams St,,Hazlehurst,GA,31539,6490,JEFF DAVIS
Googes Of Hazlehurst Llc,-82.590179,31.865463,90 E Jarman St,,Hazlehurst,GA,31539,6122,JEFF DAVIS
Three Rivers Butchery,-82.59697,31.878283,90 W Coffee St,,Hazlehurst,GA,31539,6877,JEFF DAVIS
CVS Pharmacy 4571,-82.60331,31.861813,92 S Tallahassee St,,Hazlehurst,GA,31539,6157,JEFF DAVIS
Nouria 98 South Tallahassee Street 744,-82.603783,31.861221,98 S Tallahassee St,,Hazlehurst,GA,31539,6420,JEFF DAVIS
JET FOOD STORE 21,-82.479622,32.853542,21 US HWY 319,,BARTOW,GA,30413,,JEFFERSON
INGLES MARKETS 494,-82.39724,33.008442,131 U.S. HWAY L BY PASS 2,,LOUISVILLE,GA,30434,,JEFFERSON
Busybee 1,-82.395828,33.004372,101 US Highway 1 Byp N,,Louisville,GA,30434,6134,JEFFERSON
DOLLAR GENERAL 3906,-82.396408,33.006466,114 US Highway 1 Byp N,,Louisville,GA,30434,6133,JEFFERSON
Family Dollar 12547,-82.396927,33.007721,119 US 1 Bypass,,Louisville,GA,30434,,JEFFERSON
Sprint 900722,-82.39843,33.01067,202 Us Highway 1 Byp N,,Louisville,GA,30434,6454,JEFFERSON
Busybee 2,-82.409248,33.003117,801 Peachtree St,,Louisville,GA,30434,1449,JEFFERSON
Louisville IGA 691,-82.407997,33.004906,823 Peachtree St,,Louisville,GA,30434,1449,JEFFERSON
Jet Food Store 64,-82.46711,33.215687,219 E Main St,,Stapleton,GA,30823,5127,JEFFERSON
Dollar General 21686,-82.466499,33.216091,247 E Main St,,Stapleton,GA,30823,5127,JEFFERSON
DOLLAR GENERAL 9281,-82.394913,32.870518,10455 US Highway 1 S,,Wadley,GA,30477,3811,JEFFERSON
Shake Rag 7,-82.395302,32.868546,10525 US Highway 1 S,,Wadley,GA,30477,3810,JEFFERSON
Jet Food Store 4,-82.396049,32.868137,10550 US Highway 1 S,,Wadley,GA,30477,3808,JEFFERSON
EZ Quick Stop,-82.404732,32.864849,140 N Main St,,Wadley,GA,30477,4951,JEFFERSON
Family Dollar 6061,-82.403137,32.862843,60 Butts St,,Wadley,GA,30477,,JEFFERSON
B&T'S Food Fresh #11,-82.40239,32.862503,62 Butts St,,Wadley,GA,30477,,JEFFERSON
Wrens IGA 690,-82.39016,33.206676,200A S Main St,,Wrens,GA,30833,1331,JEFFERSON
Jet Food Store 65,-82.394218,33.212902,201 N Thompson St,,Wrens,GA,30833,1055,JEFFERSON
Sprint 900750,-82.38765,33.209801,205 N Main St,,Wrens,GA,30833,1138,JEFFERSON
DOLLAR GENERAL 8225,-82.389587,33.205921,305 S Main St,,Wrens,GA,30833,1334,JEFFERSON
Jet Food Store 16,-82.390022,33.205166,307 S Main St,,Wrens,GA,30833,1334,JEFFERSON
Jet Food Store 67,-82.308929,33.21085,5619 GA Highway 88,,Wrens,GA,30818,4414,JEFFERSON
Dollar General 23012,-82.380669,33.217091,609 N Main St,,Wrens,GA,30833,1178,JEFFERSON
INGLES MARKETS 497,-82.378708,33.218151,633 N Main St,,Wrens,GA,30833,1178,JEFFERSON
Jet Food Store 17,-82.378181,33.217709,704 N Main St,,Wrens,GA,30833,4041,JEFFERSON
DOLLAR GENERAL 419,-81.948044,32.803707,120 E Winthrope Ave,,Millen,GA,30442,1636,JENKINS
Md Food Mart,-81.947647,32.819565,1415 US Highway 25 N,,Millen,GA,30442,6707,JENKINS
Friendly Gus 32,-81.950409,32.797352,353 Highway 25 S,,Millen,GA,30442,5236,JENKINS
Dollar General 25720,-81.924561,32.820328,384 Highway 23 N,,Millen,GA,30442,4125,JENKINS
B&T's Food Fresh Market 5875,-81.94046,32.803635,540 E Winthrope Ave,,Millen,GA,30442,1817,JENKINS
Family Dollar 961,-81.938278,32.803181,710 E Winthrope Ave,,Millen,GA,30442,1836,JENKINS
Sidh 1005 Inc,-81.949234,32.809605,739 US Highway 25 N,,Millen,GA,30442,6804,JENKINS
Ol' Country Farms LLC,-81.811363,32.904404,1975 Mockingbird Rd,,Perkins,GA,30442,8419,JENKINS
Neighbors Food Mart,-82.575897,32.547245,2562 US Highway 80,,Adrian,GA,31002,4720,JOHNSON
Dollar General 12105,-82.664032,32.55098,77 E Main St,,Adrian,GA,31002,4028,JOHNSON
DOLLAR GENERAL 18462,-82.513512,32.692989,544 Kight St,,Kite,GA,31049,6518,JOHNSON
Family Dollar 1047,-82.72187,32.731339,212 W Trilby St,,Wrightsville,GA,31096,1232,JOHNSON
Flash Foods LLC 2748,-82.719658,32.731071,213 N Marcus St,,Wrightsville,GA,31096,1226,JOHNSON
DOLLAR GENERAL 4429,-82.721626,32.730782,363 W Trilby St,,Wrightsville,GA,31096,2142,JOHNSON
Piggly Wiggly,-82.722519,32.73217,384 W Trilby St,,Wrightsville,GA,31096,2141,JOHNSON
Local Lands Organically Grown Gardens,-82.837669,32.725143,400 Mack Paul Rd,,Wrightsville,GA,31096,4133,JOHNSON
Parker Fish Company,-82.708061,32.732021,63 Cross Cedar Rd,,Wrightsville,GA,31096,5300,JOHNSON
Side Track,-82.713173,32.728657,6680 E College St,,Wrightsville,GA,31096,2122,JOHNSON
Jet Food Store 3,-82.718475,32.715649,8292 S Marcus St,,Wrightsville,GA,31096,5802,JOHNSON
Amees Quick Mart,-82.720238,32.724781,8525 S Marcus St,,Wrightsville,GA,31096,5809,JOHNSON
Jet Food Store 47,-82.719543,32.727882,8620 S Marcus St,,Wrightsville,GA,31096,5811,JOHNSON
Dollar General 20581,-83.579956,32.962582,107 Homer Roberts Rd,,Gray,GA,31032,5019,JONES
Blue Mark,-83.483452,33.076862,1210 Eatonton Hwy,,Gray,GA,31032,3400,JONES
Marathon,-83.540291,33.007927,180 W Clinton St,,Gray,GA,31032,5355,JONES
DOLLAR GENERAL 780,-83.540588,33.007465,188 W Clinton St,,Gray,GA,31032,5322,JONES
ALDI 76196,-83.542908,33.008087,208 W Clinton St,,Gray,GA,31032,5460,JONES
Texaco 282,-83.52198,33.014862,249 Hwy 22 E,,Gray,GA,31032,,JONES
Ingles Markets 486,-83.546013,33.004978,261 W Clinton St,,Gray,GA,31032,6123,JONES
WALGREENS 11940,-83.547249,33.004585,274 W Clinton St,,Gray,GA,31032,5430,JONES
Flash Foods LLC 2745101,-83.547676,33.003967,283 W Clinton St,,Gray,GA,31032,6123,JONES
BP West,-83.548782,33.002453,295 W Clinton St,,Gray,GA,31032,6123,JONES
Jarett Heath Inc Dba Old Clinton Gas,-83.561249,32.995392,4243 Gray Hwy,,Gray,GA,31032,5901,JONES
Ab & C Oriental Store,-83.557938,32.996208,4274 Gray Hwy,Ste B,Gray,GA,31032,5937,JONES
Rancher's LPG LLC,-83.544434,33.005775,615 Landmark Pointe Blvd,,Gray,GA,31032,9998,JONES
Citgo Food Mart,-83.429565,33.033115,1359 Hwy 22,,Haddock,GA,31033,,JONES
Dollar General 20386,-83.427673,33.032906,1376 HWY 22 E,,Haddock,GA,31033,,JONES
Dollar General 16528,-83.547523,32.879086,110 Pamela Dr,,Macon,GA,31217,2131,JONES
Gary's Food Mart,-83.554741,32.874298,158 GA Highway 49,,Macon,GA,31211,7800,JONES
Halal N Tayyib Meat Shares,-83.57135,32.889351,185 Baker Rd,,Macon,GA,31211,7129,JONES
Gray Food Mart Llc,-83.590652,32.90062,2810 Gray Hwy,,Macon,GA,31211,6608,JONES
Liston Gas,-83.546127,32.880634,290 GA Highway 49,,Macon,GA,31211,7802,JONES
Arihant C. Store 1,-84.194199,33.001656,1054 Highway 36 W,,Barnesville,GA,30204,3718,LAMAR
Thousand Hills Cattle Ranch Farm Store,-84.216805,33.0051,156 Perdue Rd,,Barnesville,GA,30204,3425,LAMAR
Giant Mart of Barnesville,-84.153496,33.05188,335 College Dr,,Barnesville,GA,30204,1603,LAMAR
Family Dollar 277,-84.153397,33.052052,337 College Dr,,Barnesville,GA,30204,1603,LAMAR
Red Apple,-84.16449,33.063644,419 Atlanta St,,Barnesville,GA,30204,1207,LAMAR
DollarTree 7441,-84.170433,33.044895,597 Veterans Pkwy,,Barnesville,GA,30204,1577,LAMAR
CVS Pharmacy 5683,-84.17009,33.045738,622 Veterans Pkwy,,Barnesville,GA,30204,1545,LAMAR
INGLES MARKETS 498,-84.170395,33.044586,625 Highway 341 S,,Barnesville,GA,30204,1555,LAMAR
Flash Foods LLC 2745057,-84.160126,33.038559,771 US Hwy 341,,Barnesville,GA,30204,3793,LAMAR
DOLLAR GENERAL 1962,-84.153694,33.038792,817 College Dr,,Barnesville,GA,30204,3508,LAMAR
341 Best Buy,-84.150383,33.034775,892 Highway 341 S,,Barnesville,GA,30204,3769,LAMAR
Family Dollar 13874,-84.027893,33.175079,5050 High Falls Rd,,Jackson,GA,30204,4141,LAMAR
Dollar General 11311,-84.196503,33.112591,142 Main St,,Milner,GA,30257,3844,LAMAR
Milner Red & White Store,-84.196327,33.11689,166 Main St,,Milner,GA,30257,3844,LAMAR
Lakeland Quick Stop,-83.07151,31.031685,121 S Valdosta Rd,,Lakeland,GA,31635,1501,LANIER
Cross Road Pantry,-83.178795,31.025427,1385 W Highway 122,,Lakeland,GA,31635,6723,LANIER
DOLLAR GENERAL 1623,-83.071907,31.031191,142 S Valdosta Rd,,Lakeland,GA,31635,1576,LANIER
Midtown,-83.073807,31.041569,28 W Main St,,Lakeland,GA,31635,6835,LANIER
The Old Butcher Shop,-83.073448,31.042494,6 N Brantley St,Ste 3,Lakeland,GA,31635,5360,LANIER
Circle K 2708904,-83.07209,31.04162,6 W Main St,,Lakeland,GA,31635,6835,LANIER
Jet Food Store 91,-83.076195,31.040977,62 W Main St,,Lakeland,GA,31635,6835,LANIER
Buldog 1,-83.077103,31.040298,67 W Main St,,Lakeland,GA,31635,6834,LANIER
Piggly Wiggly 171,-83.073318,31.035976,75 S Valdosta Rd,,Lakeland,GA,31635,6652,LANIER
Food Mart,-83.037567,32.345963,2799 GA Highway 117,,Cadwell,GA,31009,3412,LAURENS
KROGER 674,-82.937561,32.544464,1100 HILLCREST PKWY,,DUBLIN,GA,31021,,LAURENS
Friendly Gus 12,-82.976662,32.499001,2935 HWY 257,,DUBLIN,GA,31021,,LAURENS
Dexter Meat Company Llc,-83.060448,32.432877,101 N Omega St,,Dexter,GA,31019,4319,LAURENS
Friendly Gus 26,-83.005707,32.460602,3490 GA Highway 257,,Dexter,GA,31019,3516,LAURENS
DOLLAR GENERAL 9533,-83.065536,32.429966,506 W Main St,,Dexter,GA,31019,2504,LAURENS
Super Foods,-82.900848,32.523705,1003 Martin Luther King Jr Dr,,Dublin,GA,31021,5066,LAURENS
CVS PHARMACY 5353,-82.935654,32.546528,1025 Hillcrest Pkwy,,Dublin,GA,31021,4209,LAURENS
DollarTree 10120,-82.913963,32.549252,104 Hillcrest Pkwy,,Dublin,GA,31021,6335,LAURENS
Dollar General 21717,-82.93544,32.580513,107 Wyatt Rd,,Dublin,GA,31021,0260,LAURENS
DOLLAR GENERAL 3345,-82.941689,32.544788,1106 Hillcrest Pkwy,,Dublin,GA,31021,3557,LAURENS
Circle K 298,-82.913284,32.551811,1106 N Jefferson St,,Dublin,GA,31021,6312,LAURENS
Neighbor's Corner,-82.913857,32.551693,1108 N Jefferson St,,Dublin,GA,31021,6312,LAURENS
DOLLAR GENERAL 2099,-82.916588,32.550713,118 Hillcrest Pkwy,,Dublin,GA,31021,6340,LAURENS
Family Dollar 7342,-82.914078,32.526905,1206 Telfair St,,Dublin,GA,31021,3902,LAURENS
Friendly Gus 10,-82.917946,32.563831,1329 N Jefferson St,,Dublin,GA,31021,6406,LAURENS
Neighbors Food,-82.927399,32.535408,1505 Bellevue Rd,,Dublin,GA,31021,2916,LAURENS
Friendly Gus 24,-82.895973,32.488255,1560 GA Highway 19 S,,Dublin,GA,31021,8316,LAURENS
Friendly Gus 23,-82.897598,32.483063,1603 GA Highway 19 S,,Dublin,GA,31021,1475,LAURENS
Jet Food Store 25,-82.93782,32.559418,1720 Claxton Dairy Rd,,Dublin,GA,31021,4948,LAURENS
Shamrock Stop,-82.94091,32.527157,1911 Marion St,,Dublin,GA,31021,2705,LAURENS
Walgreens 19407,-82.947784,32.541035,2000 Veterans Blvd,,Dublin,GA,31021,3030,LAURENS
Friendly Gus 7,-82.952988,32.541737,2009 Veterans Blvd,,Dublin,GA,31021,3066,LAURENS
Dollar General 12569,-82.927811,32.497005,2056 US Highway 441 S,,Dublin,GA,31021,1720,LAURENS
Flash Foods LLC 274185,-82.954094,32.541794,2100 Veterans Blvd,,Dublin,GA,31021,3051,LAURENS
DollarTree 469,-82.954193,32.54464,2103 Veterans Blvd,Ste 4-A,Dublin,GA,31021,7554,LAURENS
Food Depot 50,-82.954193,32.54464,2103 Veterans Blvd,,Dublin,GA,31021,,LAURENS
Friendly Gus 30,-82.929337,32.49332,2130 Hwy 441 S,,Dublin,GA,31021,,LAURENS
QuikTrip 7075,-82.930649,32.493591,2141 Hwy 441 S,,Dublin,GA,31021,,LAURENS
Jet Food Store 48,-82.932953,32.491592,2167 US Highway 441 S,,Dublin,GA,31021,1717,LAURENS
Quick Fill,-82.9338,32.490959,2177 Hwy 441 S,,Dublin,GA,31021,,LAURENS
Flash Foods LLC 274174,-82.933197,32.490211,2180 US Highway 441 S,,Dublin,GA,31021,1715,LAURENS
Pilot Travel Center 68,-82.933357,32.49012,2185 US Highway 441,,Dublin,GA,31021,1716,LAURENS
Racetrac 2594,-82.934418,32.48262,2271 US Highway 441,,Dublin,GA,31021,1269,LAURENS
Nouria 2307 US Highway 80 205,-82.964157,32.545883,2307 US Highway 80 W,,Dublin,GA,31021,0850,LAURENS
ALDI 76153,-82.970337,32.548599,2413 W Hwy 80,,Dublin,GA,31021,,LAURENS
Murphy USA 7468,-82.970238,32.548515,2419 US Highway 80 W,,Dublin,GA,31021,0930,LAURENS
Walmart STORE 555,-82.972244,32.551193,2423 US Highway 80 W,,Dublin,GA,31021,0930,LAURENS
A B LEE'S MEAT MARKET,-82.950546,32.520943,2557 GA Highway 257,,Dublin,GA,31021,0700,LAURENS
Flowers Bakery Outlet 1145,-83.012268,32.631615,2714 US Highway 441 S,,Dublin,GA,31021,4783,LAURENS
Dollar General 30500,-83.011986,32.631454,2718 S Highway 441,,Dublin,GA,31021,,LAURENS
Dollar General 23655,-82.970482,32.504215,2846 Hwy 257,,Dublin,GA,31021,,LAURENS
Love' Travel Stops & Country Stores Inc 320,-82.980583,32.49577,3009 highway 257,,Dublin,GA,31021,,LAURENS
COCHRAN BROS CASH & CARRY,-82.903534,32.538177,302 1/2 S Jefferson St,,Dublin,GA,31021,5151,LAURENS
Family Dollar 289,-82.9058,32.542366,304 N Jefferson St,,Dublin,GA,31021,6124,LAURENS
Jackson Food Mart,-82.900688,32.540897,306 E Jackson St,,Dublin,GA,31021,6724,LAURENS
Market On Madison,-82.907135,32.537205,314 W Madison St,,Dublin,GA,31021,5230,LAURENS
Dollar General 15398,-82.902557,32.537018,331 S Jefferson St,,Dublin,GA,31021,5150,LAURENS
Friendly Gus 4,-82.942787,32.527908,400 Industrial Blvd,,Dublin,GA,31021,2846,LAURENS
Bobbys Food Mart N/A,-82.906578,32.543262,402 N Jefferson St,,Dublin,GA,31021,6126,LAURENS
Cash & Carry Food Mart,-82.900673,32.53513,411 Martin Luther King Jr Dr,,Dublin,GA,31021,5013,LAURENS
Discount Tobacco And Gas,-82.910103,32.538425,418 Bellevue Ave,,Dublin,GA,31021,5330,LAURENS
Dublin Piggly Wiggly 186,-82.910286,32.537388,508 Bellevue Ave,,Dublin,GA,31021,5332,LAURENS
Friendly Gus 29,-82.905182,32.253601,5120 US Highway 441 S,,Dublin,GA,31021,1564,LAURENS
Lucky Lotto Mart,-82.897789,32.542969,601 E Jackson St,,Dublin,GA,31021,6643,LAURENS
CAPTAIN JOE'S,-82.908241,32.545799,611 N Jefferson St,,Dublin,GA,31021,6301,LAURENS
Friendly Gus 18,-82.937943,32.486477,650 Pinehill Rd,,Dublin,GA,31021,1223,LAURENS
Corine Farms Produce Market,-82.911819,32.531597,803 Telfair St,,Dublin,GA,31021,4629,LAURENS
Express Food Mart,-82.909172,32.547318,805 N Jefferson St,,Dublin,GA,31021,6305,LAURENS
Family Dollar 12539,-82.932343,32.547123,921 Hillcrest Pkwy,,Dublin,GA,31021,7534,LAURENS
Dollar General 21817,-83.068573,32.54221,3420 Hwy 80 W,,Dudley,GA,31022,,LAURENS
Friendly Gus 25,-83.071381,32.54229,3438 US Highway 80 W,,Dudley,GA,31022,2305,LAURENS
Quick Stop 0,-82.810989,32.524391,1564 GA Highway 29 S,,East Dublin,GA,31027,1334,LAURENS
Minter General Store,-82.764626,32.489098,2201 GA Highway 29 S,,East Dublin,GA,31027,1582,LAURENS
Friendly Gus 6,-82.885162,32.547218,309 Central Dr,,East Dublin,GA,31027,7409,LAURENS
B & H QUICK STOP,-82.86441,32.552876,310 Wrightsville Ave,,East Dublin,GA,31027,3342,LAURENS
Food Mart,-82.866951,32.544376,405 Soperton Ave,,East Dublin,GA,31027,7625,LAURENS
Dollar General 21690,-82.835365,32.53154,408 ED Beckham Rd,,East Dublin,GA,31027,4724,LAURENS
Friendly Gus 19,-82.86615,32.544151,415 Soperton Ave,,East Dublin,GA,31027,7625,LAURENS
DOLLAR GENERAL 4655,-82.880768,32.549007,424 Central Dr,,East Dublin,GA,31027,7412,LAURENS
Amba Food Mart,-82.872879,32.556679,514 Buckeye Rd,,East Dublin,GA,31027,7376,LAURENS
DollarTree 6602,-82.878601,32.54948,521 Central Dr,,East Dublin,GA,31027,7475,LAURENS
Dublin Food Mart,-82.860016,32.54195,602 Soperton Ave,,East Dublin,GA,31027,7665,LAURENS
B&T's Food Fresh 16,-82.877007,32.548363,613 Central Dr,,East Dublin,GA,31027,7413,LAURENS
Dollar General 31002,-82.87397,32.548794,729 East Highway 80,,East Dublin,GA,31027,,LAURENS
Jet Food Store 52,-82.8741,32.548862,739 Central Dr,,East Dublin,GA,31027,7507,LAURENS
Jet Food Store 53,-82.819984,32.560558,921 US Highway 80 E,,East Dublin,GA,31027,1370,LAURENS
Brunson & Triplett Enterprise,-82.991745,32.379074,1004 Coleman Register Rd,,Rentz,GA,31075,3629,LAURENS
Dollar General 10494,-82.962952,32.408524,2213 GA Highway 117,,Rentz,GA,31075,3467,LAURENS
Chevron Foodmart,-84.105919,31.63833,1603 Philema Rd S,,Albany,GA,31701,4717,LEE
MIKES COUNTRY STORE,-84.106857,31.636887,1629 Philema Rd S,,Albany,GA,31701,4717,LEE
Murphy USA 6633,-84.214607,31.622965,2829 Ledo Rd,,Albany,GA,31707,1287,LEE
DollarTree 1151,-84.215294,31.622646,2837 Ledo Rd,,Albany,GA,31707,1288,LEE
Flash Foods LLC 274292,-84.172348,31.718754,274 US19 SOUTH,,LEESBURG,GA,31763,,LEE
Dollar General 21379,-84.174667,31.64691,106 Branch View St,,Leesburg,GA,31763,4928,LEE
Shell Food Mart,-84.172394,31.73175,106 Walnut Ave S,,Leesburg,GA,31763,4391,LEE
Holsey Farms,-84.053535,31.785463,1081 Philema Rd N,,Leesburg,GA,31763,3600,LEE
Dollar General 15482,-84.251869,31.64023,1162 Highway 82,,Leesburg,GA,31763,,LEE
CVS PHARMACY 2593,-84.173515,31.652367,1193 Hwy 19,,Leesburg,GA,31763,,LEE
Salt Lick,-84.248314,31.638592,1211 US Highway 82 W,,Leesburg,GA,31763,5196,LEE
Publix 1349,-84.175293,31.655603,1212 US Highway 19 S,,Leesburg,GA,31763,4877,LEE
One Stop Mart,-84.24707,31.635887,1250 US Highway 82 W,,Leesburg,GA,31763,5323,LEE
Dollar General 30835,-84.17099,31.734221,127 Leslie Hwy,,Leesburg,GA,31763,4364,LEE
Raceway 6971 6971,-84.239143,31.629829,1385 US Highway 82 W,,Leesburg,GA,31763,5334,LEE
Pure Food Mart,-84.237389,31.629009,1405 US Highway 82 W,,Leesburg,GA,31763,5337,LEE
Bp 24,-84.175827,31.641714,1420 Us Highway 19 S,,Leesburg,GA,31763,4834,LEE
Dollar General 13498,-84.178246,31.640697,144 Robert B Lee Dr,,Leesburg,GA,31763,2600,LEE
EZ Trip,-84.101318,31.644152,1487 Philema Rd S,,Leesburg,GA,31763,3281,LEE
Philema Express,-84.10273,31.641586,1505 Philema Rd S,,Leesburg,GA,31763,3258,LEE
Family Dollar 10790,-84.112,31.816797,1513 GA Highway 195,,Leesburg,GA,31763,3801,LEE
Flash Foods LLC 2745160,-84.177406,31.63056,1584 US 19 S,,Leesburg,GA,31763,4947,LEE
Leesburg Grocery Store N/A,-84.172707,31.724098,216 Walnut Ave S,,Leesburg,GA,31763,4387,LEE
Family Dollar 6065,-84.172714,31.723576,224 Walnut Ave S,,Leesburg,GA,31763,4387,LEE
P&k Food Mart,-84.160759,31.73167,241 Main St,,Leesburg,GA,31763,3937,LEE
Jimm Fam's Serenity Llc,-84.038902,31.762621,652 Philema Rd N,,Leesburg,GA,31763,3610,LEE
Smithville Supermarket,-84.254166,31.902807,112 Stanton Dr N,,Smithville,GA,31787,2744,LEE
Dollar General 15539,-84.261833,31.901478,216 Church St,,Smithville,GA,31787,2400,LEE
Gayatri Maa Llc,-81.607674,31.764965,1457 Dunlevie Road,,Allenhurst,GA,31301,,LIBERTY
Dollar General 20487,-81.412231,31.841963,3300 N Coastal Hwy,,Fleming,GA,31309,,LIBERTY
Fleming Food Mart,-81.437622,31.865543,6116 Leroy Coffer Hwy,,Fleming,GA,31309,8190,LIBERTY
Publix Super Markets Inc. 2016,-81.571144,31.854832,1435 E. Oglethorpe Hwy.,,Flemington,GA,31313,,LIBERTY
Fort Stewart Commissary 321,-81.607506,31.870071,200 Vilseck Rd,Bldg 421,Fort Stewart,GA,31314,5025,LIBERTY
Pit Stop,-81.647202,31.799406,1011 Airport Rd,,Hinesville,GA,31313,8169,LIBERTY
Flash Foods LLC 2745002,-81.603004,31.813307,1025 W Oglethorpe Hwy,,Hinesville,GA,31313,5425,LIBERTY
Speisekammer,-81.595978,31.847363,103 Midway St,,Hinesville,GA,31313,3240,LIBERTY
Hinesville Station,-81.602501,31.811611,1046 W Oglethorpe Hwy,,Hinesville,GA,31313,5423,LIBERTY
Hinesville Farmers Market,-81.59581,31.84701,107 S Commerce St,,Hinesville,GA,31313,3601,LIBERTY
84 Quick Trip,-81.604004,31.809307,1111A W Oglethorpe Hwy,,Hinesville,GA,31313,5414,LIBERTY
DOLLAR GENERAL 8673,-81.603233,31.808893,1112 W Oglethorpe Hwy Ste A,,Hinesville,GA,31313,5411,LIBERTY
Quick Pick,-81.624001,31.808794,1120 Kelly Dr,,Hinesville,GA,31313,5113,LIBERTY
A To Z Food Mart,-81.597679,31.840267,113 E General Screven Way,,Hinesville,GA,31313,3013,LIBERTY
DOLLAR GENERAL 3006,-81.598686,31.84293,113 W Hendry St Ste A,,Hinesville,GA,31313,3201,LIBERTY
R and J Produce,-81.630127,31.82317,1137 GA Highway 196 W,Ste A,Hinesville,GA,31313,8089,LIBERTY
CVS Pharmacy 6956,-81.597191,31.840851,114 E General Screven Way,,Hinesville,GA,31313,3014,LIBERTY
Phillips Seafood,-81.596748,31.843042,115 Carter St,,Hinesville,GA,31313,3627,LIBERTY
DOLLAR GENERAL 3909,-81.630592,31.823353,1165 GA Highway 196 W,,Hinesville,GA,31313,8011,LIBERTY
Sunoco,-81.605103,31.803406,1221 W Oglethorpe Hwy,,Hinesville,GA,31313,5601,LIBERTY
Walmart Neighborhood Market 4525,-81.606781,31.79594,1422 W Oglethorpe Hwy,Ste A,Hinesville,GA,31313,,LIBERTY
Nouria 151 East M.L. King Jr. Drive 740,-81.593231,31.846117,151 E Ml King Jr Dr,,Hinesville,GA,31313,3633,LIBERTY
Dollar General 31600,-81.600578,31.827475,196 Veterans Parkway,,Hinesville,GA,31313,4612,LIBERTY
Jet Food Store 98,-81.591347,31.845997,204 Fraser Dr,,Hinesville,GA,31313,3711,LIBERTY
DollarTree 7156,-81.651184,31.822983,2180 W 15th St,,Hinesville,GA,31313,,LIBERTY
DollarTree 359,-81.6017,31.842642,229 W General Screven Way,Ste F,Hinesville,GA,31313,3036,LIBERTY
Food Lion 2692,-81.650406,31.816322,2389 GA Highway 196 W,,Hinesville,GA,31313,8017,LIBERTY
Family Dollar 7912,-81.650795,31.816046,2391 GA Highway 196 W,,Hinesville,GA,31313,8017,LIBERTY
Jay Vashudev Foodmart,-81.600159,31.851101,241 W Memorial Dr,,Hinesville,GA,31313,2515,LIBERTY
Parkers 17,-81.650421,31.814686,2475 GA Highway 196 W,,Hinesville,GA,31313,8029,LIBERTY
El Cheapo,-81.601776,31.844837,250 W General Screven Way,,Hinesville,GA,31313,3038,LIBERTY
Bp Foodmart,-81.602417,31.844952,251 W General Screven Way,,Hinesville,GA,31313,3039,LIBERTY
HANDYLAND EXXON,-81.650818,31.813265,2570 GA Highway 196 W,,Hinesville,GA,31313,8018,LIBERTY
Dollar General 16921,-81.664894,31.809053,3463 Highway 196 W,,Hinesville,GA,31313,,LIBERTY
Parkers 28,-81.562897,31.859217,35 Old Sunbury Rd,,Hinesville,GA,31313,1122,LIBERTY
Family Dollar 381,-81.597092,31.843803,402 S Main St,,Hinesville,GA,31313,3234,LIBERTY
Vashudev Foodmart,-81.606049,31.851454,438 W General Screven Way,,Hinesville,GA,31313,3019,LIBERTY
Dollar General 17179,-81.530884,31.831663,4620 E Oglethorpe Hwy,,Hinesville,GA,31313,1432,LIBERTY
Flash Foods LLC 274198,-81.595024,31.839128,463 W Oglethorpe Hwy,,Hinesville,GA,31313,3626,LIBERTY
Rehmat 23,-81.68177,31.829765,5240 Highway 196 W,,Hinesville,GA,31313,7873,LIBERTY
KROGER 487,-81.595901,31.83593,555 W Oglethorpe Hwy,,Hinesville,GA,31313,4447,LIBERTY
Family Dollar 10979,-81.629433,31.775656,5579 W Oglethorpe Hwy,,Hinesville,GA,31313,5813,LIBERTY
Walthourville Market,-81.631172,31.77474,5715 W Oglethorpe Hwy,,Hinesville,GA,31313,5809,LIBERTY
Parkers 60,-81.632988,31.773682,5890 W Oglethorpe Hwy,,Hinesville,GA,31313,5894,LIBERTY
Nouria 715 East Oglethorpe Highway 280,-81.582664,31.850988,715 E Oglethorpe Hwy,,Hinesville,GA,31313,2814,LIBERTY
Wawa Store 6301,-81.614731,31.831778,721 Veterans Parkway,,Hinesville,GA,31313,3997,LIBERTY
Oshea's Caribbean/international Grocery & More 1,-81.617691,31.831032,730 Weeping Willow Dr,Ste 106,Hinesville,GA,31313,1703,LIBERTY
Lucky's Food Mart N/A,-81.612511,31.833158,743 Elma G Miles Pkwy,Ste A,Hinesville,GA,31313,4547,LIBERTY
Walmart Supercenter 862,-81.601273,31.825903,751 W Oglethorpe Hwy,,Hinesville,GA,31313,4416,LIBERTY
Nouria 770 South Main Street 760,-81.604309,31.825579,770 S Main St,,Hinesville,GA,31313,4613,LIBERTY
Nouria 791 Elma G Miles Parkway 763,-81.615326,31.831221,791 Elma G Miles Pkwy,,Hinesville,GA,31313,4548,LIBERTY
Walmart Neighborhood Market 4519,-81.579849,31.853165,801 E General Stewart Way,A,Hinesville,GA,31313,,LIBERTY
Wawa Store 6302,-81.580147,31.853352,824 E General Stewart Way,,Hinesville,GA,31313,2660,LIBERTY
Sariling Atin Oriental And African Market,-81.619469,31.827505,862 Elma G Miles Pkwy,Ste D,Hinesville,GA,31313,4575,LIBERTY
Crab House Inc,-81.621201,31.827068,903 Elma G Miles Pkwy,,Hinesville,GA,31313,4511,LIBERTY
Parker's Hinesville Express,-81.600533,31.820194,903 W Oglethorpe Hwy,,Hinesville,GA,31313,5405,LIBERTY
Nouria 904 Elma G Miles Parkway 764,-81.620544,31.826677,904 Elma G Miles Pkwy,,Hinesville,GA,31313,4512,LIBERTY
Family Dollar 4745,-81.621742,31.826103,912 Elma G Miles Pkwy,,Hinesville,GA,31313,4528,LIBERTY
Save A Ton Food Mart,-81.622627,31.826496,925 Elma G Miles Pkwy,Ste A,Hinesville,GA,31313,4562,LIBERTY
Hinesville Africa Market,-81.626816,31.824074,946 Elma G Miles Pkwy,Ste 103,Hinesville,GA,31313,4568,LIBERTY
Nouria 11858 Oglethorpe Highway 747,-81.4198,31.800205,11858 E Oglethorpe Hwy,,Midway,GA,31320,4217,LIBERTY
Family Dollar 8985,-81.418747,31.801472,125 Butler Ave,,Midway,GA,31320,4576,LIBERTY
KEN'S SEAFOOD MARKET,-81.427963,31.805298,132 Martin Rd,,Midway,GA,31320,4591,LIBERTY
Parkers 1,-81.382851,31.780539,13704 E Oglethorpe Hwy,,Midway,GA,31320,4215,LIBERTY
Lake George Get N Go,-81.385063,31.837194,1604 Limerick Rd,,Midway,GA,31320,7008,LIBERTY
DOLLAR GENERAL 3897,-81.418289,31.801947,167 Butler St,,Midway,GA,31320,4576,LIBERTY
MIDWAY IGA FOODLINER,-81.418304,31.802406,192 Butler St,,Midway,GA,31320,4575,LIBERTY
Midway Station,-81.433464,31.799391,27 S Coastal Hwy,,Midway,GA,31320,5233,LIBERTY
Shiv Shakti 67 Llc,-81.33345,31.745237,3584 Islands Hwy,,Midway,GA,31320,5922,LIBERTY
Granny Smith's Farmers Market,-81.437126,31.866272,6136 Leroy Coffer Hwy,,Midway,GA,31320,,LIBERTY
Spg Trading Inc,-81.394249,31.652065,11181 S Coastal Hwy,,Riceboro,GA,31323,4331,LIBERTY
Dollar General 24366,-81.438522,31.740471,4507 S Coastal Hwy,,Riceboro,GA,31323,3402,LIBERTY
Marathon Food Mart,-81.437347,31.739334,4609 Coastal Hwy,,Riceboro,GA,31323,,LIBERTY
Buzzy's Mini-mart,-81.463158,31.747948,8982 Eb Cooper Hwy,Ste A,Riceboro,GA,31323,3201,LIBERTY
Friendly Express 46,-81.633728,31.772627,23 TALMADGE RD,,WALTHOURVILLE,GA,31333,,LIBERTY
Dollar General 13430,-81.633743,31.775068,3154 Airport Rd,,Walthoursville,GA,31333,,LIBERTY
B&T'S Food Fresh 10,-82.477341,33.792492,110 N Peachtree St,,Lincolnton,GA,30817,5871,LINCOLN
Family Dollar 3407,-82.477066,33.788513,192 Elm St,,Lincolnton,GA,30817,4240,LINCOLN
Lincolnton 2058 Inc,-82.348534,33.744442,2058 Ashmore Barden Rd,,Lincolnton,GA,30817,2700,LINCOLN
Dollar General 17706,-82.389702,33.748234,3870 Augusta Hwy,,Lincolnton,GA,30817,4420,LINCOLN
Front Porch Country Market Llc,-82.472939,33.802963,608 N Washington St,,Lincolnton,GA,30817,6007,LINCOLN
Golden Pantry Food Stores 1090,-82.472359,33.802921,620 N Washington St,,Lincolnton,GA,30817,6007,LINCOLN
DOLLAR GENERAL 8916,-82.461502,33.788525,675 Elm St,,Lincolnton,GA,30817,,LINCOLN
On The Go 13,-81.8797,31.878048,39 Joe Kennedy Rd NE,,Glennville,GA,30427,8718,LONG
DOLLAR GENERAL 18895,-81.918098,31.887861,4680 GA Highway 196,,Glennville,GA,30427,8640,LONG
Family Dollar 13478,-81.881615,31.877089,4933 Hwy 196,US,Glennville,GA,30427,8647,LONG
Norris Driggers & Sons Inc.,-81.917816,31.887598,5117 Hwy 196,,Glennville,GA,30427,8649,LONG
DOLLAR GENERAL 3503,-81.744987,31.71578,4-6A Macon St,,LUDOWICI,GA,31316,,LONG
Flash Foods LLC 274089,-81.746002,31.713171,1 E Cypress St,,Ludowici,GA,31316,3154,LONG
Family Dollar 9186,-81.745888,31.713112,12 E Cypress St,,Ludowici,GA,31316,3155,LONG
301 Market Store,-81.925072,31.8437,14230 Cecil Nobles Hwy,,Ludowici,GA,31316,2904,LONG
LUDOWICI IGA,-81.743446,31.714544,191 E Cypress St,,Ludowici,GA,31316,3115,LONG
Eagle Fuel,-81.725662,31.686152,2050 GA Highway 57,,Ludowici,GA,31316,4300,LONG
Shad Dasher Dba Ludowici Garden,-81.745132,31.713371,35 Lee St,,Ludowici,GA,31316,6779,LONG
Dollar General 23660,-81.766701,31.86746,3600 Smiley Rd NE,,Ludowici,GA,31316,,LONG
Parkers 5,-81.745934,31.713083,4 E Cypress St,,Ludowici,GA,31316,3155,LONG
Rye Patch Farm And Produce,-81.749741,31.815577,5231 Rye Patch Rd NE,,Ludowici,GA,31316,6615,LONG
Big Foot Travel Center 939,-83.390495,30.992924,1311 Ga Highway 122 W,,Hahira,GA,31632,1051,LOWNDES
FIVEASH FOOD STORE,-83.375282,30.990976,304 W Main St,,Hahira,GA,31632,1024,LOWNDES
DOLLAR GENERAL 8080,-83.375778,30.990574,309 W Main St,,Hahira,GA,31632,1023,LOWNDES
Food Lion 2833,-83.381912,30.989571,775 Ga Highway 122 W,,Hahira,GA,31632,,LOWNDES
Friendly Express 108,-83.382813,30.990839,940 GA Highway 122 W,,Hahira,GA,31632,1061,LOWNDES
Family Dollar 3231,-83.21637,30.682199,1006 Lakes Blvd,,Lake Park,GA,31636,,LOWNDES
Winn Dixie 0032,-83.218208,30.682005,1060 Lakes Blvd,,Lake Park,GA,31636,3013,LOWNDES
Race Way 1177,-83.21888,30.681801,1177 Lakes Blvd,,Lake Park,GA,31636,3016,LOWNDES
Flash Foods LLC 2745158,-83.221092,30.680855,1266 Lakes Blvd,,Lake Park,GA,31636,3055,LOWNDES
DOLLAR GENERAL 4085,-83.204979,30.68553,365 Lake Blvd,,Lake Park,GA,31636,6614,LOWNDES
DollarTree 3606,-83.220306,30.678555,5185 Mill Store Rd,Unit 13,Lake Park,GA,31636,,LOWNDES
TA Lake Park 249,-83.18679,30.645458,6901 Lake Park Bellville Rd,,Lake Park,GA,31636,4008,LOWNDES
Pilot Travel Center 631,-83.191032,30.641958,7001 Lake Park Bellville Rd,,Lake Park,GA,31636,4027,LOWNDES
Dollar General 25060,-83.229996,30.679672,7095 Lakes Blvd,,Lake Park,GA,31636,4945,LOWNDES
Bigfoot Travel Center 926,-83.224052,30.679657,7212 Lakes Blvd,,Lake Park,GA,31636,4946,LOWNDES
Moody AFB Commissary 536,-83.208351,30.972454,4333 George St,Bldg 902,Moody AFB,GA,31699,1711,LOWNDES
DOLLAR GENERAL 14457,-83.080757,30.908089,5953 US Highway 84 E,,Naylor,GA,31641,2962,LOWNDES
Mcqueen Farms NAFMNP,-83.097656,30.946789,5966 Robinson Cir,,Naylor,GA,31641,2022,LOWNDES
WINN-DIXIE 140,-83.291977,30.875154,3200 NORTH ASHLEY ST,,VALDOSTA,GA,31602,,LOWNDES
Walmart 2615,-83.287727,30.881325,3274 INNER PERIMETER RD,,VALDOSTA,GA,31602,,LOWNDES
Mk1,-83.275497,30.818609,1000 Madison Hwy,,Valdosta,GA,31601,5953,LOWNDES
Dollar General 13908,-83.304222,30.846754,1001 Baytree Rd,,Valdosta,GA,31602,2730,LOWNDES
Nouria 101 Northside Drive East 582,-83.289818,30.869078,101 E Northside Dr,,Valdosta,GA,31602,1724,LOWNDES
Piggly Wiggly 274,-83.275299,30.817875,1105 Madison Hwy,,Valdosta,GA,31601,5958,LOWNDES
Flash Foods LLC 2745144,-83.325211,30.842087,1201 N Saint Augustine Rd,,Valdosta,GA,31601,3544,LOWNDES
LA JALISCO,-83.280441,30.846628,1300 N Ashley St,,Valdosta,GA,31601,4018,LOWNDES
STAN'S QUALITY MEATS,-83.296341,30.824017,1300 W Hill Ave,,Valdosta,GA,31601,5205,LOWNDES
Shri Hari Farmer Market,-83.332886,30.847404,1383 N Saint Augustine Rd,,Valdosta,GA,31602,9314,LOWNDES
QuikTrip 7071,-83.333389,30.84646,1394 N Saint Augustine Rd,,Valdosta,GA,31602,,LOWNDES
Mr. B's Market,-83.276871,30.847958,1405 N Lee St,,Valdosta,GA,31601,3307,LOWNDES
Raceway 1406,-83.334641,30.846796,1406 N Saint Augustine Rd,,Valdosta,GA,31602,2128,LOWNDES
Stop N Shop,-83.25782,30.839052,1408 E Hill Ave,,Valdosta,GA,31601,4964,LOWNDES
Mega Mart 25,-83.277832,30.849236,1409 N Lee St,,Valdosta,GA,31602,3318,LOWNDES
Family Farm Poultry,-83.267288,30.85783,1430 E Park Ave,,Valdosta,GA,31602,3208,LOWNDES
Carter & Sons Produce,-83.265121,30.811844,1500 S Patterson St,Ste A,Valdosta,GA,31601,6755,LOWNDES
Khushi Food Mart,-83.266205,30.871407,1509 Northside Dr,,Valdosta,GA,31602,2017,LOWNDES
FARMER BROWN'S PRO #1,-83.263535,30.812992,1600 S Patterson St,,Valdosta,GA,31601,6723,LOWNDES
DOLLAR GENERAL 14555,-83.265335,30.872286,1610 Northside Dr,,Valdosta,GA,31602,,LOWNDES
BAILEY'S CUSTOM CUTS,-83.251831,30.837475,1646 Clay Rd,,Valdosta,GA,31601,9314,LOWNDES
Flash Food LLC 27410,-83.324303,30.846622,1720 Gornto Rd,,Valdosta,GA,31601,3579,LOWNDES
PUBLIX 430,-83.322845,30.845675,1741 Gornto Rd,,Valdosta,GA,31601,8408,LOWNDES
Walgreens 9305,-83.323875,30.847008,1800 Baytree Rd,,Valdosta,GA,31602,3552,LOWNDES
Flash Foods LLC 2745143,-83.280846,30.854609,1800 N Ashley St,,Valdosta,GA,31602,3025,LOWNDES
DollarTree 51,-83.318222,30.842758,1801 Norman Dr,,Valdosta,GA,31601,3502,LOWNDES
J K Food Mart,-83.263245,30.871553,1801 Northside Dr,,Valdosta,GA,31602,1527,LOWNDES
Target Store 750,-83.316055,30.843151,1815 Norman Dr,,Valdosta,GA,31601,3502,LOWNDES
CIRCLE K 2745200,-83.313576,30.819723,1904 W Hill Ave,,Valdosta,GA,31601,5112,LOWNDES
Family Dollar 420,-83.280853,30.85623,1905 N Ashley St,,Valdosta,GA,31602,3026,LOWNDES
Prem Food Mart,-83.313683,30.819157,2001 W Hill Ave,,Valdosta,GA,31601,5113,LOWNDES
Rj Gas And Food,-83.281273,30.857435,2012 N Ashley St,,Valdosta,GA,31602,3029,LOWNDES
Taste Of The Island Grocery & Food,-83.280876,30.856956,2029 N Ashley St,,Valdosta,GA,31602,3028,LOWNDES
OYSTER BAR FISH MARKET INC,-83.283203,30.832207,204 N Oak St,,Valdosta,GA,31601,5513,LOWNDES
Gordon Food Mart,-83.285538,30.838104,209 W Gordon St,,Valdosta,GA,31601,4514,LOWNDES
Racetrac 2622,-83.319145,30.81748,2102 W Hill Ave,,Valdosta,GA,31601,5130,LOWNDES
Dollar General 2440,-83.279114,30.859529,2107 Bemiss Rd,,Valdosta,GA,31602,1940,LOWNDES
Piggly Wiggly 281,-83.280739,30.859646,2111 Bemiss Rd,,Valdosta,GA,31602,1940,LOWNDES
SunStop 884,-83.32045,30.816364,2112 1/2 W Hill Ave,,Valdosta,GA,31601,5130,LOWNDES
Speedway 1883,-83.291924,30.779314,2165 OLD CLYATTVILLE RD,,Valdosta,GA,31601,,LOWNDES
CVS Pharmacy 4534,-83.282486,30.860395,2205 N Ashley St,,Valdosta,GA,31602,2612,LOWNDES
Sky Limit Stop Coporation,-83.196342,30.800043,2295 New Statenville Hwy,,Valdosta,GA,31606,0621,LOWNDES
Love's Travel Stop 550,-83.299728,30.774769,2319 Old Clyattville Rd,,Valdosta,GA,31601,1235,LOWNDES
Quick Stop #2,-83.342529,30.806067,2418 Rocky Ford Rd,,Valdosta,GA,31601,0320,LOWNDES
Dollar General 20309,-83.33329,30.810257,2485 US Highway 84 W,,Valdosta,GA,31601,5182,LOWNDES
Mitt's Food Mart#2,-83.333107,30.810829,2490 Hwy 84 West,,Valdosta,GA,31601,,LOWNDES
Madison Discount Shoppe,-83.270454,30.784685,2601 Madison Hwy,,Valdosta,GA,31601,6945,LOWNDES
Dollar General 13704,-83.234741,30.787914,2710 Highway 41 S,,Valdosta,GA,31601,,LOWNDES
Flowers Bakery Outlet 99,-83.27562,30.877123,2712 Bemiss Rd,,Valdosta,GA,31602,1404,LOWNDES
Murphy Express 8518,-83.316864,30.825697,277 Norman Dr,,Valdosta,GA,31601,5161,LOWNDES
Quick Change 16,-83.233475,30.784187,2797 US Highway 41 S,,Valdosta,GA,31606,1419,LOWNDES
Walgreens 6899,-83.287514,30.868778,2815 N Ashley St,,Valdosta,GA,31602,1806,LOWNDES
Pop's Corner,-83.308769,30.829485,305 N Saint Augustine Rd,,Valdosta,GA,31601,4290,LOWNDES
Salt Lick Sausage Co.,-83.291801,30.877338,3111 N Oak Street Ext,Ste A,Valdosta,GA,31602,1105,LOWNDES
Devapani Inc,-83.267082,30.766708,3119 Madison Hwy,,Valdosta,GA,31601,6816,LOWNDES
Walgreens 17706,-83.291687,30.88269,3200 N Oak Street Ext,,Valdosta,GA,31605,6473,LOWNDES
Hiraa,-83.309669,30.831022,321 N Saint Augustine Rd,,Valdosta,GA,31601,4238,LOWNDES
One stop 3,-83.290939,30.882664,3245 Inner Perimeter Rd,,Valdosta,GA,31602,1060,LOWNDES
DollarTree 988,-83.288948,30.884476,3279 Jack Staten Way,,Valdosta,GA,31602,,LOWNDES
ALDI 76142,-83.289696,30.889849,3283 Jack Staten Way,,Valdosta,GA,31605,1018,LOWNDES
MURPHY EXPRESS 8623,-83.285576,30.882729,3300 Inner Perimeter Rd,,Valdosta,GA,31602,7063,LOWNDES
DOLLAR GENERAL 2094,-83.295517,30.878332,3305 N Valdosta Rd,,Valdosta,GA,31602,1082,LOWNDES
Publix 1435,-83.283813,30.883095,3330 Inner Perimeter Rd,,Valdosta,GA,31602,7063,LOWNDES
Walmart S/C 899,-83.317627,30.826723,340 Norman Dr,,Valdosta,GA,31601,7713,LOWNDES
ALDI 82173,-83.317551,30.826742,345 Norman Dr,,Valdosta,GA,31601,7714,LOWNDES
Pilot Travel Center 4561,-83.2724,30.754015,3460 Madison Hwy,,Valdosta,GA,31601,,LOWNDES
DOLLAR GENERAL 18760,-83.143364,30.772728,3603 New Statenville Hwy,,Valdosta,GA,31606,2503,LOWNDES
Friendly Express 106,-83.274185,30.882965,3645 Inner Perimeter Rd,,Valdosta,GA,31602,1048,LOWNDES
Dollar General 11607,-83.276108,30.746256,3664 Madison Hwy,,Valdosta,GA,31601,0970,LOWNDES
Quick Change 2,-83.276039,30.745199,3701 Madison Hwy,,Valdosta,GA,31601,2613,LOWNDES
Family Dollar 10742,-83.266434,30.882046,3820 Inner Perimeter Rd,,Valdosta,GA,31602,,LOWNDES
Eddie Felders Country Meat Market,-83.338295,30.904024,3954 Old US Highway 41 N,,Valdosta,GA,31602,6809,LOWNDES
Dollar General 15163,-83.339691,30.904488,3967 Old US 41 N,,Valdosta,GA,31602,6810,LOWNDES
One Stop 1,-83.321213,30.895613,3980 N Valdosta Rd,,Valdosta,GA,31602,0812,LOWNDES
Dollar General 31642,-83.24173,30.941364,4065 Pine Grove Rd,,Valdosta,GA,31605,7817,LOWNDES
Quick Food Store,-83.267799,30.82933,409 S Fry St,,Valdosta,GA,31601,5839,LOWNDES
CIRCLE K 2745146,-83.263252,30.91115,4109 Bemiss Rd,,Valdosta,GA,31605,7846,LOWNDES
Friendly Express 105,-83.326393,30.897398,4129 N Valdosta Rd,,Valdosta,GA,31602,0832,LOWNDES
DOLLAR GENERAL 7749,-83.258331,30.914511,4160 Bemiss Rd,,Valdosta,GA,31605,6042,LOWNDES
Walmart Neighborhood Market 6732,-83.258003,30.915739,4196 Bemiss Rd,,Valdosta,GA,31605,7830,LOWNDES
Flash Foods LLC 274273,-83.332443,30.897659,4205 N Valdosta Rd,,Valdosta,GA,31602,6815,LOWNDES
Flash Food LLC 20,-83.278183,30.872192,425 Northside Dr,,Valdosta,GA,31602,1801,LOWNDES
Sam's Club 6204,-83.319489,30.829504,450 Norman Dr,,Valdosta,GA,31601,7708,LOWNDES
Racetrac 2666,-83.349014,30.893896,4541 N Valdosta Rd,,Valdosta,GA,31602,6822,LOWNDES
Quick Change 3,-83.353676,30.894974,4592 N Valdosta Rd,,Valdosta,GA,31602,6827,LOWNDES
Fast Break 2,-83.353439,30.894363,4593 N Valdosta Rd,,Valdosta,GA,31602,6822,LOWNDES
DollarTree 6497,-83.244736,30.928892,4626 Bemiss Rd,,Valdosta,GA,31605,6052,LOWNDES
Dollar General 15564,-83.221298,30.961086,4762 Davidson Rd,,Valdosta,GA,31605,5599,LOWNDES
Flash Food LLC 27417,-83.312622,30.834393,511 N Saint Augustine Rd,,Valdosta,GA,31601,3540,LOWNDES
One Stop 4,-83.310173,30.695684,5112 Clyattville Lake Park Rd,,Valdosta,GA,31601,0876,LOWNDES
Family Dollar 5800,-83.272415,30.833508,512 E Central Ave,,Valdosta,GA,31601,5811,LOWNDES
Misha Food Mart,-83.31266,30.696609,5139 Madison Hwy,,Valdosta,GA,31601,8199,LOWNDES
DOLLAR GENERAL 15258,-83.315376,30.689325,5353 Madison Hwy,,Valdosta,GA,31601,0889,LOWNDES
MK 5,-83.271408,30.833628,600 E Hill Ave,,Valdosta,GA,31601,5841,LOWNDES
A B Food,-83.270775,30.833735,607 E Hill Ave,,Valdosta,GA,31601,5840,LOWNDES
Barrett's Food Mart,-83.200218,31.000744,6685 Bemiss Rd,,Valdosta,GA,31605,5219,LOWNDES
P&d Food Mart,-83.26078,30.817772,700 Griffin Ave,,Valdosta,GA,31601,6412,LOWNDES
Nouria 701 East Park Avenue 580,-83.278145,30.856712,701 E Park Ave,,Valdosta,GA,31602,3124,LOWNDES
Lowndes Beverage,-83.277733,30.856596,703 E Park Ave,,Valdosta,GA,31602,3124,LOWNDES
Valdosta Partners 2317 Inc,-83.268295,30.842379,704 N Forrest St,,Valdosta,GA,31601,4142,LOWNDES
707 Sps Management Inc,-83.27417,30.82251,707 S Patterson St,,Valdosta,GA,31601,6069,LOWNDES
Southside Fishery,-83.273979,30.821621,727A S Patterson St,,Valdosta,GA,31601,6069,LOWNDES
Dollar General 14645,-83.197853,31.025057,7290 Bemiss Road,,Valdosta,GA,31601,,LOWNDES
DollarTree 6871,-83.273155,30.82172,731 S Patterson St,,Valdosta,GA,31601,6069,LOWNDES
J K Food Mart,-83.261589,30.821699,739 Old Statenville Rd,,Valdosta,GA,31601,6308,LOWNDES
Frank's Mart,-83.275818,30.841316,800 N Troup St,,Valdosta,GA,31601,4737,LOWNDES
J & P Food Mart,-83.282616,30.838873,801 N Patterson St,,Valdosta,GA,31601,4528,LOWNDES
Gas N Go,-83.274033,30.821051,812 S Patterson St,,Valdosta,GA,31601,6041,LOWNDES
DOLLAR GENERAL 8226,-83.272224,30.820854,823 Patterson St,,Valdosta,GA,31601,,LOWNDES
Family Dollar 8389,-83.317398,30.83765,964 N Saint Augustine Rd,,Valdosta,GA,31601,3586,LOWNDES
Walmart S/C 2513,-83.973434,34.538177,270 WAL-MART WAY,,DAHLONEGA,GA,30533,,LUMPKIN
Camp Merrill Commissary,-83.997177,34.560604,1 Camp Wahsega Rd,,Dahlonega,GA,30533,,LUMPKIN
Dollar General 16152,-84.037567,34.523598,12 Siloam Church Rd,,Dahlonega,GA,30533,,LUMPKIN
JP Dahlonega 272,-83.98851,34.445789,2030 Highway 400,GA,Dahlonega,GA,30533,5939,LUMPKIN
Clay Creek Falls Grocery,-84.030121,34.553406,2261 Oak Grove Rd,,Dahlonega,GA,30533,4488,LUMPKIN
Publix Super Markets Inc. 2024,-83.97007,34.469856,23 Maxwell Ln,,Dahlonega,GA,30533,7144,LUMPKIN
Iron Mountain Mart,-84.046333,34.520332,2604 Dawsonville Hwy,Ste A,Dahlonega,GA,30533,5211,LUMPKIN
Twisted Vines,-83.869766,34.595886,2779 Town Creek Church Rd,,Dahlonega,GA,30533,6935,LUMPKIN
DOLLAR GENERAL 18549,-83.968529,34.568794,3165 Morrison Moore Pkwy E,,Dahlonega,GA,30533,,LUMPKIN
Ben Higgins Vaho,-84.02137,34.489174,3242 Auraria Rd,,Dahlonega,GA,30533,5952,LUMPKIN
Disco Marathon,-83.9683,34.570786,4150 Highway 19 N,,Dahlonega,GA,30533,2717,LUMPKIN
Golden Pantry Food Stores Inc. 1027,-83.986969,34.539497,462 Grove St N,,Dahlonega,GA,30533,0432,LUMPKIN
DOLLAR GENERAL 0571,-83.976608,34.534016,473 Morrison Moore Pkwy E,,Dahlonega,GA,30533,1423,LUMPKIN
Mart 247,-83.913834,34.521004,4766 Highway 52 E,,Dahlonega,GA,30533,5008,LUMPKIN
DOLLAR GENERAL 13837,-83.975342,34.471424,5019 S Chestatee St,,Dahlonega,GA,30533,,LUMPKIN
Dollar General 30586,-83.936028,34.450794,55 Pony Lake Rd,,Dahlonega,GA,30533,,LUMPKIN
Texaco Food Mart,-83.978691,34.526348,550 S Chestatee St,,Dahlonega,GA,30533,1340,LUMPKIN
Walgreens 18205,-83.9767,34.536835,566 E Main St,,Dahlonega,GA,30533,0530,LUMPKIN
Yogis Quik Stop Inc,-83.975601,34.51424,6849 S Chestatee,,Dahlonega,GA,30533,6321,LUMPKIN
Mart 24/7,-83.974007,34.52409,891 S Chestatee St,,Dahlonega,GA,30533,1610,LUMPKIN
Dollar General,-84.024071,34.473606,4360 Auraria Rd,,Dawsonville,GA,30534,8203,LUMPKIN
Tomato House Farms,-83.863762,34.534801,22 Stephens Cir,,Murrayville,GA,30564,3269,LUMPKIN
DOLLAR GENERAL 14190,-83.886978,34.517269,6507 Highway 52 E,,Murrayville,GA,30564,2510,LUMPKIN
DOLLAR GENERAL 18735,-84.18837,32.373901,403 Tom Watson Ave,,Ideal,GA,31041,6238,MACON
New Era,-84.188042,32.376308,602 Tom Watson Ave,,Ideal,GA,31041,6241,MACON
Friendly Foods,-83.942352,32.456646,101 Camellia Blvd,,Marshallville,GA,31057,9743,MACON
FELTON'S RED & WHITE,-83.94146,32.457592,112 Camellia Blvd,,Marshallville,GA,31057,9743,MACON
Dollar General 16037,-83.939247,32.46286,300 Camellia Blvd,,Marshallville,GA,31057,,MACON
Fillers,-84.029449,32.301186,112 N Dooly St,,Montezuma,GA,31063,1508,MACON
Hari Fillers Llc,-84.023712,32.295891,322 Spaulding Rd,,Montezuma,GA,31063,1766,MACON
Minute Market,-84.028427,32.305664,333 Drayton St,,Montezuma,GA,31063,1448,MACON
CVS Pharmacy 5673,-84.01799,32.293037,501 Spaulding Rd,,Montezuma,GA,31063,1803,MACON
DOLLAR GENERAL 8021,-84.017426,32.29311,503 Spaulding Rd,,Montezuma,GA,31063,1803,MACON
DollarTree 8425,-84.018494,32.293556,506 Spaulding Rd,Ste H,Montezuma,GA,31063,1800,MACON
Piggly Wiggly,-84.018707,32.293583,506D Spaulding Rd,,Montezuma,GA,31063,1804,MACON
QUICK SHOP,-84.014183,32.288963,712 Vienna Rd,,Montezuma,GA,31063,2407,MACON
Dollar General 11749,-84.062126,32.293873,116 Chatham St,,Oglethorpe,GA,31068,9100,MACON
Wrights Grocery 0,-84.081779,32.269657,2180 GA Highway 49 S,,Oglethorpe,GA,31068,8208,MACON
Fast Flint Foods,-84.053917,32.291706,248 Riverview Dr,,Oglethorpe,GA,31068,9713,MACON
Dew Drop In,-84.064301,32.291496,324 Chatham St,,Oglethorpe,GA,31068,,MACON
King Kwik,-83.330727,34.025436,3073 Danielsville Rd,,Athens,GA,30601,4302,MADISON
Sinaloa Supermercado,-83.330391,34.024925,3077 Danielsville Rd,,Athens,GA,30601,4302,MADISON
Nathans Enterprises LLC,-83.31842,34.028114,4272 Old Danielsville Rd,,Athens,GA,30601,4320,MADISON
DOLLAR GENERAL 18583,-83.01506,34.058575,22 Berkeley Rd,,Carlton,GA,30627,6425,MADISON
Carlton Mini Mart Inc,-83.034103,34.043762,5707 Highway 72 E,,Carlton,GA,30627,1541,MADISON
DollarTree 9396,-83.233551,34.034088,15 Colbert Business Pkwy W,,Colbert,GA,30628,2462,MADISON
DOLLAR GENERAL 9529,-83.225998,34.037502,35 Colbert School Rd,,Colbert,GA,30628,,MADISON
Zks Colbert Inc.,-83.215126,34.038349,5490 Highway 72 W,,Colbert,GA,30628,2942,MADISON
Colbert Food Mart,-83.241508,34.031738,7066 Ga-72,,Colbert,GA,30628,,MADISON
Circle K 2723349,-83.12764,34.064594,18 Highway 72 W,,Comer,GA,30629,3722,MADISON
Comer Community Market Inc.,-83.124123,34.062119,1914 Madison St,,Comer,GA,30629,3821,MADISON
Quick Pantry 7,-83.126984,34.064148,25 Highway 72 E,,Comer,GA,30629,3717,MADISON
Dollar General 31714,-83.15226,34.095604,500 Madico Dr,,Comer,GA,30629,2766,MADISON
Paoli Junction,-83.144638,34.092148,5106 Highway 98 E,,Comer,GA,30629,3278,MADISON
DOLLAR GENERAL 8144,-83.12587,34.063969,75 Highway 72 E,,Comer,GA,30629,3717,MADISON
Oasis Asian Market,-83.126106,34.062752,89 E North Ave,,Comer,GA,30629,3822,MADISON
Valero Food Mart,-83.363762,34.176472,9523 Highway 98 W,,Commerce,GA,30530,4163,MADISON
Golden Pantry Food Stores 1043,-83.22393,34.12162,214 General Daniel Ave S,,Danielsville,GA,30633,7014,MADISON
Marketplace,-83.225899,34.117065,291 Sam Groves St,,Danielsville,GA,30633,7049,MADISON
Walgreen 17732,-83.217033,34.129513,380 General Daniel Ave N,,Danielsville,GA,30633,6910,MADISON
DOLLAR GENERAL 8208,-83.225693,34.118599,425 General Daniel Ave S,,Danielsville,GA,30633,7021,MADISON
Farm Town Market Inc,-83.170998,34.16589,9628 Wildcat Bridge Rd,,Danielsville,GA,30633,5447,MADISON
Hull Chevron,-83.293648,34.015575,10244 Highway 72,,Hull,GA,30646,4474,MADISON
DOLLAR GENERAL 1265,-83.314461,34.030941,1640 Glenn Carrie Rd,,Hull,GA,30646,4222,MADISON
Dollar General 16894,-83.307755,34.117268,35 Hanley Rd,,Hull,GA,30646,1713,MADISON
DIAMOND HILL GROCERY,-83.295242,34.045525,5609 Highway 29 S,,Hull,GA,30646,3507,MADISON
Neese Grocery,-83.317245,34.076382,6790 Highway 106 S,,Hull,GA,30646,3000,MADISON
Golden Pantry Food Stores 1037,-83.315529,34.033161,8874 Highway 29 S,,Hull,GA,30646,3343,MADISON
CVS PHARMACY 7782,-83.314453,34.03141,8895 Highway 29 S,,Hull,GA,30646,3909,MADISON
Family Dollar 12262,-83.315712,34.032032,8964 Highway 29 S,,Hull,GA,30646,3908,MADISON
Stop N Shop,-83.315552,34.030811,9029 Highway 29 S,,Hull,GA,30646,3787,MADISON
INGLES MARKETS 450,-83.317001,34.029324,9161 Highway 29 S,,Hull,GA,30646,3772,MADISON
JP Ila 265,-83.291306,34.17247,14 North Main St,,Ila,GA,30647,,MADISON
Royal Food Store,-83.292061,34.171875,15 S Main St,,Ila,GA,30647,,MADISON
DOLLAR GENERAL 9683,-83.289871,34.171227,5118 Danielsville St,,Ila,GA,30647,,MADISON
Buena Vista Gas N Go 098,-84.518082,32.317863,101 E 6th Ave,,Buena Vista,GA,31803,9714,MARION
K B V Foods,-84.518494,32.317497,101 S Broad St,,Buena Vista,GA,31803,2101,MARION
Eagle Foods,-84.529884,32.334332,1062 Ga Highway 41 N,,Buena Vista,GA,31803,5200,MARION
Family Dollar 10476,-84.51873,32.31612,114 S Broad St,,Buena Vista,GA,31803,2300,MARION
DOLLAR GENERAL 8196,-84.518761,32.316189,117 S Broad St,,Buena Vista,GA,31803,2301,MARION
Memito's Fresh Market 01,-84.516563,32.319118,120 E 4th Ave,,Buena Vista,GA,31803,2110,MARION
Ml Foodmart,-84.514999,32.317657,201 E 6th Ave,,Buena Vista,GA,31803,1909,MARION
First Pinnacle Farms Llc FFAB,-84.556511,32.26265,2727 Pineville Rd,,Buena Vista,GA,31803,7426,MARION
Morgan's Grocery 29,-84.440033,32.380615,3761 GA Highway 137 E,,Buena Vista,GA,31803,3841,MARION
DOLLAR GENERAL 19602,-84.537102,32.444599,5007 Highway 41 N,,Mauk,GA,31058,,MARION
Dollar General 30446,-82.39978,33.417778,4075 Augusta Hwy,,Dearing,GA,30808,3642,MCDUFFIE
Axon's Mini Mart,-82.386536,33.413158,4550 Augusta Hwy,,Dearing,GA,30808,4066,MCDUFFIE
Family Dollar 12532,-82.38382,33.412651,4639 Augusta Hwy,,Dearing,GA,30808,4040,MCDUFFIE
A Market For Alex,-82.381813,33.411301,4685 Augusta Hwy,,Dearing,GA,30808,4040,MCDUFFIE
Dollar General 21704,-82.379837,33.41264,4756 Augusta Hwy,,Dearing,GA,30808,4080,MCDUFFIE
Walmart 1658,-82.501114,33.481216,2205 HARRISON RD SE,,THOMSON,GA,30824,,MCDUFFIE
Sprint 900714,-82.499802,33.462574,101 Hill St,,Thomson,GA,30824,2929,MCDUFFIE
Dollar General 31181,-82.478615,33.473911,1070 White Oak Rd,,Thomson,GA,30824,3911,MCDUFFIE
CVS PHARMACY 4556,-82.501053,33.462475,109 W Hill St,,Thomson,GA,30824,2110,MCDUFFIE
Jet Food Store 102,-82.448196,33.509773,1541 Ginger Hill Rd,,Thomson,GA,30824,4357,MCDUFFIE
Circle K 5367,-82.503059,33.504528,1786 Washington Rd,,Thomson,GA,30824,7201,MCDUFFIE
Saicon Food And Gas,-82.535416,33.451012,1798 Warrenton Hwy,,Thomson,GA,30824,8017,MCDUFFIE
Walgreens 19973,-82.526871,33.456821,189 Quality Dr,,Thomson,GA,30824,8040,MCDUFFIE
Raceway 6726,-82.50264,33.508514,1920 Washington Rd,,Thomson,GA,30824,7203,MCDUFFIE
Kap2024 Llc,-82.503098,33.509769,1965 Washington Rd,,Thomson,GA,30824,7204,MCDUFFIE
Sprint 900747,-82.502464,33.510262,2093 Washington Rd,,Thomson,GA,30824,6624,MCDUFFIE
Love's Travel Stops & Country Stores Inc 354,-82.503654,33.514271,2129 Washington Rd,,Thomson,GA,30824,6623,MCDUFFIE
Murphy USA 7951,-82.502007,33.482574,2211 Harrison Rd SE,,Thomson,GA,30824,7455,MCDUFFIE
DollarTree 2277,-82.501556,33.482929,2214 Harrison Rd SE,,Thomson,GA,30824,7491,MCDUFFIE
DOLLAR GENERAL 8917,-82.49691,33.463676,300 E Hill St,,Thomson,GA,30824,2931,MCDUFFIE
Thomson Quick Pick,-82.506264,33.462238,312 W Hill St,,Thomson,GA,30824,2113,MCDUFFIE
Family Dollar 3694,-82.505898,33.462013,324 W Hill St,,Thomson,GA,30824,2113,MCDUFFIE
Kj's Market-Thomson 665,-82.505844,33.461262,336 W Hill St,5165,Thomson,GA,30824,2113,MCDUFFIE
Thomson Corner Store LLC na,-82.504623,33.470882,402 Main St,,Thomson,GA,30824,1575,MCDUFFIE
Bronco,-82.505905,33.460838,409 W Hill St,,Thomson,GA,30824,2116,MCDUFFIE
Bp Foodmart,-82.499207,33.460449,418 Jackson St,,Thomson,GA,30824,2939,MCDUFFIE
Palmer Farm,-82.460381,33.3461,4897 Wrens Hwy,,Thomson,GA,30824,9415,MCDUFFIE
Tims Butcher Shop 1,-82.507805,33.46106,510 W Hill St,,Thomson,GA,30824,2117,MCDUFFIE
Triangle Foodstore,-82.489754,33.4631,628 Augusta Hwy,,Thomson,GA,30824,2910,MCDUFFIE
Rimpys Apex no,-82.496666,33.48035,639 Cobbham Rd,,Thomson,GA,30824,4038,MCDUFFIE
DOLLAR GENERAL 631,-82.504921,33.480179,644 Main St,,Thomson,GA,30824,7406,MCDUFFIE
Mo Convenience And Tobacco Store,-82.44783,33.437382,648 Augusta Hwy,,Thomson,GA,30824,2910,MCDUFFIE
Walgreens 11995,-82.50457,33.483559,668 Main St,,Thomson,GA,30824,7416,MCDUFFIE
B & B Produce,-82.505196,33.483742,676 Main St,,Thomson,GA,30824,7416,MCDUFFIE
Lucky One Stop Llc,-82.493958,33.482109,735 Cobbham Rd,,Thomson,GA,30824,4003,MCDUFFIE
Parker's Prime 204,-81.451073,31.397881,1045 Magnolia Bluff Way SW,,Darien,GA,31305,6218,MCINTOSH
Friendly Express 74,-81.435059,31.36895,106 Walton St,,Darien,GA,31305,9116,MCINTOSH
DOLLAR GENERAL 3830,-81.432823,31.378799,1104 Northway,,Darien,GA,31305,1571,MCINTOSH
Friendly Express 77,-81.447342,31.394642,13422 GA Highway 251,,Darien,GA,31305,3651,MCINTOSH
Nouria 2281 Highway 17 761,-81.447578,31.349258,2281 Hwy 17,,Darien,GA,31305,3925,MCINTOSH
Nouria 3651 Highway 17 822,-81.447578,31.349258,3651 Hwy 17,,Darien,GA,31305,3953,MCINTOSH
The Market,-81.434448,31.37133,407 North Way,,Darien,GA,31305,9127,MCINTOSH
The Coastal Market,-81.431877,31.385548,5214 US Highway 17,,Darien,GA,31305,4002,MCINTOSH
Family Dollar 12692,-81.432693,31.3871,5316 US Highway 17,,Darien,GA,31305,4004,MCINTOSH
DOLLAR GENERAL 7712,-81.432091,31.525303,1070 GA Hwy 57,,Townsend,GA,31331,8124,MCINTOSH
Om Foods,-81.432533,31.525534,1100 GA Highway 57,,Townsend,GA,31331,8125,MCINTOSH
Shell Creek Seafood,-81.425766,31.521917,1248 GA Highway 99,,Townsend,GA,31331,8346,MCINTOSH
Piggly Wiggly 178,-81.427971,31.531704,15759 US Highway 17,,Townsend,GA,31331,3703,MCINTOSH
Friendly Express 24,-81.446869,31.533014,2090 GA Highway 57,,Townsend,GA,31331,8200,MCINTOSH
Snappy Foods,-81.448997,31.53319,2201 GA Highway 57,,Townsend,GA,31331,3636,MCINTOSH
S & K Food Mart,-81.374184,31.50848,4683 GA Highway 99,,Townsend,GA,31331,8409,MCINTOSH
Nouria 7043 Shellman Bluff Road 768,-81.335373,31.576796,7043 Shellman Bluff Rd NE,,Townsend,GA,31331,4653,MCINTOSH
Dollar General 15129,-81.327271,31.574751,7554 Shellman Bluff Rd NE,,Townsend,GA,31331,4660,MCINTOSH
QuikTrip 809,-84.59417,32.939224,5185 Highway 85 E,,Forest Park,GA,30293,4101,MERIWETHER
Dollar General 19921,-84.596268,33.114494,11510 Luthersville Rd,,Gay,GA,30218,,MERIWETHER
Food Mart,-84.712334,33.025341,567 S Talbotton St,Unit D,Greenville,GA,30222,1920,MERIWETHER
Rana's Supermarket,-84.712311,33.025948,567 S Talbotton St,Unit A,Greenville,GA,30222,1919,MERIWETHER
Dollar General 11403,-84.712067,33.025017,579 S Talbotton St,,Greenville,GA,30222,1907,MERIWETHER
Friends & Family Mart,-84.742523,33.200985,139 S Main St,,Luthersville,GA,30251,1809,MERIWETHER
Dollar General 11911,-84.741592,33.199707,164 S Main St,,Luthersville,GA,30251,1810,MERIWETHER
Family Dollar 12778,-84.744942,33.211334,17 N Main St,,Luthersville,GA,30251,1515,MERIWETHER
Gentry Country Store,-84.673752,33.165291,5428 Luthersville Rd,,Luthersville,GA,30251,2604,MERIWETHER
Patriots Corner Mart,-84.744377,33.209793,8 S Main St,,Luthersville,GA,30251,1802,MERIWETHER
Phillips 76,-84.620125,32.854958,101 N 5th Ave,,Manchester,GA,31816,1525,MERIWETHER
DOLLAR GENERAL 126,-84.629936,32.867313,1104 Warm Springs Hwy,,Manchester,GA,31816,1166,MERIWETHER
CVS PHARMACY 10358,-84.614029,32.852177,130 W Main St,,Manchester,GA,31816,1651,MERIWETHER
Supra Mini Mart,-84.619438,32.856632,203 N 5th Ave,,Manchester,GA,31816,1420,MERIWETHER
Lobucks,-84.615654,32.853142,220 W Main St,,Manchester,GA,31816,1653,MERIWETHER
Walgreens 19828,-84.617493,32.853535,305 W Main St,,Manchester,GA,31816,1656,MERIWETHER
Piggly Wiggly Manchester,-84.619461,32.854397,412 W Main St,,Manchester,GA,31816,1657,MERIWETHER
Circle K 6694,-84.61927,32.854263,413 W Main St,,Manchester,GA,31816,1658,MERIWETHER
Family Dollar 448,-84.619179,32.855129,416 W Main St,,Manchester,GA,31816,1657,MERIWETHER
Dollar General 22767,-84.601265,32.856419,54 Foster St,,Manchester,GA,31816,,MERIWETHER
DOLLAR GENERAL 19463,-84.681183,32.890617,3841 Whitehouse Pkwy,,Warm Springs,GA,31830,,MERIWETHER
DOLLAR GENERAL 800,-84.574402,32.986008,11067 Millarden Rd,,Woodbury,GA,30293,,MERIWETHER
INGLES MARKETS 492,-84.57238,32.984821,11078 Millarden Rd,,Woodbury,GA,30293,,MERIWETHER
White House Food Mart,-84.59581,32.981884,12341 Whitehouse Park Way,,Woodbury,GA,30293,,MERIWETHER
Qs Stop,-84.574509,32.983433,18608 Main St,,Woodbury,GA,30293,2908,MERIWETHER
Sowega Meat Company Llc,-84.675949,31.086615,1699 Us Hwy 27 North,,Colquitt,GA,39837,,MILLER
Ziggy B's Seafood Market,-84.736221,31.172665,208 W Main St,,Colquitt,GA,39837,3408,MILLER
Colquitt Pic N Sav,-84.727165,31.168791,301 E Crawford St,,Colquitt,GA,39837,4106,MILLER
DOLLAR GENERAL 3768,-84.732574,31.169046,350 S 1st St,,Colquitt,GA,39837,3929,MILLER
Circle K 2723896,-84.72464,31.167656,359 S 4th St,,Colquitt,GA,39837,4124,MILLER
Family Dollar 794,-84.725082,31.166754,401 E Crawford St,,Colquitt,GA,39837,4011,MILLER
Good To Go 5,-84.72448,31.166327,403 E Crawford St,,Colquitt,GA,39837,4011,MILLER
Colquitt Food Mart,-84.741173,31.171591,410 W Crawford St,,Colquitt,GA,39837,3410,MILLER
Liberty Food,-84.723969,31.181252,701 N 4th St,,Colquitt,GA,39837,3844,MILLER
Robinson Farms,-84.081963,31.361155,2086 Robinson Rd,,Baconton,GA,31716,7222,MITCHELL
Dollar General 9797,-84.150864,31.379698,376 N Lester Rd,,Baconton,GA,31716,7710,MITCHELL
Dollar General 20897,-84.418579,31.078735,10419 County Line Road,,Camilla,GA,31730,,MITCHELL
Bo's Food Mart,-84.209122,31.234947,122 N Harney St,,Camilla,GA,31730,1271,MITCHELL
Walmart SUPERCENTER 843,-84.198997,31.225882,165 US Highway 19 S,,Camilla,GA,31730,1957,MITCHELL
DOLLAR GENERAL 4026,-84.202675,31.233065,170 E Oakland Ave,,Camilla,GA,31730,1535,MITCHELL
Camilla Exxon,-84.199928,31.236076,181 US Highway 19 N,,Camilla,GA,31730,1408,MITCHELL
Flash Foods LLC 274282,-84.211876,31.225368,195 S Boulevard St,,Camilla,GA,31730,2009,MITCHELL
One Stop,-84.414017,31.080574,29 GA Highway 97,,Camilla,GA,31730,4533,MITCHELL
One Convenient Stop 6,-84.218689,31.233316,300 W Broad St,,Camilla,GA,31730,1759,MITCHELL
SunStop 419,-84.196037,31.223692,301 US Highway 19 S,,Camilla,GA,31730,6300,MITCHELL
Gary's Palm Park Convenience Store,-84.187218,31.20787,4946 Ledbetter Rd,,Camilla,GA,31730,3953,MITCHELL
Family Dollar 348,-84.210518,31.231596,50 N Scott St,,Camilla,GA,31730,1247,MITCHELL
Bob And Jeff's Iga Of Camilla Llc 4,-84.210426,31.233553,68 N Scott St,,Camilla,GA,31730,1247,MITCHELL
Susie Q's 70,-84.200134,31.231716,8 Us Hwy 19,,Camilla,GA,31730,,MITCHELL
DollarTree 5568,-84.200111,31.23381,90 US Highway 19 N,,Camilla,GA,31730,1401,MITCHELL
Allen Food Mart,-84.155174,31.127184,110 Church St,,Pelham,GA,31779,2157,MITCHELL
On The Go Iga,-84.152382,31.124592,203 W Railroad St S,,Pelham,GA,31779,1626,MITCHELL
Easy Corner 2,-84.140274,31.123425,2067 US Highway 19 SE,,Pelham,GA,31779,4866,MITCHELL
Flash Foods LLC 2745152,-84.140625,31.133596,2369 US Highway 19 NE,,Pelham,GA,31779,5377,MITCHELL
Easy Corner,-84.148293,31.13295,240 Glausier St NE,,Pelham,GA,31779,1424,MITCHELL
Family Dollar 13465,-84.151817,31.123457,250 W Railroad St S,,Pelham,GA,31779,1645,MITCHELL
Krisha Food Mart,-84.159927,31.131945,280 Mlk Jr Blvd NW,,Pelham,GA,31779,2002,MITCHELL
Piggly Wiggly 641,-84.151848,31.122707,303 W Railroad St S,,Pelham,GA,31779,1625,MITCHELL
DOLLAR GENERAL 738,-84.157654,31.12011,398 Barrow Ave SW,,Pelham,GA,31779,2130,MITCHELL
Farm Fresh Produce,-84.135231,31.134129,560 John Collins Rd,,Pelham,GA,31779,5399,MITCHELL
Johnson Cattle Company,-84.248497,31.116594,883 Hwy 112 N,,Pelham,GA,31779,6347,MITCHELL
Marathon19,-83.80275,32.948864,6025 Us Highway 41 S,,Bolingbroke,GA,31004,,MONROE
Market Place,-84.090477,32.879532,16950 GA Highway 74,,Culloden,GA,31016,5922,MONROE
DOLLAR GENERAL 1796,-83.933426,33.034557,130 E Main St,,Forsyth,GA,31029,1946,MONROE
HWY 87 Best Buy,-83.837807,33.152042,14299 GA Highway 87,,Forsyth,GA,31029,3546,MONROE
DollarTree 5165,-83.941071,33.041569,150 N Lee St,,Forsyth,GA,31029,2122,MONROE
Family Dollar 8366,-83.9384,33.039745,173 N Lee St,,Forsyth,GA,31029,2123,MONROE
Walmart 907,-83.938446,33.039082,180 N Lee St,,Forsyth,GA,31029,2122,MONROE
QuikTrip 1730,-83.914581,33.027554,240 Harold G Clarke Pkwy,,Forsyth,GA,31029,8527,MONROE
INGLES MARKETS 403,-83.928368,33.035934,260 Tift College Dr,,Forsyth,GA,31029,2318,MONROE
Express Food Mart NO,-83.938362,33.041229,270 N Lee St,,Forsyth,GA,31029,2124,MONROE
Shell Food Mart,-83.938072,33.04068,275 N Lee St,,Forsyth,GA,31029,2164,MONROE
Fast Track 1,-83.938248,33.041561,291 N Lee St,,Forsyth,GA,31029,2138,MONROE
Circle K 6716,-83.912117,33.027874,306 Harold G Clarke Pkwy,,Forsyth,GA,31029,8524,MONROE
Lucky Food Mart,-83.939713,33.03331,33 S Jackson St,,Forsyth,GA,31029,1725,MONROE
CVS Pharmacy 7706,-83.925774,33.03508,430 Tift College Dr,,Forsyth,GA,31029,2315,MONROE
Wc's Minit Mart,-83.924454,33.034321,445 Tift College Dr,,Forsyth,GA,31029,2328,MONROE
Holiday Bp,-83.923447,33.034679,471 Tift College Dr,,Forsyth,GA,31029,2328,MONROE
Shell Fast Track,-83.950974,33.055828,985 GA Highway 42 N,,Forsyth,GA,31029,9637,MONROE
Dollar General 10287,-84.019333,33.17675,15 Towaliga River Dr,,Jackson,GA,30233,6647,MONROE
High Falls Market,-84.027458,33.174824,4988 High Falls Rd,,Jackson,GA,30233,6610,MONROE
Dollar General 15687,-83.810333,33.103382,12253 Highway 87,,Juliette,GA,31046,,MONROE
Quick Zip,-83.812706,33.105396,12376 GA Highway 87,,Juliette,GA,31046,4655,MONROE
Exxon,-83.744308,33.02457,8703 GA Highway 87,,Juliette,GA,31046,4318,MONROE
DOLLAR GENERAL 19356,-83.745285,33.024902,8720 Highway 87,,Juliette,GA,31046,,MONROE
Blanche Farms Meats,-83.798668,32.945999,6183 Hwy 41 S,,Macon,GA,31210,5243,MONROE
Flash Foods LLC 27469,-82.59491,32.178375,100 W SPRING ST,,MT VERNON,GA,30445,,MONTGOMERY
Family Dollar 2928,-82.595139,32.178726,110 W Spring St,,Mount Vernon,GA,30445,,MONTGOMERY
B&T's Food Fresh,-82.595032,32.175533,304 S Railroad Ave,,Mount Vernon,GA,30445,3109,MONTGOMERY
Dollar General 15535,-82.585976,32.182556,546 College St,,Mount Vernon,GA,30445,2565,MONTGOMERY
Friendly Gus 8,-82.604034,32.18185,630 E Spring St,,Mount Vernon,GA,30445,2924,MONTGOMERY
Rvsons Llc,-82.508522,32.034431,207 S First St,,Uvalda,GA,30473,,MONTGOMERY
Jm Coleman Farms Llc NAFMNP,-82.485535,32.017921,2448 Gibbs Bridge Rd,,Uvalda,GA,30473,3206,MONTGOMERY
Dollar General 10168,-82.508911,32.032555,317 S 1st St,,Uvalda,GA,30473,3155,MONTGOMERY
Jet Food Stores 93,-82.464256,32.211426,3180 US Highway 280,,Vidalia,GA,30474,9678,MONTGOMERY
Bostwick Citgo,-83.514374,33.737221,5931 Bostwick Road Po Box 522,,Bostwick,GA,30623,,MORGAN
C & S Business,-83.36158,33.568241,1000 Seven Islands Rd,,Buckhead,GA,30625,1316,MORGAN
1353 Management LLC,-83.477898,33.579456,1241 Eatonton Rd,,Madison,GA,30650,2017,MORGAN
INGLES MARKETS 444,-83.477112,33.574425,1441 Eatonton Rd,,Madison,GA,30650,4630,MORGAN
DollarTree 4720,-83.477325,33.572117,1462 Eatonton Rd,Ste C,Madison,GA,30650,4641,MORGAN
Love's Travel Stop 781,-83.49939,33.560173,1500 Monticello Road,,Madison,GA,30650,,MORGAN
DOLLAR GENERAL 519,-83.477417,33.572014,1521 Eatonton Rd,,Madison,GA,30650,4631,MORGAN
Exxon Food Mart,-83.49987,33.559212,1641A Monticello Hwy,,Madison,GA,30650,4861,MORGAN
Walmart SUPERCENTER 1363,-83.478172,33.565697,1681 Eatonton Rd,,Madison,GA,30650,4632,MORGAN
Texaco Food Mart,-83.466881,33.597198,169 Main St,,Madison,GA,30650,,MORGAN
Pilot Travel Center 420,-83.477783,33.560963,1881 Eatonton Rd,,Madison,GA,30650,4677,MORGAN
Citgo,-83.476013,33.559074,1960 Eatonton Rd,,Madison,GA,30650,4603,MORGAN
Raceway 6905,-83.476158,33.55798,1981 Eatonton Rd,,Madison,GA,30650,4670,MORGAN
TA Madison 0045,-83.473694,33.552551,2021 Eatonton Rd,,Madison,GA,30650,5004,MORGAN
Flash Foods LLC 2745089,-83.473618,33.552528,2030 Eatonton Rd,,Madison,GA,30650,5000,MORGAN
Main Street Pantry,-83.468941,33.594193,244 S Main St,,Madison,GA,30650,1303,MORGAN
Farmview Market,-83.459969,33.54134,2610 Eatonton Rd,,Madison,GA,30650,5003,MORGAN
Dollar General 31754,-83.459412,33.539139,2630 Eatonton Rd,,Madison,GA,30650,5003,MORGAN
Golden Pantry Food Stores 1085,-83.459,33.603874,769 N Main St,,Madison,GA,30650,1448,MORGAN
Dollar General 14884,-83.612198,33.623024,176 Newborn Rd,,Rutledge,GA,30663,2667,MORGAN
Jody's Farms NAFMNP,-83.620537,33.606075,1760 Newborn Rd,,Rutledge,GA,30663,2683,MORGAN
Sweets Berry Farm 1,-83.625305,33.593704,3800 Davis Academy Rd,,Rutledge,GA,30663,2707,MORGAN
Family Dollar 447,-84.768158,34.752739,500 S 3RD AVE,,CHATSWORTH,GA,30705,,MURRAY
Dollar General 12431,-84.780548,34.72871,100 Smyrna Ramhurst Rd,,Chatsworth,GA,30705,7028,MURRAY
Dollar General 22065,-84.770576,34.780369,1005 N 3rd Ave,,Chatsworth,GA,30705,2119,MURRAY
MAPCO Express Inc. 3516,-84.769608,34.752567,1029 Highway 411 S,,Chatsworth,GA,30705,5862,MURRAY
Glen Davis Grocery,-84.868492,34.629589,10425 Highway 225 S,,Chatsworth,GA,30705,6477,MURRAY
Walgreens 10798,-84.772675,34.786701,1101 N 3rd Ave,,Chatsworth,GA,30705,2025,MURRAY
Circle K Store 2709348,-84.795769,34.782703,1194 Highway 76,,Chatsworth,GA,30705,6344,MURRAY
Dollar General 16751,-84.828766,34.66328,12 Maple Grove Church Rd,,Chatsworth,GA,30705,6449,MURRAY
Xpress Mart,-84.773239,34.791954,1217 N 3rd Ave,,Chatsworth,GA,30705,2054,MURRAY
Hakshkriv Inc,-84.796867,34.783138,1317 Highway 76,,Chatsworth,GA,30705,6367,MURRAY
CVS Pharmacy 7227,-84.798973,34.782433,1420 Highway 76,,Chatsworth,GA,30705,6392,MURRAY
Crossroads,-84.739098,34.815426,1520 Old Ccc Camp Rd,,Chatsworth,GA,30705,5204,MURRAY
Dollar General 0030,-84.77243,34.75499,169 Blackwell Rd,,Chatsworth,GA,30705,3057,MURRAY
Dollar General 30005,-84.781258,34.730042,1890 Smyrna Church Rd,,Chatsworth,GA,30705,,MURRAY
Abc Market,-84.820251,34.729649,24 New Hope Church Rd,,Chatsworth,GA,30705,6000,MURRAY
Dollar General 15991,-84.799377,34.856018,25 Woodlawn Rd,,Chatsworth,GA,30705,3115,MURRAY
Jay Meldi Llc,-84.735825,34.697807,2667 Old Highway 411,,Chatsworth,GA,30705,4708,MURRAY
DOLLAR GENERAL 1199,-84.817902,34.755043,2676 Spring Place Smyrna Rd,,Chatsworth,GA,30705,7095,MURRAY
Kwik Serv 13,-84.823677,34.782913,2865 Highway 76,,Chatsworth,GA,30705,6372,MURRAY
Dollar General 25562,-84.812904,34.826195,2880 Hwy 286,,Chatsworth,GA,30705,,MURRAY
Family Dollar 13791,-84.826973,34.782413,3042 Highway 76,US,Chatsworth,GA,30705,6353,MURRAY
Fast Fill Food Mart,-84.821686,34.761562,3080 Highway 52,,Chatsworth,GA,30705,6652,MURRAY
Circle K 2723516,-84.822426,34.761616,3120 Highway 52A,,Chatsworth,GA,30705,5787,MURRAY
Latino El Quetzal,-84.769478,34.763165,328 S 3rd Ave,,Chatsworth,GA,30705,2948,MURRAY
Dollar General 20401,-84.820503,34.70322,33 Brown Bridge Rd,,Chatsworth,GA,30705,6016,MURRAY
MAPCO Express Inc. 3628,-84.763756,34.824345,3405 Highway 411 N,,Chatsworth,GA,30705,2137,MURRAY
Grocery Outlet 41,-84.770332,34.76173,401 S 3rd Ave,,Chatsworth,GA,30705,2949,MURRAY
Food City 230,-84.776283,34.783733,502 GI Maddox Pkwy,,Chatsworth,GA,30705,,MURRAY
Kwik Serv 5,-84.862602,34.780983,5040 Highway 76,,Chatsworth,GA,30705,7310,MURRAY
DollarTree 5740,-84.773834,34.785175,505 GI Maddox Pkwy,,Chatsworth,GA,30705,,MURRAY
AST Group USA Inc,-84.739059,34.696823,5339 Highway 411 S,,Chatsworth,GA,30705,6907,MURRAY
DOLLAR GENERAL 4322,-84.82563,34.78339,54 Cleveland St,,Chatsworth,GA,30705,6313,MURRAY
Triple C Market 2,-84.752998,34.86203,6110 Highway 411 N,,Chatsworth,GA,30705,7226,MURRAY
Circle K Store 2709341,-84.769043,34.758492,630 S 3rd Ave,,Chatsworth,GA,30705,2954,MURRAY
Jacksfood,-84.799614,34.865574,7530 Highway 225 N,,Chatsworth,GA,30705,5956,MURRAY
INGLES MARKETS 86,-84.790398,34.781216,962 GI Maddox Pkwy,,Chatsworth,GA,30705,4000,MURRAY
Crandall Food Mart 0,-84.747574,34.927212,10692 Highway 411 N,,Crandall,GA,30711,5075,MURRAY
Dollar General 21956,-84.752769,34.868034,13 Grassy St,,Crandall,GA,30711,5044,MURRAY
Tripple C Market,-84.773689,34.959412,14450 Highway 225 N,,Crandall,GA,30711,5271,MURRAY
TEMPLE GROVE GENERAL STORE,-84.77169,34.928871,2915 Halls Chapel Rd,,Crandall,GA,30711,5366,MURRAY
Dollar General 24267,-84.780746,34.942692,4050 Halls Chapel Rd,,Crandall,GA,30711,5365,MURRAY
Serenity Acrez Co. 316,-84.760109,34.885586,630 Plemons Rd,,Crandall,GA,30711,5009,MURRAY
MAPCO Express Inc. 3611,-84.801826,34.848022,6305 Hwy 225 N.,,Crandall,GA,30711,,MURRAY
Dollar General Market 13930,-84.760399,34.822975,40 3rd Ave W,,Eton,GA,30724,,MURRAY
CVS Pharmacy 4677,-84.96019,32.498383,3617 HILTON AVE,,COLUMBUS,GA,31904,,MUSCOGEE
Dollar General 9476,-84.944267,32.419254,3649 VICTORY DR,,COLUMBUS,GA,31903,,MUSCOGEE
DOLLAR GENERAL 9145,-84.930344,32.446461,3846 ST MARY'S RD UNIT SC 09,,COLUMBUS,GA,31906,,MUSCOGEE
PUBLIX 562,-84.892204,32.519661,5435 WOODRUFF FARMS ROAD,,COLUMBUS,GA,31907,,MUSCOGEE
CVS Pharmacy 4674,-84.92672,32.54995,7042 MOON RD,,COLUMBUS,GA,31909,,MUSCOGEE
PUBLIX 650,-84.906006,32.557636,7600 SCHOMBURG RD,,COLUMBUS,GA,31909,,MUSCOGEE
Walmart Neighborhood Market 4426,-84.978226,32.507084,1042 Manchester Expy,,Columbus,GA,31904,6571,MUSCOGEE
CIRCLE K STORE 6704,-84.910149,32.468906,1100 Floyd Rd,,Columbus,GA,31907,4027,MUSCOGEE
COLUMBUS CASH & CARRY,-84.985466,32.467503,1125 6th Ave,,Columbus,GA,31901,2609,MUSCOGEE
Oasis Makers Community Markets,-84.994049,32.468113,1127 Broadway,,Columbus,GA,31901,5255,MUSCOGEE
Country Life Food Store,-84.963417,32.469509,1217 Eberhart Ave,,Columbus,GA,31906,2430,MUSCOGEE
Lucky Food Mart 2,-84.974777,32.469711,1239 13th Ave,,Columbus,GA,31901,2615,MUSCOGEE
Napier's Produce,-84.973808,32.556881,1241 Double Churches Rd,,Columbus,GA,31904,3700,MUSCOGEE
Zelmo's Uptown,-84.987457,32.470119,1246 Veterans Pkwy,,Columbus,GA,31901,2510,MUSCOGEE
Patel Sisters,-84.973923,32.55558,1290 Double Churches Rd,Ste J,Columbus,GA,31904,3707,MUSCOGEE
Produce & Craft Market at Midtown,-84.973595,32.466084,1300 Wynnton Rd,Ste 102,Columbus,GA,31906,5705,MUSCOGEE
Star Food Mart,-84.972778,32.459671,1304 Martin Luther King Jr Blvd,,Columbus,GA,31906,3531,MUSCOGEE
La Nacional 2,-84.972588,32.508698,1316 47th St,,Columbus,GA,31904,5928,MUSCOGEE
Lewis Jones Food Market 432,-84.972351,32.471001,1359 13th St,,Columbus,GA,31901,3861,MUSCOGEE
CVS PHARMACY 2946,-84.972694,32.556801,1367 Double Churches Rd,,Columbus,GA,31904,2601,MUSCOGEE
Circle K 6713,-84.987549,32.4729,1408 Veterans Pkwy,,Columbus,GA,31901,,MUSCOGEE
DollarTree 10675,-84.97123,32.557102,1419 Double Churches Rd,,Columbus,GA,31904,2603,MUSCOGEE
Citgo At MLK,-84.970207,32.458111,1431 Martin Luther King Jr Blvd,,Columbus,GA,31906,3500,MUSCOGEE
Supermercado El Paraiso 3 3,-84.949249,32.425117,1554 S Lumpkin Rd,,Columbus,GA,31903,4554,MUSCOGEE
Target Store T-1179,-84.971611,32.535038,1591 Bradley Park Dr,,Columbus,GA,31904,3071,MUSCOGEE
The Fresh Market 122,-84.970642,32.532108,1591 Bradley Park Dr,Ste B,Columbus,GA,31904,3095,MUSCOGEE
Floyd Food Mart,-84.898842,32.47543,1600 Floyd Rd,,Columbus,GA,31907,4203,MUSCOGEE
DollarTree 4786,-84.969154,32.532318,1613 Bradley Park Dr,,Columbus,GA,31904,3072,MUSCOGEE
Dollar General 21466,-84.974022,32.47707,1620 13th Ave,,Columbus,GA,31901,1951,MUSCOGEE
CVS Pharmacy 4579,-84.949585,32.424301,1622 S Lumpkin Rd,,Columbus,GA,31903,2720,MUSCOGEE
USA Food Mart,-84.938988,32.42363,1628 Fort Benning Rd,Ste D,Columbus,GA,31903,2812,MUSCOGEE
Linwood Station,-84.974655,32.477741,1631 13th Ave,,Columbus,GA,31901,1909,MUSCOGEE
PUBLIX 0474,-84.966652,32.532448,1639 Bradley Park Dr,Ste 600,Columbus,GA,31904,3625,MUSCOGEE
CIRCLE K STORE 6685,-84.9674,32.50713,1645 Manchester Expy,,Columbus,GA,31904,6747,MUSCOGEE
Family Dollar 5108,-84.950294,32.423916,1647 S Lumpkin Rd,,Columbus,GA,31903,2721,MUSCOGEE
Texaco On Wynnton,-84.967873,32.467663,1708 Wynnton Rd,,Columbus,GA,31906,2928,MUSCOGEE
CIRCLE K STORE 6749,-84.951263,32.421284,1715 S Lumpkin Rd,,Columbus,GA,31903,2723,MUSCOGEE
SHELL FOOD MART,-84.966515,32.56868,1790 Williams Rd,,Columbus,GA,31904,1660,MUSCOGEE
12 Ave Bp,-84.97612,32.479763,1801 12th Ave,,Columbus,GA,31901,1705,MUSCOGEE
Piggly Wiggly 7,-84.950516,32.419289,1807 S Lumpkin Rd,,Columbus,GA,31903,2793,MUSCOGEE
Youngs Oriental,-84.950516,32.419292,1807 South Lumpkin Road,,Columbus,GA,31903,,MUSCOGEE
Family Dollar 12630,-84.945053,32.480713,1900 Auburn Ave,,Columbus,GA,31906,1706,MUSCOGEE
Falcon Too,-84.961479,32.498039,2047 Warm Springs Rd,,Columbus,GA,31904,7949,MUSCOGEE
Right Stop,-84.941017,32.417301,2061 Fort Benning Rd,,Columbus,GA,31903,3215,MUSCOGEE
Circle K 2706702,-84.989151,32.507095,208 Manchester Expy,,Columbus,GA,31904,6434,MUSCOGEE
CHESTER'S GROCERY,-84.907036,32.445938,209 Northstar Dr,,Columbus,GA,31907,6031,MUSCOGEE
CIRCLE K 6741,-84.960426,32.469284,2102 Wynnton Rd,,Columbus,GA,31906,2409,MUSCOGEE
Liberty Food Mart,-84.953117,32.414371,2103 S Lumpkin Rd,,Columbus,GA,31903,2731,MUSCOGEE
Manchester 2107,-84.962059,32.507339,2107 Manchester Expy,,Columbus,GA,31904,6809,MUSCOGEE
One Stop Shop,-84.960907,32.449001,2109 Cusseta Rd,Ste A,Columbus,GA,31903,1260,MUSCOGEE
Family Dollar 333,-84.898682,32.480659,2112 Floyd Rd,,Columbus,GA,31907,3667,MUSCOGEE
Country Corner,-84.925095,32.483719,2117 Morris Rd,,Columbus,GA,31907,3381,MUSCOGEE
Shreeji Food Mart,-84.899361,32.480972,2121 Floyd Rd,Suite 4,Columbus,GA,31907,,MUSCOGEE
Family Dollar 4246,-84.959663,32.464748,2126 Buena Vista Rd,,Columbus,GA,31906,3110,MUSCOGEE
CIRCLE K STORE 6678,-84.989563,32.453358,215 4th St,,Columbus,GA,31901,3141,MUSCOGEE
Napier's-Midtown,-84.95961,32.470261,2213 Wynnton Rd,,Columbus,GA,31906,2531,MUSCOGEE
Shell,-84.967773,32.441395,2218 Victory Dr,,Columbus,GA,31901,3453,MUSCOGEE
Lumpkin Food Mart,-84.954552,32.412891,2221 S Lumpkin Rd,,Columbus,GA,31903,3759,MUSCOGEE
DOLLAR GENERAL 14458,-84.959305,32.447872,2301 Cusseta Rd,,Columbus,GA,31903,1207,MUSCOGEE
Cusseta Food Mart,-84.959526,32.447464,2310 N Lumpkin Rd,,Columbus,GA,31903,1297,MUSCOGEE
Bp Food Mart,-84.987656,32.485851,2317 Veterans Pkwy,,Columbus,GA,31904,8503,MUSCOGEE
Family Dollar 10423,-84.983391,32.486404,2323 Hamilton Rd,,Columbus,GA,31904,8553,MUSCOGEE
Hasuresh Krupa1 Llc,-84.962997,32.410259,2340 Diane Ave,,Columbus,GA,31903,3524,MUSCOGEE
Piggly Wiggly 444,-84.897995,32.483471,2424 Woodruff Farm Rd,,Columbus,GA,31907,6854,MUSCOGEE
Columbus State University Market on Broa 2738,-84.993813,32.465168,25 W 10th St,,Columbus,GA,31901,2753,MUSCOGEE
Dollar General 14701,-84.982796,32.487617,2500 Hamilton Rd,,Columbus,GA,31904,8538,MUSCOGEE
Circle K 6745,-84.956238,32.506645,2514 Manchester Expy,,Columbus,GA,31904,6816,MUSCOGEE
Circle K 6750,-84.9561,32.519936,2525 Airport Thruway,,Columbus,GA,31904,9010,MUSCOGEE
Circle K 6679,-84.956711,32.519306,2536 Airport Thruway,,Columbus,GA,31904,9011,MUSCOGEE
TWINS FOOD MART #2,-84.911697,32.440895,26 Northstar Dr,,Columbus,GA,31907,6348,MUSCOGEE
DOLLAR GENERAL 6320,-84.955376,32.506317,2602 Manchester Expy,,Columbus,GA,31904,5207,MUSCOGEE
Reese Food Mart,-84.913254,32.491386,2689 Reese Rd,,Columbus,GA,31907,2770,MUSCOGEE
Walmart Supercenter 4283,-84.947945,32.520668,2801 Airport Thruway,,Columbus,GA,31909,5371,MUSCOGEE
Family Dollar 12619,-84.9496,32.552036,2801 Double Churches Rd,,Columbus,GA,31909,2748,MUSCOGEE
One Stop Grocery,-84.952126,32.445301,2802 Dawson St,,Columbus,GA,31903,1559,MUSCOGEE
DollarTree 4160,-84.946548,32.521217,2911 Airport Thruway,Ste B,Columbus,GA,31909,5385,MUSCOGEE
Big Cat Food Mart,-84.954872,32.440811,2936 N Lumpkin Rd,,Columbus,GA,31903,1549,MUSCOGEE
Family Dollar 6827,-84.981194,32.493702,3126 Veterans Pkwy,,Columbus,GA,31904,8247,MUSCOGEE
CVS Pharmacy 4671,-84.945549,32.478844,3127 Macon Rd,,Columbus,GA,31906,1716,MUSCOGEE
DollarTree 5618,-84.942795,32.479115,3150 Macon Rd,Ste D,Columbus,GA,31906,1703,MUSCOGEE
Aldi 76149,-84.94149,32.479885,3200 Macon Rd,,Columbus,GA,31906,1767,MUSCOGEE
PUBLIX 1390,-84.943604,32.482197,3201 Macon Rd,Ste 201,Columbus,GA,31906,1725,MUSCOGEE
Nanak J,-84.954865,32.432186,3232 Victory Dr,,Columbus,GA,31903,1813,MUSCOGEE
Family Dollar 5105,-84.923691,32.443897,326 Farr Rd,,Columbus,GA,31907,6249,MUSCOGEE
Han Dee Mart,-84.946426,32.439804,3266 Cusseta Rd,,Columbus,GA,31903,1662,MUSCOGEE
Circle K 6686,-84.953804,32.430454,3274 Victory Dr,,Columbus,GA,31903,1814,MUSCOGEE
LA MEXICANA DE COLUMBUS,-84.952393,32.430061,3305 Victory Dr,Ste A,Columbus,GA,31903,5765,MUSCOGEE
Star Food Mart,-84.980476,32.496223,3319 River Rd,,Columbus,GA,31904,7774,MUSCOGEE
DollarTree 10204,-84.938309,32.506561,3327 Gentian Blvd,,Columbus,GA,31907,5626,MUSCOGEE
Buenavista Market,-84.939133,32.454784,3379 Buena Vista Rd,,Columbus,GA,31906,4212,MUSCOGEE
Marathon Gas marathon,-84.979782,32.495209,3402 Veterans Pkwy,,Columbus,GA,31904,7736,MUSCOGEE
Super C,-84.940331,32.463562,3419 Decatur St,,Columbus,GA,31906,5402,MUSCOGEE
Family Dollar 1563,-84.937355,32.456173,3438 Buena Vista Rd,,Columbus,GA,31906,4367,MUSCOGEE
Hada Columbus Foodmart Inc,-84.932526,32.498535,3454 University Ave,,Columbus,GA,31907,2195,MUSCOGEE
Hidden Lake Grocery,-84.93837,32.484653,3465 Macon Rd,Ste F,Columbus,GA,31907,2582,MUSCOGEE
Jd Veterans Inc,-84.979195,32.497417,3501 Earline Ave,,Columbus,GA,31904,7117,MUSCOGEE
Pyramid Food Mart,-84.935349,32.457699,3512 Buena Vista Rd,,Columbus,GA,31906,4313,MUSCOGEE
Walmart Supercenter 1338,-84.946823,32.423122,3515 Victory Dr,,Columbus,GA,31903,2733,MUSCOGEE
DollarTree 7415,-84.945122,32.421417,3610 Melrich Ave,,Columbus,GA,31903,,MUSCOGEE
PHILLPS 66 WEEMS ROAD,-84.933815,32.539875,3651 Weems Rd,,Columbus,GA,31909,3701,MUSCOGEE
Walgreens 6326,-84.932129,32.48864,3700 Macon Rd,,Columbus,GA,31907,2248,MUSCOGEE
North Highland Farmers Market,-84.990036,32.498299,3702 2nd Ave,,Columbus,GA,31904,7408,MUSCOGEE
University Chevron,-84.931549,32.48959,3711 Macon Rd,,Columbus,GA,31907,2203,MUSCOGEE
The Food Mill Farmer's Market,-84.98967,32.49865,3718 2nd Ave,,Columbus,GA,31904,7408,MUSCOGEE
CIRCLE K STORE 6693,-84.930878,32.48933,3720 Macon Rd,,Columbus,GA,31907,2204,MUSCOGEE
DOLLAR GENERAL 2922,-84.931213,32.48975,3729 Macon Rd,,Columbus,GA,31907,2203,MUSCOGEE
DollarTree 10607,-84.959366,32.500298,3744 Woodruff Rd,Suite 3720,Columbus,GA,31904,,MUSCOGEE
Dollar General 18005,-84.931656,32.507957,3747 Gentian Blvd,,Columbus,GA,31907,1146,MUSCOGEE
Circle K 6692,-84.929588,32.523415,3841 Miller Rd,,Columbus,GA,31909,4778,MUSCOGEE
Piggly Wiggly 427,-84.930344,32.446465,3846 Saint Marys Rd,,Columbus,GA,31906,4550,MUSCOGEE
Liberty On Milgen Road,-84.928558,32.511414,3857 Milgen Rd,,Columbus,GA,31907,1244,MUSCOGEE
Little Bobs,-84.929543,32.446033,3864 Saint Marys Rd,,Columbus,GA,31906,4502,MUSCOGEE
Maher 2024 Inc,-84.92955,32.446648,3875 Saint Marys Rd,,Columbus,GA,31906,4681,MUSCOGEE
Dollar General 10399,-84.928307,32.524464,3885 Miller Rd,Ste B,Columbus,GA,31909,4758,MUSCOGEE
Extramile Buena Vista 8075,-84.926941,32.462574,3922 Buena Vista Rd,,Columbus,GA,31907,3802,MUSCOGEE
Lotto Mart,-84.988594,32.45377,400 3rd Ave,,Columbus,GA,31901,3148,MUSCOGEE
Zelmo's At Windsor Park,-84.927353,32.525261,4001 Miller Rd,,Columbus,GA,31909,4780,MUSCOGEE
Quick Pick Mart,-84.980797,32.502079,4008 River Rd,,Columbus,GA,31904,7773,MUSCOGEE
Family Dollar 11459,-84.924011,32.483994,4011 Forrest Rd,,Columbus,GA,31907,2648,MUSCOGEE
Food Locker,-84.924805,32.444939,4020 Saint Marys Rd,,Columbus,GA,31907,6258,MUSCOGEE
Super Mercado Las Americas,-84.97319,32.502907,4101 Hamilton Rd,,Columbus,GA,31904,6635,MUSCOGEE
DollarTree 356,-84.924973,32.463577,4105 Buena Vista Rd,Ste D,Columbus,GA,31907,3866,MUSCOGEE
Rainbow Foods,-84.925262,32.464252,4105 Buena Vista Rd,Ste H,Columbus,GA,31907,3866,MUSCOGEE
Lotto Lounge,-84.924042,32.444954,4108 Saint Marys Rd,,Columbus,GA,31907,6285,MUSCOGEE
Forrest Road Food Mart,-84.923012,32.483963,4124 Forrest Rd,,Columbus,GA,31907,2649,MUSCOGEE
M & P Food Mart,-84.92337,32.44474,4126 Saint Marys Rd,,Columbus,GA,31907,6241,MUSCOGEE
Macon Food Mart,-84.919518,32.490227,4206 Macon Rd,,Columbus,GA,31907,2254,MUSCOGEE
Cost Kutter 498,-84.972908,32.50425,4217 Hamilton Rd,,Columbus,GA,31904,6637,MUSCOGEE
DollarTree 2160,-84.918205,32.490459,4231 Macon Rd,Unit G,Columbus,GA,31907,,MUSCOGEE
Foodland 457,-84.919121,32.49165,4231 Macon Rd,,Columbus,GA,31907,8330,MUSCOGEE
Bp Food Mart,-84.921257,32.513172,4254 Milgen Rd,,Columbus,GA,31907,1209,MUSCOGEE
Dollar General 19084,-84.919838,32.465042,4328 Buena Vista Rd,,Columbus,GA,31907,3800,MUSCOGEE
LA NACIONAL,-84.966515,32.506142,4403 17th Ave,Ste 1,Columbus,GA,31904,6755,MUSCOGEE
Circle K 6705,-84.912239,32.493217,4410 Macon Rd,,Columbus,GA,31907,2217,MUSCOGEE
Raceway,-84.929863,32.405994,4421 Victory Dr,,Columbus,GA,31903,4159,MUSCOGEE
CVS Pharmacy 7666,-84.915176,32.522541,4432 Miller Rd,,Columbus,GA,31909,4065,MUSCOGEE
Steam Mill Food Mart,-84.916588,32.455311,4451 Steam Mill Rd,,Columbus,GA,31907,5564,MUSCOGEE
River Road Lotto Mart,-84.981155,32.507595,4500 River Rd,,Columbus,GA,31904,5829,MUSCOGEE
Oriental Food And Gift Center,-84.953094,32.507725,4508 Armour RD,#5226,Columbus,GA,31904,,MUSCOGEE
CVS Pharmacy 4679,-84.982491,32.508152,4561 River Rd,,Columbus,GA,31904,5828,MUSCOGEE
RK Food Mart,-84.915016,32.524258,4640 Warm Springs Rd,Ste A,Columbus,GA,31909,6962,MUSCOGEE
Family Dollar 12685,-84.909622,32.453987,4710 Steam Mill Rd,,Columbus,GA,31907,5575,MUSCOGEE
Tienda La Nueva Esperanza 3,-84.968948,32.509739,4724 Hamilton Rd,Ste B,Columbus,GA,31904,6375,MUSCOGEE
DOLLAR GENERAL 9867,-84.982605,32.511131,4900 River Rd,,Columbus,GA,31904,5837,MUSCOGEE
Walmart Neighborhood Market 5907,-84.910294,32.467609,4909 Buena Vista Rd,,Columbus,GA,31907,5015,MUSCOGEE
Piggly Wiggly 423,-84.982796,32.511612,4916 River Rd,,Columbus,GA,31904,5837,MUSCOGEE
DOLLAR GENERAL 7184,-84.906746,32.53437,5120 Warm Springs Rd,,Columbus,GA,31909,6902,MUSCOGEE
Tienda La Bendicion,-84.967117,32.51413,5150 Hamilton Rd,,Columbus,GA,31904,4461,MUSCOGEE
Circle K 6707,-84.904816,32.536236,5155 Warm Springs Rd,,Columbus,GA,31909,,MUSCOGEE
Family Dollar 9373,-84.904236,32.536575,5181 Warm Springs Rd,,Columbus,GA,31909,4159,MUSCOGEE
Circle K 6706,-84.899216,32.481304,5448 Forrest Rd,,Columbus,GA,31907,2828,MUSCOGEE
Walmart SUPERCENTER 1311,-84.950813,32.540237,5448 Whittlesey Blvd Ste B,,Columbus,GA,31909,7298,MUSCOGEE
Sam's Club 8213,-84.948402,32.540859,5448A Whittlesey Blvd,,Columbus,GA,31909,7296,MUSCOGEE
Farah Food Express,-84.89843,32.481342,5506 Forrest Rd,,Columbus,GA,31907,6859,MUSCOGEE
Dollar General 23907,-84.945869,32.547344,5555 Whittlesey Blvd,Ste 1600,Columbus,GA,31909,7230,MUSCOGEE
Family Dollar 8295,-84.890564,32.521751,5600 Milgen Rd,,Columbus,GA,31907,8700,MUSCOGEE
Food Depot 60,-84.889656,32.521664,5600 Milgen Rd,,Columbus,GA,31907,8700,MUSCOGEE
Walgreens 6373,-84.962524,32.525837,5707 Veterans Pkwy,,Columbus,GA,31904,9003,MUSCOGEE
Wakis International Market 1,-84.926216,32.526917,5727 Moon Rd,Ste C,Columbus,GA,31909,6821,MUSCOGEE
Asian Supermarket,-84.886871,32.523273,5750 Milgen Rd,Frnt,Columbus,GA,31907,2422,MUSCOGEE
Milgen Food Mart,-84.887794,32.523968,5758 Milgen Rd,,Columbus,GA,31907,6096,MUSCOGEE
Piggly Wiggly 434,-84.924477,32.529762,5850 Moon Rd,,Columbus,GA,31909,3881,MUSCOGEE
Circle K 6744,-84.889359,32.522469,5919 Miller Rd,,Columbus,GA,31907,1357,MUSCOGEE
Dollar General 14585,-84.888313,32.512791,6001 Crystal Dr,,Columbus,GA,31907,1907,MUSCOGEE
Circle K 6709,-84.965004,32.532608,6101 Bradley Park Dr,,Columbus,GA,31904,,MUSCOGEE
Nkp 2024 Inc,-84.886238,32.516197,6125 Macon Rd,,Columbus,GA,31907,8033,MUSCOGEE
ALDI 76047 76047,-84.954765,32.53635,6301 Veterans Pkwy,Ste 500,Columbus,GA,31909,,MUSCOGEE
DollarTree 9147,-84.956161,32.535622,6301 Veterans Pkwy,,Columbus,GA,31909,3568,MUSCOGEE
DollarTree 2032,-84.878769,32.536484,6361 Talokas Ln,,Columbus,GA,31909,,MUSCOGEE
Sai Indian Groceries,-84.870613,32.536819,6381 Milgen Rd,Ste 7,Columbus,GA,31907,5948,MUSCOGEE
Mystic Food Mart,-84.960907,32.458881,645 Brown Ave,,Columbus,GA,31906,3627,MUSCOGEE
Walmart Supercenter 4200,-84.874512,32.537952,6475 Gateway Rd,,Columbus,GA,31909,5636,MUSCOGEE
DOLLAR GENERAL 7350,-84.954704,32.538849,6499 Veterans Pkwy,Ste C,Columbus,GA,31909,6209,MUSCOGEE
Publix Super Market 1868,-84.874588,32.546314,6901 Ray Wright Way,,Columbus,GA,31909,7700,MUSCOGEE
Extra Miles,-84.940781,32.436626,709 Fort Benning Rd,Ste A,Columbus,GA,31903,2051,MUSCOGEE
Million Lotto,-84.960945,32.459602,711 Brown Ave,,Columbus,GA,31906,3629,MUSCOGEE
Circle K 6712,-84.947685,32.553661,7330 Veterans Pkwy,,Columbus,GA,31909,,MUSCOGEE
Walmart Neighborhood Market 4421,-84.897743,32.552071,7400 Blackmon Rd,,Columbus,GA,31909,4480,MUSCOGEE
Walgreens 12754,-84.938515,32.562458,7869 Veterans Pkwy,,Columbus,GA,31909,1721,MUSCOGEE
Columbus Speed Track,-84.982025,32.462746,800 9th St,,Columbus,GA,31901,2840,MUSCOGEE
Family Dollar 8860,-84.939522,32.436443,810 Fort Benning Rd,,Columbus,GA,31903,2002,MUSCOGEE
Publix Super Markets Inc. 1880,-84.934151,32.566925,8132 Veterans Parkway Building 3,,Columbus,GA,31909,,MUSCOGEE
Family Dollar 11660,-84.987549,32.462029,826 Veterans Pkwy,,Columbus,GA,31901,2804,MUSCOGEE
Young's Grocery,-84.980927,32.487144,848 25th St,,Columbus,GA,31904,8528,MUSCOGEE
Family Dollar 11402,-84.892418,32.46339,906 Amber Dr,,Columbus,GA,31907,4602,MUSCOGEE
Piggly Wiggly 12,-84.960632,32.464191,910 Brown Ave,,Columbus,GA,31906,3632,MUSCOGEE
Fort Benning Commissary 212,-84.951653,32.369942,8150 MARNE RD,,FT BENNING,GA,31905,,MUSCOGEE
DOLLAR GENERAL 14178,-84.995247,32.681591,22 Kennon Rd,,Fortson,GA,31808,,MUSCOGEE
Dollar General 20476,-85.058258,32.676567,39 LICKSKILLET RD,,Fortson,GA,31808,3646,MUSCOGEE
Circle K 6708,-84.870079,32.538612,6900 Beaver Run Rd,,Midland,GA,31820,3714,MUSCOGEE
Walgreens 18178,-84.869316,32.537853,6950 Beaver Run Rd,,Midland,GA,31820,3714,MUSCOGEE
Family Dollar 12470,-84.851738,32.538074,7900 Beaver Run Rd,,Midland,GA,31820,4000,MUSCOGEE
Dollar General 20169,-84.908867,32.597054,9932 Veterans Pkwy,,Midland,GA,31820,3400,MUSCOGEE
PUBLIX 0744,-83.964874,33.576611,13015 BROWN BRIDGE RD,,COVINGTON,GA,30016,,NEWTON
DOLLAR GENERAL 11172,-83.850014,33.424263,15797 GEORGIA HWY 36,,COVINGTON,GA,30014,,NEWTON
Walmart 4558,-83.959694,33.576633,4200 SALEM RD,,COVINGTON,GA,30016,,NEWTON
C&ds Eats & Grocers,-83.902969,33.565983,52 S Broad Street Porterdale,Unit 400,Covingtion,GA,30014,,NEWTON
Shell Food Mart,-83.842751,33.617767,10125 Alcovy Rd,,Covington,GA,30014,6402,NEWTON
Marathon Quickspot,-83.850136,33.569878,10260 Highway 36,,Covington,GA,30014,3836,NEWTON
CVS PHARMACY 8418,-83.849571,33.570141,10267 Highway 36,,Covington,GA,30014,3814,NEWTON
Walmart 459,-83.828568,33.612606,10300 Industrial Blvd NE,,Covington,GA,30014,1477,NEWTON
Liberty Food Mart,-83.770081,33.572899,1058 Highway 142 E,,Covington,GA,30014,8821,NEWTON
The Meat House,-83.86618,33.566208,10698 Covington by Pass Rd,,Covington,GA,30014,3801,NEWTON
Shell Food Mart,-83.849442,33.570652,10724 Eagle Dr,,Covington,GA,30014,3810,NEWTON
Dollar General 11417,-83.850014,33.557625,10734 Highway 36,,Covington,GA,30014,4067,NEWTON
QuikTrip 1739,-83.842201,33.619164,10900 Town Center Dr,,Covington,GA,30014,3959,NEWTON
Fast Trip,-83.805801,33.592964,10946 Highway 278 E,,Covington,GA,30014,1671,NEWTON
QuikTrip 821,-83.834862,33.627296,11124 Highway 142,,Covington,GA,30014,,NEWTON
ALDI 71031 71031,-83.826675,33.607548,11152 Highway 142 N,,Covington,GA,30014,2547,NEWTON
DollarTree 391,-83.799004,33.592697,11180 HIGHWAY 142 N,,Covington,GA,30014,,NEWTON
Kwik Stop,-83.843819,33.545506,11230 Highway 36,Ste C,Covington,GA,30014,7054,NEWTON
BELL'S DISCOUNT GROCS,-83.913353,33.584194,11377 Brown Bridge Rd,,Covington,GA,30016,3368,NEWTON
Liberty Food Mart 2,-83.913399,33.584301,11408 Brown Bridge Rd,,Covington,GA,30016,,NEWTON
Henderson's,-83.85202,33.529346,11874 Highway 36,,Covington,GA,30014,7436,NEWTON
Publix Super Markets Inc. 1811,-83.839104,33.623264,12701 Town Center Drive,,Covington,GA,30014,,NEWTON
Valero,-83.844864,33.454788,14625 Highway 36,,Covington,GA,30014,5611,NEWTON
Neighbors Market,-84.008034,33.55489,14656 Brown Bridge Rd,Ste A,Covington,GA,30016,4112,NEWTON
United Brownbridge Inc,-84.016266,33.547237,15036 Brown Bridge Rd,,Covington,GA,30016,4114,NEWTON
JP Potts 283,-83.847359,33.430515,15524 Highway 36,,Covington,GA,30014,7882,NEWTON
Marium Llc,-83.851669,33.422607,15825 Highway 36,,Covington,GA,30014,6021,NEWTON
Walnut Bp,-83.852821,33.741791,1651 Highway 138,,Covington,GA,30014,0544,NEWTON
Sm Pony Express Inc,-83.739098,33.553215,1820 Highway 11,,Covington,GA,30014,,NEWTON
Crowell Road Liberty,-83.920357,33.614906,2080B Crowell Rd N,,Covington,GA,30014,3314,NEWTON
Marathon Food Mart,-83.920303,33.614468,2083 Crowell Rd N,,Covington,GA,30014,3313,NEWTON
2117 Emory Mart,-83.86348,33.596458,2117 Emory St NW,,Covington,GA,30014,2215,NEWTON
Happy Produce Caribbean Market,-83.861359,33.600883,2141 Pace St,,Covington,GA,30014,6652,NEWTON
A-one Food Mart,-83.907097,33.46423,2299 Highway 212,,Covington,GA,30016,6085,NEWTON
Rocky Plains Grocery,-83.907349,33.46542,2310 Highway 212,,Covington,GA,30016,6070,NEWTON
AP Food Mart,-83.922295,33.556313,2527 Highway 81 S,,Covington,GA,30016,8607,NEWTON
Parin Inc,-83.908211,33.583599,31 Crowell Rd,,Covington,GA,30014,3375,NEWTON
KROGER 214,-83.862457,33.603558,3139 Highway 278 NE,,Covington,GA,30014,2301,NEWTON
Walgreens 13760,-83.857536,33.60228,3188 Highway 278 NE,,Covington,GA,30014,2300,NEWTON
QUIK TRIP 798,-83.86454,33.602688,3214 Highway 278 NW,,Covington,GA,30014,2200,NEWTON
Dollar General 23752,-83.973824,33.601807,3227 Salem Rd,,Covington,GA,30016,1900,NEWTON
Oak Hills BP,-83.944748,33.546635,3300 Highway 81 S,,Covington,GA,30016,7519,NEWTON
Salem Quick Stop,-83.970566,33.595749,3538 Salem Rd,,Covington,GA,30016,4526,NEWTON
G & M FISH & VARIETY,-83.969765,33.592327,3665 Salem Rd,,Covington,GA,30016,4552,NEWTON
KROGER 621,-83.968231,33.593807,3700 Salem Rd,,Covington,GA,30016,4527,NEWTON
KWICKIE/FLASH FOODS 249,-83.964455,33.578182,4175 Salem Rd,,Covington,GA,30016,7900,NEWTON
CVS PHARMACY 4695,-83.850891,33.603588,4183 Highway 278 NE,,Covington,GA,30014,2400,NEWTON
CVS PHARMACY 8419,-83.963959,33.578625,4192 Salem Rd,,Covington,GA,30016,4532,NEWTON
Murphy USA 7572,-83.963364,33.577633,4230 Salem Rd,,Covington,GA,30016,4533,NEWTON
Selam Farm 1,-83.931328,33.622433,449 Almon Rd,,Covington,GA,30014,0854,NEWTON
Pure Food Mart,-83.905785,33.558365,50 Morningside Dr,,Covington,GA,30016,4620,NEWTON
Covington Raceway,-83.870903,33.604675,5148 Highway 278 Nw,,Covington,GA,30014,2115,NEWTON
Bp Food Mart,-83.871376,33.604877,5224 Highway 278 NW,,Covington,GA,30014,,NEWTON
DOLLAR GENERAL 4808,-84.017143,33.549587,5321 Highway 20 S,,Covington,GA,30016,4409,NEWTON
KROGER 436,-84.015266,33.549267,5341 Highway 20 S,,Covington,GA,30016,4409,NEWTON
Magnet Shell,-84.017082,33.548851,5343 Highway 20 S,,Covington,GA,30016,4409,NEWTON
Dollar General 16476,-83.955437,33.489407,5505 Highway 81 S,,Covington,GA,30016,,NEWTON
Salem Food Mart,-83.922523,33.557358,5890 Salem Rd,,Covington,GA,30016,7141,NEWTON
Neighborhood Food Mart,-83.853859,33.582752,6155 Highway 36,,Covington,GA,30014,3529,NEWTON
Food Depot 44,-83.874603,33.603943,6169 Highway 278 NW,,Covington,GA,30014,2127,NEWTON
DOLLAR GENERAL 0085,-83.872612,33.605186,6185 Highway 278 NW,,Covington,GA,30014,2127,NEWTON
Turner Lake Marathon,-83.87719,33.594135,6206 Turner Lake Rd SW,,Covington,GA,30014,3057,NEWTON
DOLLAR GENERAL 7057,-83.840698,33.60099,7118 Highway 278 NE,,Covington,GA,30014,2669,NEWTON
LA TAMPIQUENA,-83.839859,33.601276,7134 Highway 278 NE,,Covington,GA,30014,1529,NEWTON
Dollar General 16153,-83.877037,33.587769,7164 Washington St SW,,Covington,GA,30014,3400,NEWTON
Shell Food Mart,-83.876869,33.584404,8109 Washington St SW,,Covington,GA,30014,3409,NEWTON
BONDS BP,-83.878029,33.583305,8145 Washington St SW,,Covington,GA,30014,3410,NEWTON
Covington Food Mart,-83.832932,33.599342,9123 Highway 278 E,,Covington,GA,30014,1679,NEWTON
INGLES MARKETS 439,-83.831589,33.596817,9176 Highway 278 NE,,Covington,GA,30014,7023,NEWTON
Get N Go,-83.831932,33.603722,9225 Highway 142 N,,Covington,GA,30014,1524,NEWTON
Dollar General 24937,-83.896095,33.464523,992 Dry Pond Rd,,Covington,GA,30016,,NEWTON
DOLLAR GENERAL 13026,-83.698212,33.519913,4049 Highway 142,,Newborn,GA,30056,2006,NEWTON
Quick Stop,-83.695099,33.51622,4220 Highway 142,Ste A,Newborn,GA,30056,2020,NEWTON
Dollar General 12855,-83.85173,33.667168,12861 Highway 142,,Oxford,GA,30054,4216,NEWTON
Texaco Food Mart,-83.863808,33.645802,2156 Highway 81,,Oxford,GA,30054,4358,NEWTON
North Fork Chevron,-83.851624,33.668747,3078 Highway 81,,Oxford,GA,30054,3932,NEWTON
Mitcham Farm,-83.871597,33.676418,750 W Macedonia Church Rd,,Oxford,GA,30054,3877,NEWTON
Shell Porterdale Inc,-83.902969,33.565983,52 S Broad St,Unit 500,Porterdale,GA,30014,3354,NEWTON
Family Dollar 7979,-83.903244,33.566486,660 Crowell Rd,,Porterdale,GA,30014,3312,NEWTON
JP Covington 267,-83.751747,33.610565,387 Highway 11 N,,Social Circle,GA,30025,5038,NEWTON
Trader Joe's 736,-83.444595,33.91618,1850 Epps Bridge Pkwy,Ste 331,Athens,GA,30606,6186,OCONEE
Athens Shell,-83.444939,33.91523,2111 Oconee Connector,,Athens,GA,30606,5714,OCONEE
Costco Wholesale 1621,-83.449196,33.923103,5550 Parkway Blvd,,Athens,GA,30606,6134,OCONEE
Food Mart,-83.437698,33.826714,5300 Macon Hwy,,Bishop,GA,30621,1480,OCONEE
Golden Pantry 77,-83.43174,33.834755,5717 Macon Hwy,,Bishop,GA,30621,,OCONEE
Dollar General 22812,-83.444435,33.824444,6280 High Shoals Rd,,Bishop,GA,30621,1637,OCONEE
Dollar General 17952,-83.551605,33.917404,1031 Garland Dr,,Bogart,GA,30622,,OCONEE
Bogart Food Mart,-83.528076,33.947838,1311 Atlanta Hwy,,Bogart,GA,30622,2004,OCONEE
Race Trac 588,-83.513878,33.920719,2403 Monroe Hwy,,Bogart,GA,30622,,OCONEE
JP Bogart 259,-83.51593,33.920551,2430 Monroe Hwy,,Bogart,GA,30622,2305,OCONEE
Striplings General Store,-83.572006,33.901608,4501 Monroe Hwy,,Bogart,GA,30622,4508,OCONEE
DOLLAR GENERAL 3023,-83.543526,33.947418,4640 Atlanta Hwy,,Bogart,GA,30622,,OCONEE
PUBLIX 617,-83.439804,33.872643,2061 EXPERIMENT STATION ROAD,,WATKINSVILLE,GA,30677,,OCONEE
Golden Pantry Food Stores 1034,-83.44178,33.873348,1010 Mars Hill Rd,,Watkinsville,GA,30677,4826,OCONEE
QuikTrip 1758,-83.426575,33.855228,1035 Exchange St,,Watkinsville,GA,30677,2056,OCONEE
Greensboro Food Mart,-83.395813,33.851711,1461 Greensboro Hwy,,Watkinsville,GA,30677,2795,OCONEE
Oconee Fast Mart,-83.437706,33.876278,1961 Hog Mountain Rd,,Watkinsville,GA,30677,1952,OCONEE
Circle M Food Shop 26,-83.438873,33.872475,2051 Experiment Station Rd,,Watkinsville,GA,30677,5321,OCONEE
Family Dollar 8137,-83.438736,33.873962,2061 Hog Mountain Rd,,Watkinsville,GA,30677,1954,OCONEE
Walgreens 17923,-83.441025,33.873024,2065 Experiment Station Rd,,Watkinsville,GA,30677,5321,OCONEE
CVS PHARMACY 4719,-83.441208,33.873672,2080 Hog Mountain Rd,,Watkinsville,GA,30677,1953,OCONEE
Golden Pantry Food Stores 1004,-83.40638,33.859924,31 Greensboro Hwy,,Watkinsville,GA,30677,2515,OCONEE
Super 76,-83.426361,33.779839,3351 Macon Hwy,,Watkinsville,GA,30677,3585,OCONEE
Fresh Food Mart,-83.406052,33.860348,42 Greensboro Hwy,,Watkinsville,GA,30677,2514,OCONEE
Race Trac 51,-83.413994,33.888172,7921 Macon Hwy,,Watkinsville,GA,30677,6050,OCONEE
Golden Pantry Food Stores 1093,-83.149719,33.883572,1085 Athens Rd,,Crawford,GA,30630,2502,OGLETHORPE
Dollar General 6369,-83.128029,33.88644,11 Oglethorpe Dr,,Crawford,GA,30630,2526,OGLETHORPE
Strickland Pride Produce,-83.153473,33.882629,1129 Athens Rd,,Crawford,GA,30630,2530,OGLETHORPE
Family Dollar 3373,-83.156853,33.882187,1178 Athens Rd,,Crawford,GA,30630,2513,OGLETHORPE
Peach Express,-83.158348,33.881653,1185 Athens Rd,,Crawford,GA,30630,2504,OGLETHORPE
Crawford Food Mart,-83.160576,33.882423,1214 Athens Rd,,Crawford,GA,30630,2515,OGLETHORPE
Golden Pantry Food Stores 1035,-83.116692,33.875362,591 W Main St,,Lexington,GA,30648,1916,OGLETHORPE
Ranchhodrai Llc,-83.118523,33.8787,648 Athens Rd,,Lexington,GA,30648,1998,OGLETHORPE
B&T'S Food Fresh 7,-83.122856,33.884197,740 Athens Rd,,Lexington,GA,30648,1907,OGLETHORPE
Carrie's Corner Store & Cafe,-83.160789,33.794033,173 Railroad Rd,,Stephens,GA,30667,1409,OGLETHORPE
Eden Pure Beef Llc,-83.164131,33.78886,1838 Union Point Rd,,Stephens,GA,30667,,OGLETHORPE
CVS Pharmacy 6012,-84.777161,34.027935,51 SEVEN HILLS BLVD,,DALLAS,GA,30132,,PAULDING
KROGER 634,-84.754524,34.01125,8876 DALLAS ACWORTH HWY,,DALLAS,GA,30132,,PAULDING
5041 Kings Family Llc,-84.829994,33.921791,101 Orphan Brigade Dr,,Dallas,GA,30132,2563,PAULDING
Piggly Wiggly 47,-84.841553,33.923901,116 Courthouse Sq,,Dallas,GA,30132,,PAULDING
Harvest Time Market 2,-84.810127,33.903858,1160 Old Harris Rd,,Dallas,GA,30132,8238,PAULDING
Dollar General 12714,-84.786766,33.956547,124 E Paulding Dr,,Dallas,GA,30157,,PAULDING
DOLLAR GENERAL 630,-84.7976,33.910629,1293 Merchants Dr,,Dallas,GA,30132,5036,PAULDING
Rocket Fuel,-84.831673,33.838913,1575 Dallas Nebo Rd,,Dallas,GA,30157,8700,PAULDING
Harvest Time Market,-84.952957,33.837574,1658 Mulberry Rock Rd,,Dallas,GA,30157,6418,PAULDING
Costco Wholesale 1389,-84.761963,33.920574,1715 Charles Hardy Pkwy,,Dallas,GA,30157,3161,PAULDING
Shell Food Mart,-84.786697,33.956615,185 E Paulding Dr,Ste 103,Dallas,GA,30157,1434,PAULDING
Glade Pure Mart LLC,-84.842773,33.924492,231 W Memorial Dr,,Dallas,GA,30132,4135,PAULDING
Dollar General 13652,-84.836212,34.043941,24 Williams Rd,,Dallas,GA,30132,1400,PAULDING
Dollar General 10288,-84.990616,33.924034,2425 Gold Mine Rd,,Dallas,GA,30157,1248,PAULDING
Mr G Sav A Ton,-84.804901,33.9095,250 Paulding Plz,,Dallas,GA,30132,5027,PAULDING
Chevron Country Store 1,-84.992226,33.924229,2515 Gold Mine Rd,,Dallas,GA,30157,4485,PAULDING
Dallas Food Mart,-84.74855,33.925125,2536 Charles Hardy Pkwy,,Dallas,GA,30157,9408,PAULDING
Exxon Food Mart,-84.856865,33.916096,257 Buchanan St,,Dallas,GA,30132,3412,PAULDING
INGLES MARKETS 89,-84.830597,33.921803,270 Merchants Dr,,Dallas,GA,30132,4761,PAULDING
Family Dollar 8826,-84.841637,33.868641,2985 Villa Rica Hwy,,Dallas,GA,30157,,PAULDING
Food Depot 51,-84.841637,33.868641,2985 Villa Rica Hwy,Ste G,Dallas,GA,30157,7097,PAULDING
Al's Exxon,-84.981239,33.843731,30 Highway 101 N,,Dallas,GA,30157,7808,PAULDING
Walgreens 11686,-84.823776,33.907005,303 Mars Hill Church Rd,,Dallas,GA,30132,,PAULDING
Buddy's,-84.841637,33.866848,3121 Villa Rica Hwy,,Dallas,GA,30157,0657,PAULDING
DOLLAR GENERAL 8766,-84.841782,33.865311,3188 Villa Rica Hwy,,Dallas,GA,30157,0667,PAULDING
The iMarket 714,-84.830559,33.838581,3354 Nebo Rd,,Dallas,GA,30157,6288,PAULDING
Walmart SUPERCENTER 3403,-84.730553,33.932957,3615 Marietta Hwy,,Dallas,GA,30157,9472,PAULDING
Hero's,-84.737312,33.941662,3754 Hiram Acworth Hwy,,Dallas,GA,30157,3275,PAULDING
Paulding Countys Beer & Tobacco,-84.791672,33.956821,4201 Dallas Acworth Hwy,,Dallas,GA,30132,,PAULDING
Grandpa 1,-84.845108,33.857498,43 Dallas Nebo Rd,,Dallas,GA,30157,8759,PAULDING
Walgreens 10528,-84.788704,33.95929,4519 Dallas Acworth Hwy,,Dallas,GA,30132,7675,PAULDING
FAST LANE FOODS,-84.855217,33.851242,4522 Villa Rica Hwy,,Dallas,GA,30157,6963,PAULDING
KROGER 673,-84.824951,33.909912,455 Nathan Dean Blvd,,Dallas,GA,30132,4921,PAULDING
QUIKTRIP 788,-84.824837,33.909603,491 Nathan Dean Blvd,,Dallas,GA,30132,4921,PAULDING
CVS Pharmacy 5622,-84.778419,33.909908,495 Charles Hardy Pkwy,,Dallas,GA,30157,5723,PAULDING
PUBLIX 1063,-84.788399,33.957951,51 E Paulding Dr,,Dallas,GA,30157,7190,PAULDING
Chevron Food Mart,-84.833672,33.91716,514 Hardee St,,Dallas,GA,30132,4743,PAULDING
LITTLE BEAR FOOD STORE,-84.83226,33.915413,521 Hardee St,,Dallas,GA,30132,4711,PAULDING
Murphy USA 7284,-84.733261,33.933411,55 Hillside Trce,,Dallas,GA,30157,9474,PAULDING
Little Dallas Farm NAFMNP,-84.840302,33.851589,557 Dallas Nebo Rd,,Dallas,GA,30157,8725,PAULDING
DollarTree 5039,-84.733353,33.932705,59 Hillside Trace,,Dallas,GA,30157,,PAULDING
Renillom Grocery Food,-84.853996,33.957405,64 Aberdeen Way,,Dallas,GA,30132,1996,PAULDING
DOLLAR GENERAL 6918,-84.854958,33.920135,640 W Memorial Dr,,Dallas,GA,30132,4123,PAULDING
DollarTree 8184,-84.803795,33.909641,660 Paulding Plz,,Dallas,GA,30132,0919,PAULDING
Dollar General 31450,-84.845451,34.03825,75 Cochran Road,,Dallas,GA,30157,,PAULDING
Dallas Food Mart,-84.831093,33.899883,758 Villa Rica Hwy,,Dallas,GA,30157,7051,PAULDING
PUBLIX 1217,-84.886131,33.809048,7953 Villa Rica Hwy,,Dallas,GA,30157,8619,PAULDING
PUBLIX 1184,-84.778732,34.029713,80 Seven Hills Blvd,,Dallas,GA,30132,,PAULDING
Jojo's Fresh Market,-84.774826,33.913956,835 Charles Hardy Pkwy,,Dallas,GA,30157,3162,PAULDING
DollarTree 5838,-84.754883,34.010841,8715 Dallas Acworth Hwy,,Dallas,GA,30132,,PAULDING
Top Of The Ridge,-84.841156,33.803913,2874 Ridge Rd,,Douglasville,GA,30134,5016,PAULDING
The Market at Ridge,-84.820541,33.814129,4281 Ridge Rd,,Douglasville,GA,30134,5034,PAULDING
Walgreens 17033,-84.813789,33.816944,4692 Ridge Rd,,Douglasville,GA,30134,6150,PAULDING
Dollar General 21295,-84.811691,33.817799,4860 Ridge Rd,,Douglasville,GA,30134,5125,PAULDING
TARGET STORE T-1400,-84.742317,33.887314,5220 JIMMY LEE SMITH PKY,,HIRAM,GA,30141,,PAULDING
Dixie Delight Candles Produce Store,-84.73259,33.877701,144 Burke Way,,Hiram,GA,30141,3338,PAULDING
Hiram Food Mart,-84.76535,33.869614,1600 Hiram Douglasville Hwy,,Hiram,GA,30141,3729,PAULDING
DOLLAR GENERAL 9136,-84.764664,33.868542,1670 Hiram Douglasville Hwy,,Hiram,GA,30141,3729,PAULDING
Racetrac 2485,-84.740463,33.886765,2850 Jimmy Lee Smith Pkwy,,Hiram,GA,30141,2080,PAULDING
Hiram Food Mart,-84.747391,33.909096,3601 Macland Rd,,Hiram,GA,30141,2225,PAULDING
Hiram Food Mart,-84.781929,33.909351,3606 Atlanta Hwy,Ste D,Hiram,GA,30141,1833,PAULDING
Hiram Food & Fuel,-84.759552,33.892933,4120 Jimmy Lee Smith Pkwy,Ste C,Hiram,GA,30141,7604,PAULDING
Walmart S/C 618,-84.759117,33.892773,4166 Jimmy Lee Smith Pkwy,Ste A,Hiram,GA,30141,2645,PAULDING
Walgreens 17568,-84.754539,33.891224,4442 Jimmy Lee Smith Pkwy,,Hiram,GA,30141,2724,PAULDING
Race Trac 610,-84.751572,33.890556,4597 Jimmy Lee Smith Pkwy,,Hiram,GA,30141,2722,PAULDING
Infinite African Foods,-84.766579,33.870327,4645 Hiram Sudie Rd,Ste D,Hiram,GA,30141,3294,PAULDING
DollarTree 443,-84.747017,33.886803,4794 Jimmy Lee Smith Pkwy,,Hiram,GA,30141,,PAULDING
Sam's Club 4802,-84.748451,33.889282,4798 Jimmy Lee Smith Pkwy,,Hiram,GA,30141,2729,PAULDING
Texaco Food Mart,-84.726303,33.903912,4854 Macland Rd,,Hiram,GA,30141,1906,PAULDING
Minit Saver,-84.780724,33.872555,50 Virgie Ballentine Dr,,Hiram,GA,30141,3127,PAULDING
ALDI 76014,-84.734581,33.884281,5746 Wendy Bagwell Pkwy,,Hiram,GA,30141,,PAULDING
Race Trac 76,-84.731628,33.883873,5882 Wendy Bagwell Pkwy,,Hiram,GA,30141,2810,PAULDING
Hiram Shell,-84.760658,33.839943,8354 Ridge Rd,,Hiram,GA,30141,4836,PAULDING
DOLLAR GENERAL 7172,-84.758041,33.801098,6391 Hiram Douglasville Hwy,,Powder Springs,GA,30127,6894,PAULDING
Scotts Country Store,-85.002823,33.973228,2775 Highway 101 N,,Rockmart,GA,30153,5365,PAULDING
Yorkville Bp,-84.995697,33.927036,6400 Highway 101 N,,Rockmart,GA,30153,6389,PAULDING
Sunoco Rose's,-84.981316,33.842693,9747 Buchanan Hwy,,Temple,GA,30179,5033,PAULDING
DOLLAR GENERAL 6688,-84.891495,33.806553,8266 Villa Rica Hwy,,Villa Rica,GA,30180,4207,PAULDING
Marathon Food Mart,-84.894394,33.790909,9388 Villa Rica Hwy,,Villa Rica,GA,30180,3610,PAULDING
DOLLAR GENERAL 4257,-83.756119,32.652054,100 GA Highway 49 S,,Byron,GA,31008,7329,PEACH
Flash Foods LLC 274214,-83.75695,32.651272,105 GA Highway 49 S,,Byron,GA,31008,7330,PEACH
Roberts Vineyard NAFMNP,-83.838287,32.678867,11903 Ga Highway,,Byron,GA,31008,,PEACH
Dollar General 13105,-83.71769,32.672424,15 Peach Rd,,Byron,GA,31008,4323,PEACH
Grub N Gas,-83.760933,32.653412,201 Moseley Rd,,Byron,GA,31008,7102,PEACH
DollarTree 7137,-83.75412,32.6535,202 Hwy 49,,Byron,GA,31008,,PEACH
Freshway Market,-83.704048,32.678165,233 US Hwy 49 South,,Byron,GA,31008,,PEACH
Flash Foods LLC 274264,-83.768295,32.651657,236 GA Highway 42,,Byron,GA,31008,4876,PEACH
Raceway 917,-83.748123,32.657669,237 GA Highway 49 N,,Byron,GA,31008,4008,PEACH
Byron Gas N Go 081,-83.74585,32.658501,248 GA Highway 49 N,,Byron,GA,31008,4007,PEACH
Pilot Travel Center 267,-83.744415,32.611557,2965 Highway 247,,Byron,GA,31008,5513,PEACH
Byron Chevron,-83.742241,32.660488,302 Highway 49 N,,Byron,GA,31008,,PEACH
Circle K 2703146,-83.742889,32.661018,303 GA Highway 49,,Byron,GA,31008,,PEACH
Bobby's Food Mart,-83.709312,32.667561,4009 US Highway 41 N,,Byron,GA,31008,4503,PEACH
Fastrip,-83.705391,32.676212,4070 US Highway 41 N,,Byron,GA,31008,4502,PEACH
Peach Xpress,-83.737808,32.664856,507 GA Highway 49 N,,Byron,GA,31008,4014,PEACH
Dollar General 16128,-83.789627,32.615425,7045 Peach Pkwy,,Byron,GA,31008,6909,PEACH
Circle K 2703142,-83.709038,32.621765,3500 Highway 41 N,,Centerville,GA,31008,,PEACH
Express 49,-83.885445,32.555443,100 Ga 49 Connector,,Fort Valley,GA,31030,,PEACH
Dollar General Market 13604,-83.885391,32.554363,100 N Camellia Blvd,,Fort Valley,GA,31030,3078,PEACH
CVS Pharmacy 4585,-83.884544,32.55896,104 Vineville St,,Fort Valley,GA,31030,4104,PEACH
Highway Haven Food Store,-83.720467,32.545776,14950 GA Highway 96 E,,Fort Valley,GA,31030,6128,PEACH
DollarTree 7821,-83.885567,32.559097,202 Vineville St,,Fort Valley,GA,31030,4179,PEACH
Food Depot 15,-83.895149,32.574585,2301 US Highway 341,,Fort Valley,GA,31030,3402,PEACH
Dollar General 22496,-83.728912,32.545956,25 Smyrna Church Rd,,Fort Valley,GA,31030,,PEACH
Flash Foods LLC 2745110,-83.880394,32.56205,401 Bluebird Blvd,,Fort Valley,GA,31030,5087,PEACH
Family Food Mart,-83.890442,32.549515,402 S Camellia Blvd,,Fort Valley,GA,31030,4333,PEACH
Neighbors Food Mart,-83.882118,32.548328,412 Martin Luther King Jr Dr,,Fort Valley,GA,31030,4903,PEACH
R & R Quick Stop,-83.881104,32.548317,501 Martin Luther King Jr Dr,,Fort Valley,GA,31030,4928,PEACH
Family Dollar 246,-83.892715,32.559143,536 Vineville St,,Fort Valley,GA,31030,4184,PEACH
El Mercadito,-83.891632,32.559269,604 Vineville St,,Fort Valley,GA,31030,4205,PEACH
Grace Farms Middle Ga N/A,-83.884186,32.598408,647 Chestnut Hill Rd,,Fort Valley,GA,31030,7331,PEACH
Vaak Food Mart,-83.894768,32.558762,702 Orange St,,Fort Valley,GA,31030,3598,PEACH
R & R Quick Stop #2 01,-83.894379,32.543419,808 State University Dr,,Fort Valley,GA,31030,4307,PEACH
CVS Pharmacy 5523,-83.709961,32.614616,5900 Watson Rd,,Warner Robins,GA,31008,,PEACH
Murphy Express 8809,-84.461075,34.472519,1011 Noah Dr,,Jasper,GA,30143,8716,PICKENS
Walmart Supercenter 5786,-84.460091,34.476223,1100 Old Philadelphia Rd,,Jasper,GA,30143,4045,PICKENS
DollarTree 5724,-84.461357,34.473637,1101 Old Philadelphia Rd,Ste F,Jasper,GA,30143,4069,PICKENS
KROGER STORE 620,-84.461082,34.466434,115 Bill Wigington Pkwy,,Jasper,GA,30143,6853,PICKENS
Dollar General 13733,-84.416435,34.399216,115 Interstate Dr S,,Jasper,GA,30143,,PICKENS
INGLES MARKETS 437,-84.454384,34.465504,1449 W Church St,,Jasper,GA,30143,4075,PICKENS
Tariz Food Mart,-84.459763,34.465672,1738 Highway 53 W,,Jasper,GA,30143,3981,PICKENS
Exxon Gas Station,-84.460136,34.464821,1757 Highway 53 W,,Jasper,GA,30143,3982,PICKENS
Publix Super Markets Inc. 2047,-84.432167,34.469196,178 Virginia Way,,Jasper,GA,30143,1544,PICKENS
WALGREEN 10121,-84.427238,34.468624,199 E Church St,,Jasper,GA,30143,1301,PICKENS
Dollar General Store 17892,-84.387604,34.466206,2351 Cove Rd,,Jasper,GA,30143,,PICKENS
CVS Pharmacy 3392,-84.425674,34.467896,266 E Church St,,Jasper,GA,30143,1302,PICKENS
West End General Store,-84.580544,34.442101,2881 Jerusalem Church Rd,,Jasper,GA,30143,3729,PICKENS
Mountain View Citgo,-84.421989,34.472099,29 Cove Rd,,Jasper,GA,30143,1351,PICKENS
Race Trac 118,-84.414528,34.397343,303 Interstate South Dr,,Jasper,GA,30143,6205,PICKENS
R & L Jasper Food Mart Inc,-84.434708,34.466419,304 W Church St,,Jasper,GA,30143,1400,PICKENS
QuikTrip 829,-84.452904,34.457405,3353 Camp Rd,,Jasper,GA,30143,4009,PICKENS
Amoco West Market,-84.509804,34.469582,4631 Highway 53 W,,Jasper,GA,30143,3079,PICKENS
Main Stop Market,-84.437775,34.473156,575 N Main St,Ste D,Jasper,GA,30143,1487,PICKENS
DollarTree 9718,-84.428261,34.468338,70 E Church St,,Jasper,GA,30143,1607,PICKENS
Dollar General 24857,-84.392441,34.412327,79 Waleska Highway 108,,Jasper,GA,30143,5304,PICKENS
Jasper Chervon,-84.427963,34.455872,850 S Main St,,Jasper,GA,30143,2104,PICKENS
DOLLAR GENERAL 996,-84.445145,34.465778,890 W Church St,,Jasper,GA,30143,1488,PICKENS
Foothills Chevron,-84.279549,34.413265,13359 Hwy 53 East,,Marble Hill,GA,30148,,PICKENS
Dollar General 24860,-84.252007,34.452995,25 Hubbard Rd,,Marble Hill,GA,30148,,PICKENS
Dunn's Food Mart,-84.514793,34.507584,170 Antioch Church Rd,,Talking Rock,GA,30175,4055,PICKENS
Dollar General 10349,-84.580444,34.483829,2335 Highway 136 Connector,,Talking Rock,GA,30175,3354,PICKENS
Riggin Farm,-84.600975,34.544758,300 Shady Grove Church Rd,,Talking Rock,GA,30175,1102,PICKENS
Citgo,-84.389107,34.412868,20 Canton Rd,,Tate,GA,30177,2583,PICKENS
WALL'S IGA,-82.244316,31.304846,3503 HIGHWAY 84 WEST,2,BLACKSHEAR,GA,31516,,PIERCE
Flash Foods LLC 274163,-82.241821,31.306704,114 Gordon St,,Blackshear,GA,31516,1202,PIERCE
Flash Foods LLC 2745096,-82.312637,31.246983,1494 US Highway 84,,Blackshear,GA,31516,1169,PIERCE
Dollar General 15505,-82.309082,31.249893,1590 Hwy 84,,Blackshear,GA,31516,,PIERCE
Piggly Wiggly 156,-82.252502,31.295914,3222 Highway 84 W,,Blackshear,GA,31516,,PIERCE
DOLLAR GENERAL 2077,-82.248344,31.299158,3346 US Highway 84,,Blackshear,GA,31516,2136,PIERCE
Flash Foods LLC 27479,-82.248093,31.299288,3359 US Highway 84,,Blackshear,GA,31516,2100,PIERCE
Family Dollar 729,-82.243431,31.304798,3515 US Highway 84,,Blackshear,GA,31516,2294,PIERCE
Walgreens 17795,-82.242859,31.305817,3537 US Highway 84,,Blackshear,GA,31516,2237,PIERCE
Mattox Food Mart,-82.236374,31.309143,3706 Hwy 84,,Blackshear,GA,31516,1853,PIERCE
Dollar General 23279,-82.202431,31.250669,4637 Saint Johns Church Rd,,Blackshear,GA,31516,5202,PIERCE
Jack Rabbit Food Mart,-82.237595,31.301764,515 Main St,,Blackshear,GA,31516,1905,PIERCE
Dollar General 24660,-82.218857,31.321543,5391 County Farm Rd,,Blackshear,GA,31516,8582,PIERCE
N And R Foodmart,-82.242622,31.311722,703 Gordon St,,Blackshear,GA,31516,1209,PIERCE
Gx Express 2,-82.228401,31.296513,931 Main St,,Blackshear,GA,31516,2321,PIERCE
DollarTree 7366,-82.255608,31.300877,992 Yeomans St,,Blackshear,GA,31516,2072,PIERCE
COUNTRY BOYS MINI MALL INC,-82.214157,31.450678,1982 GA Highway 121,,Bristol,GA,31518,9740,PIERCE
DOLLAR GENERAL 19358,-82.215004,31.447758,2019 Highway 121,,Bristol,GA,31518,9701,PIERCE
Flash Foods LLC 27491,-82.139763,31.387878,6497 US Highway 84,,Patterson,GA,31557,5013,PIERCE
Dollar General 11581,-82.138466,31.388271,6525 US Highway 84,,Patterson,GA,31557,4912,PIERCE
Dollar General 16979,-84.430534,33.111908,10 Bottoms Rd,,Concord,GA,30206,,PIKE
Family Dollar 12997,-84.433701,33.089432,22 Concord Ct N,Robert Quarters Road,Concord,GA,30206,5505,PIKE
Allen Stop & Shop,-84.436562,33.09103,31 Roberts Quarters Rd,,Concord,GA,30206,3231,PIKE
DollarTree 6629,-84.284561,33.197807,1628 Martin Luther King Dr,,Griffin,GA,30224,7356,PIKE
Mountain View Convenience Store,-84.333572,33.032158,3181 Us Hwy 19,,Meansville,GA,30256,2206,PIKE
Dollar General 13514,-84.354492,33.187721,203 Highway 362 W,,Williamson,GA,30292,3225,PIKE
Royal 77 Food Mart 1,-84.363075,33.181694,832 Highway 362 W,,Williamson,GA,30292,6808,PIKE
Dollar General 18201,-84.342606,33.123207,859 McKinley Rd,,Williamson,GA,30292,3223,PIKE
DOLLAR GENERAL 18738,-84.343979,33.042965,10005 GA Highway 109,,Zebulon,GA,30295,,PIKE
Cadies Corner,-84.329651,33.122898,10030 Us 19,,Zebulon,GA,30295,,PIKE
Flash Foods LLC 2745056,-84.34391,33.096012,701 Highway 19 S,,Zebulon,GA,30295,,PIKE
DOLLAR GENERAL 6111,-84.344086,33.094059,7802 Highway 19 S,,Zebulon,GA,30295,6533,PIKE
Country Gold,-84.343971,33.094872,7806 Highway 19 S,,Zebulon,GA,30295,6533,PIKE
JP Zebulon 266,-84.338921,33.113445,9211 US 19,,Zebulon,GA,30295,,PIKE
FRESHWAY MARKET,-84.33886,33.113514,9217 Highway 19 N,,Zebulon,GA,30295,6564,PIKE
Dollar General 30530,-85.118614,34.090263,260 Dean Rd,,Aragon,GA,30104,,POLK
Dunn's Quick Stop 2,-85.054832,34.039787,2684 Rome Highway,,Aragon,GA,30104,,POLK
DOLLAR GENERAL 8075,-85.060158,34.042332,42 New Prospect Rd,,Aragon,GA,30104,0235,POLK
BURTON'S KWIK STOP,-85.09893,34.078094,4584 Rome Hwy,,Aragon,GA,30104,1600,POLK
American Dream Convenience,-85.24427,34.033833,1006 N Main St,Suite B,Cedartown,GA,30125,2037,POLK
G & S Cafe,-85.240891,34.014202,1016 East Ave,,Cedartown,GA,30125,3308,POLK
Big H Food Store & Tobacco,-85.254044,34.001648,1103 S Main St,,Cedartown,GA,30125,3923,POLK
Dollar General Market 9830,-85.242577,34.036587,1164 N Main St,,Cedartown,GA,30125,2039,POLK
The Country Store,-85.29612,33.984447,1206 Piedmont Hwy,,Cedartown,GA,30125,5210,POLK
CHAPMAN'S SHOPPETTE,-85.253395,33.991985,1450 Buchanan Hwy,,Cedartown,GA,30125,4023,POLK
Murphy USA 7323,-85.236206,34.045975,1553 Rome Hwy,Ste 1,Cedartown,GA,30125,,POLK
DollarTree 3513,-85.236397,34.045471,1583 Rome Hwy,,Cedartown,GA,30125,4402,POLK
Walmart 727,-85.236122,34.046101,1585 Rome Hwy,,Cedartown,GA,30125,4402,POLK
Royal Food Mart,-85.255478,33.984348,1776 Buchanan Hwy,,Cedartown,GA,30125,5392,POLK
DOLLAR GENERAL 14577,-85.256584,33.98373,1798 Buchanan Hwy,,Cedartown,GA,30125,5392,POLK
Dollar General 24859,-85.206573,34.017906,18 Lindsey Chapel Rd,,Cedartown,GA,30125,,POLK
The Farmers Store,-85.259338,33.971794,2240 Buchanan Hwy,,Cedartown,GA,30125,5811,POLK
Tienda Y Tortilleria La Bendicion,-85.252121,34.017879,316 N Main St,,Cedartown,GA,30125,2650,POLK
Quetzal Supermarket,-85.258949,34.010529,325 West Ave,,Cedartown,GA,30125,3439,POLK
Los Amigos,-85.259712,34.010677,337 West Ave,Ste H,Cedartown,GA,30125,3460,POLK
Antioch Food Mart,-85.165947,33.9538,3867 Antioch Rd,,Cedartown,GA,30125,5915,POLK
Dollar General 7839,-85.260162,34.010925,401 West Ave,,Cedartown,GA,30125,3440,POLK
Dollar General 25789,-85.297806,33.982586,412 Cornelius Rd,,Cedartown,GA,30125,5308,POLK
Cowboys,-85.141533,34.006893,4140 Rockmart Hwy,,Cedartown,GA,30125,5091,POLK
The Corner Store,-85.252998,34.019726,425 N Main St,,Cedartown,GA,30125,2643,POLK
P M A Supermarkets,-85.257446,34.010239,430 S College St,,Cedartown,GA,30125,3406,POLK
Carniceria Los Molcajetes,-85.26255,34.011211,509 West Ave,,Cedartown,GA,30125,3425,POLK
CVS Pharmacy 5356,-85.252312,34.020535,511 N Main St,,Cedartown,GA,30125,2301,POLK
Cedartown Farmers Market,-85.25547,34.009178,610 S Main Street,,Cedartown,GA,30125,3661,POLK
El Camino Mexican Market,-85.255272,34.008385,626 Main St,,Cedartown,GA,30125,3662,POLK
Cedartown Food Mart,-85.293961,34.011608,629 Prior Station Rd,,Cedartown,GA,30125,4936,POLK
Walgreens 17083,-85.250671,34.023712,633 N Main St,,Cedartown,GA,30125,2359,POLK
Shamrock Food Mart,-85.255409,34.007084,724 S Main St,,Cedartown,GA,30125,3600,POLK
KROGER 429,-85.248436,34.024822,730 N Main St,,Cedartown,GA,30125,2358,POLK
Madi Food Mart,-85.248917,34.027096,803 N Main St,,Cedartown,GA,30125,2325,POLK
Poudel Food Mart,-85.247322,34.028908,844 N Main St,,Cedartown,GA,30125,2326,POLK
D K Convenience Store,-85.271492,34.017269,993 W Girard Ave,,Cedartown,GA,30125,2160,POLK
Walmart 4409,-85.030418,34.013088,1801 NATHAN DEAN BYP,,ROCKMART,GA,30153,,POLK
Triangle Foods,-85.043671,34.011322,1051 Nathan Dean Byp,,Rockmart,GA,30153,2011,POLK
DollarTree 4653,-85.042633,34.010689,1061 Nathan Dean Byp,,Rockmart,GA,30153,2011,POLK
Rockmart Farmers Market Inc,-85.053123,33.997555,108 Water St,,Rockmart,GA,30153,2666,POLK
INGLES MARKETS 453,-85.040916,34.008549,1100 Nathan Dean Byp,,Rockmart,GA,30153,2006,POLK
RACEWAY 6854,-85.029259,34.00938,1951 Nathan Dean Byp,,Rockmart,GA,30153,2022,POLK
Dollar General 13660,-85.098175,34.008537,2044 Cedartown Hwy,,Rockmart,GA,30153,4000,POLK
DOLLAR GENERAL 4163,-85.041359,33.995056,218 S Piedmont Ave,,Rockmart,GA,30153,2629,POLK
Rockmart Food,-85.070206,33.902515,3667 Rockmart Rd,,Rockmart,GA,30153,5129,POLK
G B Foodmart,-85.041458,33.999592,403 N Piedmont Ave,,Rockmart,GA,30153,2423,POLK
Dunn's Quick Stop,-85.041183,33.985775,565 Atlanta Hwy,,Rockmart,GA,30153,2801,POLK
Handy Mart,-85.041435,34.00349,625 N Piedmont Ave,,Rockmart,GA,30153,2443,POLK
Smart Mart,-85.039993,34.002872,648 Goodyear Ave,,Rockmart,GA,30153,2506,POLK
Express Stop,-85.028236,34.011459,802 Cartersville Hwy,,Rockmart,GA,30153,1506,POLK
Pop's General Store,-84.986107,34.074921,3316 Old State Highway 113,,Taylorsville,GA,30178,1931,POLK
Dollar General 24228,-83.450394,32.283531,10 Cochran Hwy,,Hawkinsville,GA,31036,5621,PULASKI
Flash Foods LLC 274161,-83.477509,32.275326,101 McCormick Ave,,Hawkinsville,GA,31036,1728,PULASKI
SUNMART,-83.478165,32.290234,114 Progress Ave,,Hawkinsville,GA,31036,4739,PULASKI
R&R One Stop,-83.449883,32.281906,118 Eastman Hwy,,Hawkinsville,GA,31036,5934,PULASKI
Jay Kali 2022,-83.466797,32.275127,118 S Jackson St,,Hawkinsville,GA,31036,4616,PULASKI
Walgreens 12319,-83.470779,32.282227,126 Broad St,,Hawkinsville,GA,31036,1502,PULASKI
Veera Shiv Inc,-83.469963,32.283226,147 Commerce St,,Hawkinsville,GA,31036,8420,PULASKI
DOLLAR GENERAL 4196,-83.475182,32.282539,182 Broad Street,,Hawkinsville,GA,31036,0026,PULASKI
Quik Z Mart,-83.451965,32.283642,19 Cochran Hwy,,Hawkinsville,GA,31036,5620,PULASKI
DOLLAR GENERAL 18981,-83.621613,32.387024,2925 Highway 341 S,,Hawkinsville,GA,31036,,PULASKI
M & T Meat Co Inc,-83.432076,32.26873,305 Lower River Rd,,Hawkinsville,GA,31036,6411,PULASKI
Food Lion 2831,-83.480751,32.289639,42 Surrey Plz,,Hawkinsville,GA,31036,4633,PULASKI
Family Dollar 358,-83.495346,32.277817,429 Broad St,,Hawkinsville,GA,31036,1505,PULASKI
Harris Kuntry Meats & Gro Inc,-83.448685,32.285892,66 Cochran Hwy,,Hawkinsville,GA,31036,5621,PULASKI
Sam's Quick Stop,-83.4673,32.282486,86 Broad St,,Hawkinsville,GA,31036,4814,PULASKI
Friendly Gus 28,-83.452324,32.280704,94 Eastman Hwy,,Hawkinsville,GA,31036,5933,PULASKI
JP Harmony Oconee 269,-83.268623,33.422298,1001 Greensboro Rd,,Eatonton,GA,31024,9557,PUTNAM
Blue Mark 105,-83.383659,33.298347,105 Gray Rd,,Eatonton,GA,31024,7313,PUTNAM
Tienda Tarimoro,-83.387337,33.321892,107 S Oak St,,Eatonton,GA,31024,1135,PUTNAM
Long Shoals Marathon,-83.216797,33.345028,1093 Sparta Hwy,,Eatonton,GA,31024,8210,PUTNAM
Murphy USA 7201,-83.386292,33.295837,110 Walmart Dr,,Eatonton,GA,31024,6762,PUTNAM
Dollar General 15198,-83.265114,33.438847,1124 Greensboro Hwy,,Eatonton,GA,31024,,PUTNAM
Jet Food Store 44,-83.385002,33.296516,121 Gray Rd,,Eatonton,GA,31024,7347,PUTNAM
Jai Jognimaa 124,-83.38868,33.327705,124 N Jefferson Ave,,Eatonton,GA,31024,1020,PUTNAM
DollarTree 7260,-83.33535,33.339573,160 W State St,,Eatonton,GA,31024,,PUTNAM
The Meat Locker,-83.308212,33.240356,182 Pea Ridge Rd,,Eatonton,GA,31024,7543,PUTNAM
Walmart SUPERCENTER 5482,-83.387238,33.295273,201 Walmart Dr,,Eatonton,GA,31024,6761,PUTNAM
DOLLAR GENERAL 10896,-83.385284,33.326538,205 E Sumter St,,Eatonton,GA,31024,1462,PUTNAM
Piggly Wiggly 198,-83.388573,33.328796,228 N Jefferson Ave,,Eatonton,GA,31024,1022,PUTNAM
Food Mart,-83.283089,33.25415,271 Scuffleboro Rd,,Eatonton,GA,31024,7787,PUTNAM
Quick Pantry,-83.388657,33.32011,301 S Oak St,,Eatonton,GA,31024,1221,PUTNAM
Jet Food Store 24,-83.391418,33.325405,301 W Marion St,,Eatonton,GA,31024,1111,PUTNAM
406 Pea Ridge Road LLC,-83.301552,33.271122,406 Pea Ridge Rd,,Eatonton,GA,31024,7889,PUTNAM
Dollar General 17670,-83.302567,33.276833,441 Pea Ridge Rd,,Eatonton,GA,31024,7888,PUTNAM
Twin Bridges Landing,-83.382629,33.201069,611 Twin Bridges Rd,,Eatonton,GA,31024,6942,PUTNAM
INGLES MARKETS 484,-83.409332,33.319569,754 Monticello Rd,,Eatonton,GA,31024,2713,PUTNAM
CVS PHARMACY 7744,-83.392319,33.31567,809 Oak St,,Eatonton,GA,31024,6501,PUTNAM
Discount Tobacco #2,-83.392952,33.313725,820 Oak St,,Eatonton,GA,31024,6505,PUTNAM
Dollar General 20113,-83.255997,33.347389,863 Sparta Hwy,,Eatonton,GA,31024,8393,PUTNAM
EDWARDS PRODUCE,-83.388588,33.308784,870 Oak St,,Eatonton,GA,31024,6500,PUTNAM
Oconee Outdoors 207,-83.279556,33.412304,891 Greensboro Rd,,Eatonton,GA,31024,5803,PUTNAM
Citgo Express,-83.410454,33.457745,1660 Madison Rd,,Madison,GA,30650,5810,PUTNAM
DollarTree 9909,-85.099648,31.884445,1032 US Highway 82,,Georgetown,GA,39854,4708,QUITMAN
Dollar General 8381,-85.097664,31.883547,1096 US Highway 82,,Georgetown,GA,39854,,QUITMAN
Family Food Mart,-85.093758,31.883499,1193 US Highway 82,,Georgetown,GA,39854,4715,QUITMAN
Brothers Food Mart,-85.092842,31.883104,1213 US Highway 82,,Georgetown,GA,39854,4717,QUITMAN
Corner Store,-85.06823,31.859993,1856A US Highway 82,Unit 2,Georgetown,GA,39854,3628,QUITMAN
Cuban Family Foodmart Inc,-85.1082,31.884146,69 Main St,Ste B,Georgetown,GA,39854,4400,QUITMAN
Galaxy Georgetown Llc,-85.108261,31.887321,790 US Highway 82,Ste A,Georgetown,GA,39854,4422,QUITMAN
Clipper 25,-83.395943,34.879429,110 Highway 441 N,,Clayton,GA,30525,4207,RABUN
Walmart Supercenter 2753,-83.406387,34.859509,1455 Highway 441 S,,Clayton,GA,30525,7607,RABUN
Racetrac 2674,-83.406853,34.85918,1456 Highway 441 S,,Clayton,GA,30525,,RABUN
INGLES MARKETS 488,-83.396469,34.880482,176 Highway 441 N,,Clayton,GA,30525,4207,RABUN
i-Market 788,-83.396408,34.88065,180 Highway 441 N,,Clayton,GA,30525,4207,RABUN
Boles Market,-83.392845,34.878437,207 Rickman St,,Clayton,GA,30525,5163,RABUN
CVS PHARMACY 7759,-83.399055,34.874104,308 South US Hwy 441,,Clayton,GA,30525,,RABUN
Walgreens 12464,-83.399178,34.873753,355 Highway 441 S,,Clayton,GA,30525,5454,RABUN
DollarTree 7343,-83.401779,34.878456,44 W Savannah St,,Clayton,GA,30525,7043,RABUN
Dollar General 11950,-83.38623,34.919373,7 Page St,,Clayton,GA,30525,2943,RABUN
Dollar General 21641,-83.383629,34.978188,7230 Highway 441 N,,Dillard,GA,30537,,RABUN
JP Dillard 271,-83.384109,34.984894,7656 Highway 441 N,,Dillard,GA,30537,1729,RABUN
Rabun Oil Company,-83.388306,34.935673,4244 Highway 441 N,,Rabun Gap,GA,30568,,RABUN
Circle M Food Shop 43,-83.387756,34.941956,4548 Highway 441 N,,Rabun Gap,GA,30568,2321,RABUN
Dollar General 23775,-83.427261,34.830257,100 Hollifield Connector,,Tiger,GA,30576,,RABUN
DollarTree 8959,-84.785995,31.77157,101 N Webster St,,Cuthbert,GA,39840,2522,RANDOLPH
3 Star Business Group Inc,-84.771156,31.769348,132 US Highway 82 E,,Cuthbert,GA,39840,3013,RANDOLPH
Cuthbert Lotto Mart 0,-84.790459,31.760378,374 Blakely St,,Cuthbert,GA,39840,5317,RANDOLPH
Cuthbert Store,-84.789421,31.772009,5 Court St,,Cuthbert,GA,39840,5922,RANDOLPH
Piggly Wiggly,-84.789948,31.766605,665 Blakely St,,Cuthbert,GA,39840,5326,RANDOLPH
Family Dollar 424,-84.789871,31.766762,681 Blakely St,,Cuthbert,GA,39840,5326,RANDOLPH
DOLLAR GENERAL 3703,-84.78923,31.767544,722 Blakely St,,Cuthbert,GA,39840,5327,RANDOLPH
Peddler Food Store 2,-84.78978,31.771145,83 Plum St,,Cuthbert,GA,39840,5808,RANDOLPH
BRUMBY FOODS IGA,-84.607651,31.684143,HWY 41 SOUTH,,SHELLMAN,GA,39886,,RANDOLPH
Shellman Food Mart,-84.615593,31.755039,13 Church Ave,,Shellman,GA,39886,3214,RANDOLPH
Dollar General 24093,-84.624062,31.772053,2668 US Highway 82 E,,Shellman,GA,39886,2504,RANDOLPH
Shellman Citgo,-84.612724,31.772003,2824 US Highway 82 E,,Shellman,GA,39886,2508,RANDOLPH
CIRCLE K 3174,-82.051109,33.452507,1947 GORDON HWY,,AUGUSTA,GA,30909,,RICHMOND
FOOD LION 1447,-82.030373,33.410038,2115 WINDSOR SPRING RD,,AUGUSTA,GA,30906,,RICHMOND
PUBLIX 0525,-82.030968,33.510353,2816 WASHINGTON ROAD,,AUGUSTA,GA,30909,,RICHMOND
Walmart 1293,-82.062996,33.424435,3209 DEANS BRIDGE RD,,AUGUSTA,GA,30906,,RICHMOND
DOLLAR GENERAL 13846,-81.947388,33.46833,101 Sand Bar Ferry Rd,,Augusta,GA,30901,1759,RICHMOND
Downtown Corner Store,-81.970375,33.476631,1018 Broad St,,Augusta,GA,30901,1120,RICHMOND
Lild 1052,-82.027657,33.511017,1096 Alexander Dr,,Augusta,GA,30909,2202,RICHMOND
Gas Express,-81.992195,33.470623,1121 15th St,,Augusta,GA,30912,0005,RICHMOND
Dollar General 23723,-81.952766,33.312798,1193 Bennock Mill Rd,,Augusta,GA,30906,8709,RICHMOND
Andy Foodmart,-81.968338,33.456131,1236 Gordon Hwy,,Augusta,GA,30901,3824,RICHMOND
South Pole Llc,-81.968719,33.455807,1237 Gordon Hwy,,Augusta,GA,30901,3800,RICHMOND
DollarTree 108,-82.087463,33.469212,1329 Augusta Pkwy W,,Augusta,GA,30909,,RICHMOND
CIRCLE K 05372,-81.981407,33.482155,1488 Reynolds St,,Augusta,GA,30901,1049,RICHMOND
Jones Corner,-81.981842,33.481224,1496 Jones St,,Augusta,GA,30901,1036,RICHMOND
Good Earth Produce And Garden Center,-82.082909,33.505848,150 Davis Rd,,Augusta,GA,30907,2412,RICHMOND
Gas World 23,-81.993744,33.467079,1502 Central Ave,,Augusta,GA,30904,5722,RICHMOND
Chevron Food Mart,-81.999695,33.43951,1503 Gordon Hwy,,Augusta,GA,30906,2081,RICHMOND
CVS Pharmacy 3378,-81.9888,33.475311,1520 Walton Way,,Augusta,GA,30904,3702,RICHMOND
Hello K,-81.991943,33.475693,1571 Walton Way,,Augusta,GA,30904,3765,RICHMOND
CIRCLE K STORES INC. 2707036,-82.086929,33.465107,1600 Barton Chapel Rd,,Augusta,GA,30909,9735,RICHMOND
Crab King Southgate,-82.015327,33.439114,1631 Gordon Hwy,Ste 10,Augusta,GA,30906,2221,RICHMOND
DollarTree 4500,-82.015266,33.440895,1631 Gordon Hwy,Ste 29,Augusta,GA,30906,2230,RICHMOND
Piggly Wiggly 362,-82.016228,33.440819,1631 Gordon Hwy,,Augusta,GA,30906,2219,RICHMOND
Shoppers Stop,-82.008263,33.456902,1649 Olive Rd,,Augusta,GA,30904,4907,RICHMOND
Garden City Farmers Market,-82.007103,33.455425,1650 Olive Rd,,Augusta,GA,30904,4982,RICHMOND
Prabish Food Mart,-82.007736,33.454807,1675 Olive Rd,,Augusta,GA,30904,4984,RICHMOND
Dollar General 25328,-81.998932,33.455437,1707 Four H Club Rd,,Augusta,GA,30906,,RICHMOND
Dollar General 21487,-81.9832,33.455597,1710 Martin Luther King Jr Blvd,,Augusta,GA,30901,4030,RICHMOND
Family Dollar 6060,-81.995171,33.475956,1713 Walton Way,,Augusta,GA,30904,3705,RICHMOND
Short Stop,-81.998955,33.454628,1714 15th St,,Augusta,GA,30901,3932,RICHMOND
CIRCLE K 3171,-81.996994,33.475639,1739 Walton Way,,Augusta,GA,30904,3705,RICHMOND
Jaho Market,-82.020462,33.455444,1770 Kissingbower Rd,,Augusta,GA,30904,6600,RICHMOND
Family Dollar 11567,-82.021805,33.454391,1801 Kissingbower Rd,,Augusta,GA,30904,6504,RICHMOND
Ez Go,-82.001686,33.394424,1801 Marvin Griffin Rd,,Augusta,GA,30906,3811,RICHMOND
Lanier's Fresh Meat Market LLC,-81.999596,33.476147,1831 Walton Way,,Augusta,GA,30904,3854,RICHMOND
Lucky 7 0,-82.039421,33.452011,1857 Gordon Hwy,,Augusta,GA,30904,2611,RICHMOND
Am/pm Food Store,-82.045792,33.451317,1898 Gordon Hwy,,Augusta,GA,30904,5660,RICHMOND
Super Express 7,-82.046692,33.452583,1901 Gordon Hwy,,Augusta,GA,30909,4406,RICHMOND
In-n-out Market Lottery Store,-82.016983,33.411396,1902 Windsor Spring Rd,,Augusta,GA,30906,4956,RICHMOND
Dollar General 22343,-82.006027,33.466217,1914 Wrightsboro Rd,,Augusta,GA,30904,4759,RICHMOND
Green Street Super Market,-81.949448,33.46682,2 Greene St,,Augusta,GA,30901,1607,RICHMOND
Gasworld 9,-82.005394,33.476173,2013 Walton Way,,Augusta,GA,30904,4119,RICHMOND
Chevron Food Mart,-81.947716,33.468441,202 E Boundary,Ste B,Augusta,GA,30901,1688,RICHMOND
Family Dollar 13763,-82.054832,33.452244,2020 Gordon Hwy,,Augusta,GA,30909,4453,RICHMOND
MOM & POP CONVENIENCE STORE,-82.000313,33.486816,2025 Broad St,,Augusta,GA,30904,3024,RICHMOND
Central Mart,-82.010033,33.469582,2061 Central Ave,,Augusta,GA,30904,4179,RICHMOND
Gasworld 17,-82.063309,33.450851,2062 Gordon Hwy,,Augusta,GA,30909,4455,RICHMOND
Presidential Mart,-82.010376,33.476715,2101 Walton Way,Ste A,Augusta,GA,30904,4318,RICHMOND
Dollar General 20015,-82.03112,33.376141,2104 Faircrest Ave,,Augusta,GA,30906,9439,RICHMOND
Ez Stop & Shop,-82.00074,33.450054,2160 Martin Luther King Jr Blvd,,Augusta,GA,30901,7108,RICHMOND
Split Stop 2161,-82.081337,33.449783,2161 Gordon Hwy,,Augusta,GA,30909,5400,RICHMOND
King Food Mart,-82.005089,33.489159,2177 Broad St,,Augusta,GA,30904,3026,RICHMOND
Sprint 900701,-82.086433,33.447292,2202 Gordon Hwy,,Augusta,GA,30909,9739,RICHMOND
Lotto Market,-82.046562,33.39809,2228 Rosier Rd,Ste F,Augusta,GA,30906,5097,RICHMOND
Gasworld 13,-82.032135,33.41975,2260 Lumpkin Rd,,Augusta,GA,30906,3429,RICHMOND
AM-PM Convenience Store,-82.048698,33.398701,2262 Rosier Rd,,Augusta,GA,30906,5054,RICHMOND
Ok Mart,-82.032639,33.420498,2301 Lumpkin Rd,,Augusta,GA,30906,3014,RICHMOND
Bourda Green International Market,-82.034119,33.420147,2308 Lumpkin Rd,,Augusta,GA,30906,3013,RICHMOND
La Casa Latina,-82.034462,33.420193,2310 Lumpkin Rd,,Augusta,GA,30906,3013,RICHMOND
Family Dollar 6058,-82.007935,33.447506,2310 Milledgeville Rd,,Augusta,GA,30904,4928,RICHMOND
Yogi Convenience Store,-82.008728,33.44759,2319 Milledgeville Rd,,Augusta,GA,30904,4927,RICHMOND
Time Saver Gro,-82.042786,33.507332,234 Boy Scout Rd,,Augusta,GA,30909,2097,RICHMOND
Thriftee Supermarket,-81.941887,33.464046,234 Sand Bar Ferry Rd,,Augusta,GA,30901,1850,RICHMOND
DOLLAR GENERAL 2714,-82.011635,33.497013,2344 Washington Rd,,Augusta,GA,30904,3162,RICHMOND
Target Store T-1090,-82.079849,33.489864,235 Robert C Daniel Jr Pkwy,,Augusta,GA,30909,0800,RICHMOND
Get N Go,-82.047981,33.399426,2350 Windsor Spring Rd,Ste A,Augusta,GA,30906,4700,RICHMOND
A 1 Stop,-82.085815,33.436142,2382 Barton Chapel Rd,,Augusta,GA,30906,9064,RICHMOND
DollarTree 9351,-82.049736,33.397758,2416 Windsor Spring Rd,Suite 5,Augusta,GA,30906,,RICHMOND
The Station House,-82.013329,33.434017,2419 Peach Orchard Rd,,Augusta,GA,30906,2387,RICHMOND
Family Dollar 9308,-82.051857,33.398422,2428 Windsor Spring Rd,,Augusta,GA,30906,4668,RICHMOND
Super Express 6,-82.026016,33.468548,2447 Wrightsboro Rd,,Augusta,GA,30904,,RICHMOND
Golden Camp Market,-82.051872,33.430164,2463 Golden Camp Rd,,Augusta,GA,30906,5515,RICHMOND
Lotto Shine,-82.044411,33.421188,2502 Lumpkin Rd,,Augusta,GA,30906,3020,RICHMOND
Gas World #3,-82.014404,33.446091,2510 Milledgeville Rd,,Augusta,GA,30904,4932,RICHMOND
Super Express 3,-82.018494,33.426205,2545 Peach Orchard Rd,,Augusta,GA,30906,2412,RICHMOND
Dollar General 12473,-82.019402,33.442154,2549 Deans Bridge Rd,,Augusta,GA,30906,2201,RICHMOND
CVS Pharmacy 7746,-82.061119,33.39349,2559 Windsor Spring Rd,,Augusta,GA,30906,4642,RICHMOND
Circle K 2705334,-82.052277,33.425442,2572 Lumpkin Rd,,Augusta,GA,30904,,RICHMOND
Circle K Store 5373,-82.062798,33.520576,261 Furys Ferry Rd,,Augusta,GA,30907,3117,RICHMOND
Circle K Store 3178,-82.020874,33.50798,2631 Washington Rd,,Augusta,GA,30904,5932,RICHMOND
Circle K Store 5581,-82.031181,33.469017,2631 Wrightsboro Rd,,Augusta,GA,30904,5342,RICHMOND
In-n-Out Market Lottery Store,-82.082397,33.421688,2657 Barton Chapel Rd,,Augusta,GA,30906,9567,RICHMOND
Cilantros Latin Market,-82.087463,33.502937,266 Bobby Jones Expy,Ste 116,Augusta,GA,30907,3084,RICHMOND
DollarTree 8902,-82.082039,33.487041,267 Robert C Daniel Pkwy,,Augusta,GA,30909,,RICHMOND
Victor Investments 2022,-82.019272,33.423149,2700 Peach Orchard Road,,Augusta,GA,30906,,RICHMOND
The Fresh Market 015,-82.022552,33.509811,2701 Washington Rd,Ste 12,Augusta,GA,30909,2222,RICHMOND
Circle K 5337,-82.031456,33.468994,2702 Wrightsboro Rd,,Augusta,GA,30904,5345,RICHMOND
CVS Pharmacy 4583,-82.021919,33.508781,2703 Washington Rd,,Augusta,GA,30909,2244,RICHMOND
Family Dollar 3485,-82.018745,33.421814,2716 Peach Orchard Rd,,Augusta,GA,30906,2408,RICHMOND
Walgreens 11827,-82.02803,33.509914,2744 Washington Rd,,Augusta,GA,30909,2218,RICHMOND
KROGER STORE 676,-82.029366,33.51186,2801 Washington Rd,,Augusta,GA,30909,2111,RICHMOND
Food Lion 2860,-82.035606,33.469418,2803 Wrightsboro Rd,,Augusta,GA,30909,3913,RICHMOND
Walgreens 19793,-82.035606,33.469418,2803 Wrightsboro Rd,Ste 17,Augusta,GA,30909,3917,RICHMOND
Dollar General Store 18030,-82.039268,33.48801,2820 Joy Rd,,Augusta,GA,30909,3544,RICHMOND
Circle K 2723264,-82.022118,33.419304,2822 Peach Orchard Rd,,Augusta,GA,30906,2410,RICHMOND
Neighborhood Store,-82.064507,33.433929,2849 Lumpkin Rd,,Augusta,GA,30906,3226,RICHMOND
Ck Gas & Food Mart,-82.035591,33.432835,2852 Deans Bridge Rd,Ste A,Augusta,GA,30906,2767,RICHMOND
CIRCLE K STORE 3168,-82.037689,33.511356,2855 Washington Rd,,Augusta,GA,30909,2131,RICHMOND
Dollar General 31338,-82.03801,33.433388,2869 Deans Bridge Rd,,Augusta,GA,30906,2704,RICHMOND
Fortune Lottery,-82.007111,33.413944,2901 Mike Padgett Hwy,,Augusta,GA,30906,3760,RICHMOND
CVS Pharmacy 4119,-82.02227,33.418137,2902 Peach Orchard Rd,,Augusta,GA,30906,3504,RICHMOND
Freshtake Grocery 650,-82.039536,33.512955,2907 Washington Rd,Ste 102,Augusta,GA,30909,0181,RICHMOND
Family Dollar 8564,-82.041473,33.430893,2914 Deans Bridge Rd,,Augusta,GA,30906,2714,RICHMOND
Circle K Store 5582,-82.040588,33.511711,2916 Washington Rd,,Augusta,GA,30909,2113,RICHMOND
Circle K 2723266,-82.04335,33.430305,3003 Deans Bridge Rd,,Augusta,GA,30906,2921,RICHMOND
Masters Xpress,-82.045631,33.512768,3011 Washington Rd,,Augusta,GA,30907,3810,RICHMOND
Joy Food Mart,-82.0401,33.487495,3011 Wheeler Rd,,Augusta,GA,30909,3355,RICHMOND
Raceway 868,-82.046432,33.512859,3021 Washington Rd,,Augusta,GA,30907,3830,RICHMOND
DOLLAR GENERAL 3877,-82.024551,33.413837,3036 Peach Orchard Rd,,Augusta,GA,30906,3518,RICHMOND
Aggies,-82.078865,33.417625,3040 Meadowbrook Dr,,Augusta,GA,30906,4368,RICHMOND
H And A Sales Enterprises Llc,-81.976051,33.477394,306 13th St,,Augusta,GA,30901,1002,RICHMOND
Pic N Mov,-82.050766,33.426701,3082 Deans Bridge Rd,,Augusta,GA,30906,0000,RICHMOND
Knights Meat Company Inc,-82.051537,33.42717,3087 Deans Bridge Rd,,Augusta,GA,30906,1002,RICHMOND
Shell Quick Stop,-82.053551,33.426254,3105 Deans Bridge Rd,,Augusta,GA,30906,3343,RICHMOND
Radha Indian Asian Grocers,-82.05349,33.513542,3112 Washington Rd,Ste H,Augusta,GA,30907,0819,RICHMOND
ALDI 76115,-82.027443,33.411331,3121 Peach Orchard Rd,,Augusta,GA,30906,3521,RICHMOND
South Augusta - Journey Sherwood 30906,-82.011299,33.408115,3131 Old Louisville Rd,,Augusta,GA,30906,3782,RICHMOND
Sprint 900716,-82.02697,33.409027,3138 Peach Orchard Rd,,Augusta,GA,30906,3513,RICHMOND
DOLLAR GENERAL 7732,-82.055244,33.470009,3156 Wrightsboro Rd,,Augusta,GA,30909,0316,RICHMOND
P J Store,-82.064667,33.500149,3184 Skinner Mill Rd,,Augusta,GA,30909,1965,RICHMOND
WALGREEN 6632,-82.027008,33.408264,3204 Peach Orchard Rd,,Augusta,GA,30906,4862,RICHMOND
DollarTree 565,-82.062668,33.422539,3205 Deans Bridge Rd,Ste 700,Augusta,GA,30906,,RICHMOND
DollarTree 10795,-82.023781,33.407379,3206 Peach Orchard Rd.,Suite 2,Augusta,GA,30906,,RICHMOND
Family Dollar 11533,-82.084892,33.434757,3211 Old McDuffie Rd,,Augusta,GA,30906,9039,RICHMOND
Smart Grocery,-82.063805,33.469559,3221 Wrightsboro Rd,,Augusta,GA,30909,2941,RICHMOND
Raceway921,-82.063995,33.421303,3224 Deans Bridge Rd,,Augusta,GA,30906,7001,RICHMOND
DollarTree 9531,-82.065979,33.469887,3231 Wrightsboro Rd,,Augusta,GA,30909,2998,RICHMOND
Gas World 27,-82.064621,33.420815,3232 Deans Bridge Rd,,Augusta,GA,30906,7000,RICHMOND
Salva-mex Tienda Latina 1,-82.065697,33.516861,3241 Washington Rd,Ste B,Augusta,GA,30907,4178,RICHMOND
Express Lottery,-82.06469,33.46743,3252 Wrightsboro Rd,,Augusta,GA,30909,2937,RICHMOND
Family Dollar 3008,-82.06443,33.467716,3258 Wrightsboro Rd,,Augusta,GA,30909,2937,RICHMOND
Gasworld 7,-82.074257,33.420116,3293 Deans Bridge Rd,,Augusta,GA,30906,7004,RICHMOND
Circle K Store 3179,-82.02626,33.404343,3315 Peach Orchard Rd,,Augusta,GA,30906,4876,RICHMOND
Time Saver Gro #3,-82.006432,33.403236,3333 Mike Padgett Hwy,,Augusta,GA,30906,3784,RICHMOND
Murphy USA 7639,-82.070183,33.468544,3334 Wrightsboro Road,Ste 1,Augusta,GA,30909,,RICHMOND
Flowers Bakery Outlet 630,-82.025429,33.40226,3338 Peach Orchard Rd,,Augusta,GA,30906,4864,RICHMOND
Walmart Supercenter 4144,-82.071495,33.468685,3338 Wrightsboro Rd,,Augusta,GA,30909,2811,RICHMOND
Super Express 5,-82.076866,33.419716,3341 Deans Bridge Rd,,Augusta,GA,30906,4211,RICHMOND
Family Dollar 374,-82.078255,33.418819,3352 Deans Bridge Rd,,Augusta,GA,30906,4222,RICHMOND
AUGUSTA IGA 655,-82.078339,33.419037,3355 Deans Bridge Rd,,Augusta,GA,30906,4260,RICHMOND
Get It To Go,-82.062302,33.447735,3379 Milledgeville Rd,,Augusta,GA,30909,4472,RICHMOND
C Mart,-82.005676,33.399158,3403 Mike Padgett Hwy,,Augusta,GA,30906,6810,RICHMOND
Circle K 2703175,-82.005409,33.397156,3418 Mike Padgett Hwy,,Augusta,GA,30906,,RICHMOND
Express Mart,-82.079025,33.467358,3434 Wrightsboro Rd,,Augusta,GA,30909,2594,RICHMOND
Sprint 900715,-82.005302,33.395222,3444 Mike Padgett Hwy,,Augusta,GA,30906,3857,RICHMOND
Family Dollar 3854,-82.027283,33.391262,3447 Peach Orchard Rd,,Augusta,GA,30906,5168,RICHMOND
Kj's Market-Peach Orchard 606,-82.028694,33.390362,3457 Peach Orchard Rd,,Augusta,GA,30906,5768,RICHMOND
Raceway 6812,-82.085251,33.466274,3481 Wrightsboro Rd,,Augusta,GA,30909,2514,RICHMOND
Vegetable Plate Farmacy NAFMNP,-82.060471,33.403309,3519 Prince Rd,,Augusta,GA,30906,4638,RICHMOND
Circle K 2723737,-82.0774,33.485584,3539 Wheeler Rd,,Augusta,GA,30909,6718,RICHMOND
CIRCLE K 5341,-82.032211,33.372749,3603 Peach Orchard Rd,,Augusta,GA,30906,8958,RICHMOND
Parker's 118,-82.090187,33.482975,3645 Wheeler Rd,,Augusta,GA,30909,6583,RICHMOND
Walgreens 19735,-82.091064,33.481743,3650 Wheeler Rd,,Augusta,GA,30909,6520,RICHMOND
Parker's 110,-81.998566,33.372158,3661 Mike Padgett Hwy,,Augusta,GA,30906,3898,RICHMOND
Good To Go 6,-82.03756,33.366695,3671 Peach Orchard Rd,,Augusta,GA,30906,8958,RICHMOND
Circle K 4463,-81.997147,33.369286,3698 Mike Padgett Hwy,,Augusta,GA,30906,3893,RICHMOND
Family Dollar 4344,-81.996574,33.367863,3709 Mike Padgett Hwy,,Augusta,GA,30906,9771,RICHMOND
FOOD LION 1540,-81.996071,33.367027,3722 Mike Padgett Hwy,,Augusta,GA,30906,9719,RICHMOND
Country Corner 10,-81.995674,33.365238,3735 Mike Padgett Hwy,,Augusta,GA,30906,9771,RICHMOND
Circle K 5365,-82.1017,33.484444,3744 Wheeler Rd,,Augusta,GA,30909,6522,RICHMOND
Split Stop 3745,-82.101822,33.484737,3745 Wheeler Rd,,Augusta,GA,30909,1827,RICHMOND
Family Dollar 11528,-82.044067,33.3577,3764 Peach Orchard Rd,,Augusta,GA,30906,8959,RICHMOND
Sprint 900732,-82.043884,33.358028,3771 Peach Orchard Rd,,Augusta,GA,30906,8961,RICHMOND
Kroger 664,-82.119774,33.448105,3942 Harper Franklin Ave,,Augusta,GA,30909,9195,RICHMOND
Circle K 2703271,-82.117523,33.448833,3947 Harper Franklin Blvd.,,Augusta,GA,30909,,RICHMOND
Am Pm Truckstop5,-81.976044,33.34605,3982 Mike Padgett Hwy,,Augusta,GA,30906,9774,RICHMOND
Sun Food Mart,-82.005852,33.34367,3995 Old Waynesboro Rd,,Augusta,GA,30906,9251,RICHMOND
Parker's 132,-82.131287,33.48098,4099 Jimmie Dyess Parkway,,Augusta,GA,30909,,RICHMOND
DOLLAR GENERAL 18535,-82.116577,33.450436,4107 Madeline Dr,,Augusta,GA,30909,9115,RICHMOND
Olde Town Bp,-81.957726,33.473091,443 Broad St,,Augusta,GA,30901,1519,RICHMOND
Savin Haven,-81.953423,33.309444,4474 Mike Padgett Hwy,,Augusta,GA,30906,9785,RICHMOND
CIRCLE K 3180,-82.030251,33.485413,499 Highland Ave,,Augusta,GA,30909,3742,RICHMOND
Corner Store,-81.997345,33.482765,501 Eve St,,Augusta,GA,30904,4240,RICHMOND
Food Mart,-82.02964,33.484711,502 Highland Ave,,Augusta,GA,30904,4658,RICHMOND
Dollar General 17818,-81.954437,33.261471,5085 Mike Padgett Hwy,,Augusta,GA,30906,9796,RICHMOND
RICHMOND HILL MARKET,-82.034744,33.432388,512 Richmond Hill Rd W,,Augusta,GA,30906,1102,RICHMOND
Discount Food Stop,-81.931671,33.457821,545 Sand Bar Ferry Rd,,Augusta,GA,30901,1939,RICHMOND
Texaco Food Mart,-82.039856,33.486492,601 Bransford Rd,,Augusta,GA,30909,3835,RICHMOND
CIRCLE K 2705378,-82.082893,33.499702,602 Scott Nixon Memorial Dr,,Augusta,GA,30907,2404,RICHMOND
Boundary Market,-81.950539,33.464558,619 E Boundary,,Augusta,GA,30901,2576,RICHMOND
Corner Mini Mart,-81.969742,33.462383,635 Laney Walker Blvd,,Augusta,GA,30901,3015,RICHMOND
Five Star Fuels,-81.924988,33.451443,724 Laney Walker Boulevard Ext,,Augusta,GA,30901,2040,RICHMOND
Laney Walker Farner's Market 1,-81.951401,33.461082,730 E Boundary,,Augusta,GA,30901,2575,RICHMOND
Coliseum,-81.974655,33.469234,808 11th St,,Augusta,GA,30901,2839,RICHMOND
DollarTree 3292,-82.019943,33.523594,818 Cabela Dr,,Augusta,GA,30909,8201,RICHMOND
Costco Wholesale 1102,-82.020348,33.523628,825 Cabela Dr,,Augusta,GA,30909,,RICHMOND
Family Dollar 5438,-81.972122,33.463768,825 Laney Walker Blvd,,Augusta,GA,30901,2949,RICHMOND
Smile Grocery,-82.04966,33.523933,830 Stevens Creek Rd,,Augusta,GA,30907,9251,RICHMOND
DollarTree 7431,-81.973167,33.463402,843 Laney Walker Blvd,,Augusta,GA,30901,2996,RICHMOND
Gas Express LLC 288,-81.971642,33.468792,902 Walton Way,,Augusta,GA,30901,2882,RICHMOND
Turman's Produce,-82.200493,33.296448,109 Carpenter Ln,,Blythe,GA,30805,3402,RICHMOND
Macks Kuntry Store 1,-82.197525,33.308228,3378 GA Highway 88,,Blythe,GA,30805,3612,RICHMOND
Dollar General 16666,-82.198486,33.3074,3404 GA Highway 88,,Blythe,GA,30805,3614,RICHMOND
Am-pm Travel Center,-82.171173,33.329685,4706 Deans Bridge Rd,,Blythe,GA,30805,3501,RICHMOND
Fort Gordon Commissary 315,-82.169167,33.415051,3rd Ave,Bldg 37200,Fort Gordon,GA,30905,,RICHMOND
Carolina Blue Crab And Shrimps Llc 1,-82.175362,33.437164,2979 Gordon Hwy,,Grovetown,GA,30813,3716,RICHMOND
Dollar General 10550,-82.089981,33.315895,2464 GEORGIA HWY 88,,HEPHZIBAH,GA,30815,,RICHMOND
Dollar General 25930,-82.007225,33.256893,1405 Hephzibah McBean Rd,,Hephzibah,GA,30815,4327,RICHMOND
Pine Hill Food Store,-82.014168,33.324226,1680 Brown Rd,,Hephzibah,GA,30815,4451,RICHMOND
DOLLAR GENERAL 6880,-82.015854,33.325294,1718 Brown Rd,,Hephzibah,GA,30815,4404,RICHMOND
Gas Pro Travel Center 203,-82.061996,33.326008,2201 GA Highway 88,,Hephzibah,GA,30815,4634,RICHMOND
Sprint 900712,-82.06559,33.387775,2480 Crosscreek Rd,,Hephzibah,GA,30815,6639,RICHMOND
DOLLAR GENERAL 9523,-82.072784,33.376846,2489 Tobacco Rd,,Hephzibah,GA,30815,5951,RICHMOND
Walgreens 15333,-82.070992,33.377209,2493 Tobacco Rd,,Hephzibah,GA,30815,,RICHMOND
DollarTree 8285,-82.072716,33.376793,2501 Tobacco Rd,,Hephzibah,GA,30815,7191,RICHMOND
Kj' Market-Hephzibah 649,-82.094658,33.313072,2508 Hwy 88,,Hephzibah,GA,30815,,RICHMOND
KJ's Market - Tobacco Rd 613,-82.074013,33.375008,2512 Tobacco Rd,,Hephzibah,GA,30815,7099,RICHMOND
CIRCLE K 3170,-82.081902,33.378605,2574 Tobacco Rd,,Hephzibah,GA,30815,9009,RICHMOND
Amex Mart,-82.082771,33.379234,2579 Tobacco Rd,,Hephzibah,GA,30815,7092,RICHMOND
Lotto Market,-82.100868,33.387043,2762 Tobacco Rd,,Hephzibah,GA,30815,7014,RICHMOND
Kingrich African International Market And Cafe,-82.099472,33.387344,2763 Tobacco Rd,Ste H,Hephzibah,GA,30815,7051,RICHMOND
Family Dollar 6612,-82.101532,33.38818,2809 Tobacco Rd,,Hephzibah,GA,30815,7003,RICHMOND
Crab King Ii,-82.108009,33.390942,2857 Tobacco Rd,Ste 3,Hephzibah,GA,30815,9003,RICHMOND
Dollar General 21393,-82.107147,33.389915,2858 Tobacco Rd,,Hephzibah,GA,30815,7004,RICHMOND
DollarTree 9738,-82.109528,33.390255,2872 Tobacco Rd,,Hephzibah,GA,30815,7004,RICHMOND
Citgo Gas Station,-82.088585,33.410561,2940 Inwood Dr,,Hephzibah,GA,30815,4158,RICHMOND
Pick N Pay,-82.11113,33.391563,3020 Tobacco Rd,,Hephzibah,GA,30815,7008,RICHMOND
Sprint 900709,-82.090775,33.409966,3546 Deans Bridge Rd,,Hephzibah,GA,30815,4111,RICHMOND
Walmart Neighborhood Market 2465,-82.070992,33.378487,3697 Windsor Spring Rd,,Hephzibah,GA,30815,7192,RICHMOND
Pops Lucky Shop,-82.145699,33.259663,3780 Farmers Bridge Rd,,Hephzibah,GA,30815,5504,RICHMOND
Highway 1 Food Mart,-82.131203,33.378216,4002 Deans Bridge Rd,,Hephzibah,GA,30815,5616,RICHMOND
Parker's 125,-82.071815,33.37627,4102 Windsor Spring Rd,,Hephzibah,GA,30815,5910,RICHMOND
Tienda Latina Los Reyes,-82.072472,33.374561,4110 Windsor Spring Rd,Ste E,Hephzibah,GA,30815,8021,RICHMOND
Sai Balaji Inc,-82.074692,33.369087,4150 Windsor Spring Rd,,Hephzibah,GA,30815,5910,RICHMOND
Express Mart #2,-82.075249,33.367332,4212 Windsor Spring Rd,,Hephzibah,GA,30815,5904,RICHMOND
Wally's,-82.077362,33.364101,4250 Windsor Spring Rd,,Hephzibah,GA,30815,5904,RICHMOND
On Track Fuel,-82.085403,33.341164,4505 Windsor Spring Rd,,Hephzibah,GA,30815,5803,RICHMOND
Dollar General 23879,-82.084579,33.34063,4506 Windsor Spring Rd,,Hephzibah,GA,30815,5802,RICHMOND
Family Dollar 4383,-82.094063,33.315502,4825 Windsor Spring Rd,,Hephzibah,GA,30815,4848,RICHMOND
Family Dollar 13105,-81.95565,33.247906,5111 Mike Padgett Hwy,,Hephzibah,GA,30815,4262,RICHMOND
A-one Stores,-81.956383,33.249203,5131 Old Mike Padgett Hwy,,Hephzibah,GA,30815,4262,RICHMOND
Walmart Supercenter 2475,-83.996628,33.652843,1436 DOGWOOD DRIVE,,CONYERS,GA,30013,,ROCKDALE
MATHEWS MARKET PLACE,-84.032997,33.710476,1 Frontier Dr NW,Ste 101,Conyers,GA,30012,3106,ROCKDALE
Conyers Food Mart,-84.018517,33.755917,1001 Pleasant Hill Rd NW,,Conyers,GA,30012,1766,ROCKDALE
One Stop 777,-84.023087,33.669193,1057 West Ave SW,,Conyers,GA,30012,5243,ROCKDALE
Texaco Food Mart,-84.02478,33.673779,1085 Irwin Bridge Rd NW,Ste B,Conyers,GA,30012,4301,ROCKDALE
Chevron Food Mart,-84.025047,33.667904,1113 West Ave SW,,Conyers,GA,30012,5280,ROCKDALE
Bp Food Mart,-83.989609,33.673801,1120 Sigman Rd NE,,Conyers,GA,30012,3806,ROCKDALE
Eastview Food Mart,-83.989014,33.673828,1135 Sigman Road,,Conyers,GA,30012,,ROCKDALE
Family Dollar 4224,-84.026108,33.666752,1163 West Ave SW,,Conyers,GA,30012,5280,ROCKDALE
Mini Food Mart,-84.02478,33.674393,1165 Irwin Bridge Rd NW,,Conyers,GA,30012,4324,ROCKDALE
Conyers Meat Mart,-84.026192,33.665882,1180 West Ave SW,Ste E,Conyers,GA,30012,5254,ROCKDALE
DollarTree 8276,-84.027084,33.666855,1191 West Ave SW,Ste. A,Conyers,GA,30012,,ROCKDALE
Shell Food Mart,-84.027313,33.665295,1202 West Ave SW,,Conyers,GA,30012,5271,ROCKDALE
Ms Krima Business Inc,-84.029396,33.673,1256 Green St SW,,Conyers,GA,30012,5224,ROCKDALE
Supermercado La Moreliana,-83.977287,33.639282,130 N Salem Rd NE,,Conyers,GA,30013,1555,ROCKDALE
Food Mart,-84.0205,33.654732,1325 Parker Rd SE,,Conyers,GA,30094,5958,ROCKDALE
QUICK TRIP 761,-84.032173,33.664623,1340 Klondike Rd SW,,Conyers,GA,30094,5102,ROCKDALE
Ariana De La Moreliana,-84.001907,33.657959,1370 Highway 138 NE,,Conyers,GA,30013,1238,ROCKDALE
CARNICERIA Y TAQUERIA BELLA VISTA 2,-84.001244,33.651184,1373 Iris Dr SE,,Conyers,GA,30013,1768,ROCKDALE
DollarTree 11434,-83.998199,33.654217,1390 Dogwood Dr SE,,Conyers,GA,30013,5039,ROCKDALE
QUIKTRIP 770,-84.004517,33.654411,1395 Highway 138 SE,,Conyers,GA,30013,,ROCKDALE
Quick Spot,-83.976547,33.639511,140 N Salem Rd NE,,Conyers,GA,30013,1555,ROCKDALE
Texaco Food Mart,-84.034721,33.664654,1410 Klondike Rd Sw,Ste F,Conyers,GA,30094,5123,ROCKDALE
Shell Food Mart,-84.007935,33.652176,1437 Highway 138 SE,,Conyers,GA,30013,1286,ROCKDALE
DOLLAR GENERAL 13634,-84.037445,33.631214,1457 Highway 138 SW,,Conyers,GA,30094,2553,ROCKDALE
Flash Foods LLC 2745126,-84.037895,33.630913,1477 Highway 138 SW,,Conyers,GA,30094,2553,ROCKDALE
DOLLAR GENERAL 2893,-84.005524,33.649857,1491 Old Salem Rd SE,,Conyers,GA,30013,1625,ROCKDALE
Salem Market,-84.004219,33.648525,1502 Old Salem Rd SE,Ste A,Conyers,GA,30013,1609,ROCKDALE
Walgreens 7742,-83.996956,33.680798,1510 Milstead Rd NE,,Conyers,GA,30012,,ROCKDALE
J Market,-83.996033,33.664234,1522 Pine Log Rd Ne,Ste G,Conyers,GA,30012,7107,ROCKDALE
CVS PHARMACY 4694,-83.999634,33.683498,1541 Highway 20 NE,,Conyers,GA,30012,3834,ROCKDALE
CARNICERIA LA COSTA,-84.010994,33.64883,1543 Highway 138 SE,,Conyers,GA,30013,5709,ROCKDALE
PUBLIX 1118,-83.997711,33.686939,1591 Highway 20 NE,,Conyers,GA,30012,3834,ROCKDALE
Dollar General 20535,-84.039474,33.686424,1621 Sigman Rd NW,,Conyers,GA,30012,3465,ROCKDALE
Race Trac 2330,-83.987648,33.669186,1744 Highway 138 NE,,Conyers,GA,30013,1262,ROCKDALE
KROGER 320,-84.014503,33.643684,1745 Highway 138 SE,,Conyers,GA,30013,5748,ROCKDALE
Chevron Station #767,-84.013977,33.6432,1776 Highway 138 SE,,Conyers,GA,30013,1282,ROCKDALE
Walgreens 10479,-84.015282,33.63868,1783 Highway 138 SE,,Conyers,GA,30013,1295,ROCKDALE
ALDI 76066,-84.016586,33.637501,1794 GA Hwy 138,,Conyers,GA,30013,,ROCKDALE
BJ's Membership Club 150,-83.985107,33.640926,1800 Dogwood Dr SE,,Conyers,GA,30013,5043,ROCKDALE
Conyers Shell,-83.986305,33.669937,1800 Highway 138 NE,,Conyers,GA,30013,1202,ROCKDALE
Conyers 1801 LLC,-83.985847,33.669346,1801 Highway 138,,Conyers,GA,30013,,ROCKDALE
Jai Jalaram 2024 Llc,-84.04348,33.68671,1801 Sigman Rd NW,,Conyers,GA,30012,3461,ROCKDALE
DollarTree 1427,-84.014481,33.6423,1820 Highway 20 SE,Ste 130,Conyers,GA,30013,2076,ROCKDALE
Neighbourhood Petroleum,-84.047592,33.564545,1827 Hwy 212,,Conyers,GA,30094,,ROCKDALE
Family Dollar 10212,-84.015732,33.640381,1830 Highway 138 SE,,Conyers,GA,30013,2066,ROCKDALE
QuikTrip 833,-84.014381,33.63863,1870 Highway 20 SE,,Conyers,GA,30013,2046,ROCKDALE
1954 Fsr Llc,-83.982155,33.632065,1954 Flat Shoals Rd SE,,Conyers,GA,30013,1808,ROCKDALE
Sigman Food Mart,-84.048904,33.686016,1965 Sigman Rd Nw,Ste 100,Conyers,GA,30012,3459,ROCKDALE
Salem Food Mart,-83.978302,33.633778,2130 Salem Rd SE,,Conyers,GA,30013,1824,ROCKDALE
Crawfish Seafood Market,-83.97628,33.630257,2140 Flat Shoals Rd SE,,Conyers,GA,30013,1812,ROCKDALE
Publix 1411,-84.016281,33.634663,2159 Highway 20 SE,,Conyers,GA,30013,2028,ROCKDALE
Dollar General 23036,-84.016403,33.631645,2209 Highway 20 SE,,Conyers,GA,30013,,ROCKDALE
DollarTree 7836,-83.978615,33.630814,2240 Salem Rd SE,,Conyers,GA,30013,1843,ROCKDALE
Sigman Texaco Food Mart,-84.062088,33.683937,2291 Sigman Rd SW,,Conyers,GA,30012,3450,ROCKDALE
Food Depot 43,-83.977905,33.627934,2300 Salem Rd SE,,Conyers,GA,30013,2020,ROCKDALE
Circle K Sigman,-84.062309,33.682755,2300 Sigman Rd SW,,Conyers,GA,30012,3453,ROCKDALE
Lakeshore Mart,-83.980553,33.705456,2331 Lakeshore Dr NE,,Conyers,GA,30012,2431,ROCKDALE
Taiba Farms,-84.061714,33.692165,2357 Rockaway Industrial Blvd NW,,Conyers,GA,30012,3494,ROCKDALE
QUIKTRIP 802,-83.977196,33.626343,2400 Salem Rd SE,,Conyers,GA,30013,6313,ROCKDALE
La Fiesta Supermercado,-84.043991,33.709156,2442 Lake Rockaway Rd,Ste 200,Conyers,GA,30012,3460,ROCKDALE
INGLES MARKETS 469,-83.976418,33.623051,2455 Salem Rd SE,,Conyers,GA,30013,6316,ROCKDALE
Family Dollar 7671,-83.97657,33.624771,2460 Salem Rd SE,,Conyers,GA,30013,6313,ROCKDALE
El Sol,-84.072372,33.695347,2556 Jeremiah Ind Way SW,,Conyers,GA,30012,4970,ROCKDALE
Family Dollar 11602,-83.959946,33.694271,2601 Highway 138 NE,,Conyers,GA,30013,,ROCKDALE
Dollar General 14624,-84.005013,33.714237,2671 Highway 20 NE,Ga,Conyers,GA,30012,2247,ROCKDALE
Locs And Heritage Farm,-83.95195,33.738136,2730 Bethel Rd NE,,Conyers,GA,30012,1929,ROCKDALE
PUBLIX 1071,-84.08139,33.617302,2880 Highway 212 SW,,Conyers,GA,30094,3349,ROCKDALE
Daredia Investments Inc Food Mart,-84.080322,33.618797,2900 Highway 212 Sw,,Conyers,GA,30094,3355,ROCKDALE
Fatima & Mohan Inc,-84.080643,33.619686,2910 Highway 212 SW,,Conyers,GA,30094,3355,ROCKDALE
TARGET STORE T-2174,-84.014587,33.610863,2950 Highway 20 SE,,Conyers,GA,30013,2736,ROCKDALE
CVS Pharmacy 4542,-84.014984,33.597279,3481 Highway 20 SE,,Conyers,GA,30013,2862,ROCKDALE
Hrh Food & Gas,-84.014328,33.596909,3490 Highway 20 SE,,Conyers,GA,30013,2899,ROCKDALE
Food Depot 64,-84.014641,33.595409,3530 GA Hwy 20 SE,,Conyers,GA,30013,,ROCKDALE
Chevron Food Mart,-84.015755,33.596008,3531 Highway 20 SE,,Conyers,GA,30013,2804,ROCKDALE
One Stop 711,-83.985756,33.751064,4034 Highway 20 NE,,Conyers,GA,30012,1502,ROCKDALE
Discount Meat Market,-84.001396,33.68502,425 Sigman Rd NW,Ste 111,Conyers,GA,30012,3647,ROCKDALE
DollarTree 4300,-84.015686,33.568607,4489 Highway 20 SE,Ste A101,Conyers,GA,30013,,ROCKDALE
Magnet Market,-84.016289,33.567341,4565 Highway 20 SE,,Conyers,GA,30013,4607,ROCKDALE
QUICK STOP SUPERETTE,-84.015137,33.563843,4669 Highway 20 SE,,Conyers,GA,30013,4609,ROCKDALE
Sigman Extramile Inc,-83.973091,33.651459,597 Sigman Rd NE,,Conyers,GA,30013,1311,ROCKDALE
Corner's Edge Butcher Shoppe Of Conyers,-84.015602,33.6427,875 Flat Shoals Rd SE,Ste 140,Conyers,GA,30094,5905,ROCKDALE
Conyers Quickmart,-84.016518,33.664429,955 Green St Se,Ste C,Conyers,GA,30012,5445,ROCKDALE
Robinson's Superette,-84.015327,33.665253,977 S Main St NE,Ste 1A,Conyers,GA,30012,4586,ROCKDALE
Citgo Food Mart,-84.021423,33.688751,990 Sigman Rd NW,Ste B,Conyers,GA,30012,4006,ROCKDALE
Saif Ali Assets Inc,-84.021454,33.643452,995 Flat Shoals Rd SE,,Conyers,GA,30094,5911,ROCKDALE
DOLLAR GENERAL 19040,-83.927742,33.740265,3637 Miller Bottom Rd,,Loganville,GA,30052,3020,ROCKDALE
Stockbridge B P,-84.165039,33.611267,2992 Highway 155 SW,,Stockbridge,GA,30281,5325,ROCKDALE
Sunoco Stop & Shop,-84.100868,33.599968,3496 Highway 138 SW,,Stockbridge,GA,30281,5647,ROCKDALE
Pinewood Springs Farm Llc NAFMNP,-84.128922,33.566723,4320 Bowen Rd SW,,Stockbridge,GA,30281,5702,ROCKDALE
Family Dollar 6162,-84.239494,32.08345,1202 McGarrah Rd,,Americus,GA,31719,7624,SCHLEY
Pond Town Meat Market,-84.30674,32.238205,109 E Oglethorpe St,,Ellaville,GA,31806,3529,SCHLEY
Family Dollar 12721,-84.305092,32.237656,52 Bridges St,,Ellaville,GA,31806,3507,SCHLEY
Dollar General 8011,-84.308762,32.229542,560 S Broad St,,Ellaville,GA,31806,3462,SCHLEY
Piggly Wiggly,-84.306854,32.238953,65 E Oglethorpe St,,Ellaville,GA,31806,3526,SCHLEY
Dollar General 23083,-81.656151,32.878906,101 6th Ave,,Hiltonia,GA,30467,,SCREVEN
Dollar General Store 17339,-81.532043,32.585846,106 Creek Rd,Old,Newington,GA,30446,2616,SCREVEN
Clarke's,-81.506813,32.583347,420 Oliver Hwy,,Newington,GA,30446,2831,SCREVEN
El Cheapo Newington,-81.503487,32.588741,7922 Savannah Hwy,,Newington,GA,30446,2645,SCREVEN
Nouria 4943 Scarboro Highway 746,-81.825874,32.670357,4943 Scarboro Hwy,,Rocky Ford,GA,30455,7201,SCREVEN
Kj's Market-Sylvania 696,-81.644165,32.748478,101 Mims Rd,,Sylvania,GA,30467,1905,SCREVEN
IN & OUT,-81.631081,32.739922,1017 S Main St,,Sylvania,GA,30467,2359,SCREVEN
T&m Super Store,-81.630859,32.739265,1022 S Main St,,Sylvania,GA,30467,2304,SCREVEN
Food Lion 2837,-81.65081,32.732319,1109 W Ogeechee St,,Sylvania,GA,30467,8626,SCREVEN
Starr Meats,-81.633522,32.778931,1176 Burtons Ferry Hwy,,Sylvania,GA,30467,4651,SCREVEN
Short Stop,-81.674316,32.770939,1480 Millen Hwy,,Sylvania,GA,30467,4921,SCREVEN
RUSTYS ONE STOP 2,-81.635788,32.749203,211 S Main St,,Sylvania,GA,30467,2221,SCREVEN
Meet Mini Mart,-81.65712,32.881191,2255 Waynesboro Hwy,,Sylvania,GA,30467,4200,SCREVEN
Walgreens 17421,-81.638344,32.749683,305 W Ogeechee St,,Sylvania,GA,30467,1985,SCREVEN
Family Dollar 226,-81.638618,32.749573,311 W Ogeechee St,,Sylvania,GA,30467,1985,SCREVEN
Dollar General 25214,-81.630989,32.732357,383 Halcyondale Rd,,Sylvania,GA,30467,8505,SCREVEN
DOLLAR GENERAL 7645,-81.6465,32.745819,518 W Ogeechee St,,Sylvania,GA,30467,2203,SCREVEN
Dollar General 16816,-81.704163,32.590672,6509 Statesboro Hwy,,Sylvania,GA,30467,7720,SCREVEN
Amitar,-81.703819,32.590637,6547 Statesboro Hwy,,Sylvania,GA,30467,7720,SCREVEN
Walgreens 17548,-84.883041,31.040962,100 W 3rd St,,Donalsonville,GA,39845,1506,SEMINOLE
PIGGLY WIGGLY 287,-84.880455,31.02973,1000 S Tennille Ave,,Donalsonville,GA,39845,1929,SEMINOLE
Dollar General 13503,-84.852524,30.820992,2659 GA Highway 253,,Donalsonville,GA,39845,5114,SEMINOLE
Quick Buy,-84.878716,31.044855,327 N Tennille Ave,,Donalsonville,GA,39845,1350,SEMINOLE
Mr. Pip's,-84.876289,31.040556,408 E 3rd St,,Donalsonville,GA,39845,1736,SEMINOLE
Family Dollar 930,-84.875847,31.040253,501 E 3rd St,,Donalsonville,GA,39845,1737,SEMINOLE
DOLLAR GENERAL 851,-84.889297,31.026531,907 Marianna Hwy,,Donalsonville,GA,39845,1917,SEMINOLE
Dollar General 24094,-84.878761,31.051868,907 N Tennille Ave,,Donalsonville,GA,39845,1115,SEMINOLE
DOLLAR GENERAL 19451,-84.764381,30.992487,267 E Dunham St,,Iron City,GA,39859,,SEMINOLE
DOLLAR GENERAL 13850,-84.489731,33.254013,7768 Newnan Rd,,Brooks,GA,30205,2511,SPALDING
DOLLAR GENERAL 4572,-84.246323,33.239483,1019 Memorial Dr,,Griffin,GA,30223,4452,SPALDING
Jewred Angus & Produce,-84.26252,33.274792,103 Houston St,,Griffin,GA,30223,1322,SPALDING
Dollar General 30257,-84.258873,33.274174,105 Armstead Cir,,Griffin,GA,30223,1501,SPALDING
Neighbors Mart,-84.271637,33.220585,1121 Zebulon Rd,,Griffin,GA,30224,5161,SPALDING
DollarTree 10678,-84.2714,33.220215,1130 Zebulon Rd,,Griffin,GA,30224,5164,SPALDING
Food Depot 34,-84.283089,33.248211,1201 W Taylor St,,Griffin,GA,30223,2141,SPALDING
GERARO GROCERY STORE,-84.261406,33.268452,1245 N Hill St,,Griffin,GA,30223,1933,SPALDING
Abuzaidieh Inc.,-84.261993,33.270145,1311 N Hill St,,Griffin,GA,30223,1317,SPALDING
Aldi 76101,-84.289001,33.247322,1418 Highway 16 W,,Griffin,GA,30223,2054,SPALDING
La Pinata Mexican Market,-84.288216,33.271278,1424 N Expressway,,Griffin,GA,30223,1753,SPALDING
Griffin Express,-84.290215,33.247505,1447 Georgia Highway 16 W,,Griffin,GA,30223,2040,SPALDING
Murphy USA 7801,-84.291115,33.273434,1469 N. Expressway,,Griffin,GA,30223,,SPALDING
Neighborhood Food Mart,-84.286201,33.272392,1501 Old Atlanta Rd,,Griffin,GA,30223,1259,SPALDING
Nash Food Mart,-84.382477,33.279751,1511 Vaughn Rd,,Griffin,GA,30223,6149,SPALDING
DOLLAR GENERAL 8581,-84.282257,33.204185,1523A Zebulon Rd,,Griffin,GA,30224,,SPALDING
Kroger 619,-84.293976,33.245575,1524 Georgia Highway 16 W,,Griffin,GA,30223,2046,SPALDING
DollarTree 2339,-84.291206,33.274117,1547 N Expressway,,Griffin,GA,30223,1746,SPALDING
Marathon Food Mart 0,-84.290421,33.272957,1566 N Expressway,,Griffin,GA,30223,9013,SPALDING
Walmart SUPERCENTER 932,-84.295792,33.272579,1569 N Expressway,,Griffin,GA,30223,1746,SPALDING
Copeland Grocery,-84.215088,33.241539,1578 High Falls Rd,,Griffin,GA,30223,4620,SPALDING
AM PM EXPRESS,-84.298088,33.225346,1601 Williamson Rd,,Griffin,GA,30224,3932,SPALDING
Walgreens 10632,-84.290115,33.274811,1602 N Expressway,,Griffin,GA,30223,1269,SPALDING
Racetrac 2495,-84.284203,33.197369,1638 Highway 41 Byp S,,Griffin,GA,30224,8869,SPALDING
Citgo Griffin 1639 LLC,-84.261284,33.279335,1639 N Hill St,,Griffin,GA,30223,1320,SPALDING
Flowers Bakery Outlet 165,-84.282387,33.198235,1639 Zebulon Rd,,Griffin,GA,30224,5155,SPALDING
Family Dollar 12213,-84.260803,33.279289,1642 N Hill St,,Griffin,GA,30223,1362,SPALDING
A1 Food Mart 0,-84.260178,33.279575,1650 N Hill St,Ste A,Griffin,GA,30223,1362,SPALDING
Walgreens 18188,-84.282639,33.197727,1655 Zebulon Rd,,Griffin,GA,30224,5155,SPALDING
DOLLAR GENERAL 1325,-84.297272,33.273838,1665 W McIntosh Rd,,Griffin,GA,30223,1717,SPALDING
JV's Corner,-84.284126,33.195335,1700 Zebulon Rd,,Griffin,GA,30224,5104,SPALDING
Dollar General 17521,-84.307846,33.221878,1713 Williamson Rd,,Griffin,GA,30224,5461,SPALDING
INGLES MARKETS 457,-84.284836,33.194305,1735 Zebulon Rd,,Griffin,GA,30224,5103,SPALDING
Food Station,-84.285065,33.193947,1779 Zebulon Rd,,Griffin,GA,30224,5103,SPALDING
Neighbors Mart,-84.283218,33.279282,1911 Old Atlanta Rd,,Griffin,GA,30223,1106,SPALDING
Sunshine Grocery,-84.265602,33.250923,201 W Broadway St,,Griffin,GA,30223,2573,SPALDING
DOLLAR GENERAL 19459,-84.376289,33.30677,21 Bicycle Rd,,Griffin,GA,30223,6104,SPALDING
Five Star Cut Foods,-84.266129,33.250927,213 W Broadway St,,Griffin,GA,30223,2573,SPALDING
Super Food,-84.286728,33.295601,2529 Georgia Highway 3,,Griffin,GA,30223,1105,SPALDING
Highfalls Country Store,-84.18132,33.244801,2662 High Falls Rd,,Griffin,GA,30223,7631,SPALDING
Royal Seven #10,-84.196686,33.291603,2790 E McIntosh Rd,,Griffin,GA,30223,6530,SPALDING
Dollar General 23324,-84.268387,33.177544,2841 Shackleford Rd,,Griffin,GA,30224,,SPALDING
Dollar General Store 17055,-84.290886,33.311398,2897 N Expressway,,Griffin,GA,30223,7202,SPALDING
Expressway Food Mart,-84.290878,33.311718,2903 N Expressway,,Griffin,GA,30223,6497,SPALDING
Jay Mahakali 1080 Inc,-84.289673,33.318604,2995 N Expressway,,Griffin,GA,30223,6497,SPALDING
Jp Griffin 210,-84.232246,33.231884,301 Wilson Rd,,Griffin,GA,30224,4545,SPALDING
Orchard Hill Food Mart,-84.211304,33.185616,3016 Macon Rd,,Griffin,GA,30224,7656,SPALDING
Dollar General 13222,-84.210396,33.185093,3040 Macon Rd,,Griffin,GA,30224,7656,SPALDING
Chevron Foodmart,-84.164871,33.239151,3200 High Falls Rd,,Griffin,GA,30224,7741,SPALDING
Wing-it Deli,-84.263969,33.253056,323 N Hill St,,Griffin,GA,30223,3248,SPALDING
S&m Grocery,-84.339188,33.293766,3244 Fayetteville Rd,,Griffin,GA,30223,6333,SPALDING
Bone Appetit Market,-84.258804,33.25375,331 E Tinsley St,,Griffin,GA,30223,3243,SPALDING
Samtarv Food Pride,-84.263069,33.253334,332 N Hill St,,Griffin,GA,30223,3249,SPALDING
Circle K 2723331,-84.190247,33.292816,3420 Jackson Rd,,Griffin,GA,30223,6625,SPALDING
Dollar General 16757,-84.188919,33.292374,3430 Jackson Rd,,Griffin,GA,30223,6625,SPALDING
Easy Shop Supermarket,-84.273422,33.253792,375 N 13th St,,Griffin,GA,30223,2353,SPALDING
Monoprix Foodmart Llc,-84.287491,33.223183,390 Airport Rd,,Griffin,GA,30224,3966,SPALDING
Aman Food Mart 0,-84.294586,33.339172,3970 N Expressway,,Griffin,GA,30223,5711,SPALDING
Walgreens 19322,-84.264481,33.24416,405 S Hill St,,Griffin,GA,30224,4225,SPALDING
Liberty Gas Station 0,-84.287643,33.256058,436 N Expressway,,Griffin,GA,30223,2019,SPALDING
Dollar General 25856,-84.382889,33.242096,50 Vaughn Rd,,Griffin,GA,30223,6955,SPALDING
Family Dollar 267,-84.27108,33.247234,514 W Taylor St,,Griffin,GA,30223,2820,SPALDING
Marathon,-84.255913,33.2509,515 E Broadway St,,Griffin,GA,30223,3638,SPALDING
H And M Food Mart,-84.273216,33.249081,627 W Solomon St,,Griffin,GA,30223,2738,SPALDING
Southside Seafood,-84.272194,33.243912,630 Meriwether St,,Griffin,GA,30224,4139,SPALDING
678 Hot Shot Llc,-84.288185,33.260674,678 N Expressway,,Griffin,GA,30223,2053,SPALDING
CVS Pharmacy 4404,-84.264244,33.23299,736 S Hill St,,Griffin,GA,30224,4831,SPALDING
Food Depot 57,-84.265419,33.230911,816 S Hill St,,Griffin,GA,30224,4842,SPALDING
Dollar General 6084,-84.276108,33.247379,821 W Taylor St,,Griffin,GA,30223,2721,SPALDING
WILSONS WAREHOUSE,-84.249855,33.250248,830A E Broadway St,,Griffin,GA,30223,3753,SPALDING
Fast Break,-84.261398,33.26226,834 N Hill St,,Griffin,GA,30223,1949,SPALDING
Reeces Farmers Market,-84.276871,33.257217,905 Experiment St,,Griffin,GA,30223,2302,SPALDING
Griffin Foodmart,-84.281944,33.233662,918 Everee Inn Rd,,Griffin,GA,30224,4791,SPALDING
Griffin Convenience Store,-84.277336,33.257717,923 Experiment St,,Griffin,GA,30223,2302,SPALDING
Cleveland Food Mart,-84.266747,33.263371,928 N 9th St,,Griffin,GA,30223,1838,SPALDING
Shell Food Mart 0,-84.277573,33.247051,930 W Taylor St,,Griffin,GA,30223,2606,SPALDING
Harry's Grocery & Deli,-84.277916,33.257687,954 Experiment St,,Griffin,GA,30223,2303,SPALDING
Murphy USA 7285,-83.280251,34.549198,4040 GA Hwy. 17,Ste 1,Eastanollee,GA,30538,,STEPHENS
The Calico Store,-83.133827,34.540047,1056 Holcomb Dr,,Martin,GA,30557,4944,STEPHENS
Stumpy's Food Mart,-83.14669,34.509903,46 Seven Forks Rd,,Martin,GA,30557,4324,STEPHENS
DOLLAR GENERAL 11252,-83.204521,34.505627,9542 Georgia Highway 17,,Martin,GA,30557,2221,STEPHENS
Dollar General 30830,-83.30587,34.569492,1156 Big A Rd,,Toccoa,GA,30577,6011,STEPHENS
INGLES MARKETS 436,-83.304024,34.57056,1197 Big A Rd S,,Toccoa,GA,30577,,STEPHENS
Royal Food Store 26,-83.306778,34.541935,1268 Liberty Hill Rd,,Toccoa,GA,30577,7900,STEPHENS
Toccoa Quality Foods LLC,-83.302254,34.565392,1502 Big A Rd,,Toccoa,GA,30577,6015,STEPHENS
Toccoa Mart,-83.332649,34.577675,156 W Currahee St,,Toccoa,GA,30577,2604,STEPHENS
Raceway947,-83.30027,34.565636,1586 Big A Rd,,Toccoa,GA,30577,6015,STEPHENS
Mountain Mart,-83.313911,34.576424,18 Highway 123,,Toccoa,GA,30577,6297,STEPHENS
2nd Time Around Discount,-83.330177,34.562469,21 Midget Dr,,Toccoa,GA,30577,5869,STEPHENS
Fast & Friendly,-83.257164,34.559666,2245 Rock Creek Rd,,Toccoa,GA,30577,8028,STEPHENS
Royal Food Store 38,-83.281013,34.593971,2344 Highway 123,,Toccoa,GA,30577,3951,STEPHENS
Lucky Food Mart,-83.353188,34.551651,2488 W Currahee St,,Toccoa,GA,30577,3291,STEPHENS
Falls Rd. Convenience Store,-83.356979,34.611599,2646 Falls Rd,,Toccoa,GA,30577,2478,STEPHENS
Foothills Snack Mart,-83.315247,34.579243,265 Big A Rd,,Toccoa,GA,30577,6019,STEPHENS
Chevron Food Mart,-83.326622,34.532658,2668 Mize Rd,,Toccoa,GA,30577,0660,STEPHENS
Bucks Superette,-83.35762,34.611465,2811 Highway 17,,Toccoa,GA,30577,7439,STEPHENS
Dollar General 20313,-83.335373,34.577171,301 W Currahee St,,Toccoa,GA,30577,2625,STEPHENS
Currahee Mart,-83.361877,34.54332,3386 W Currahee St,,Toccoa,GA,30577,8517,STEPHENS
Underdogs,-83.285202,34.555676,3464 Highway 17 Alt,,Toccoa,GA,30577,8865,STEPHENS
Family Dollar 107,-83.311012,34.573578,35 Glendale St,,Toccoa,GA,30577,6309,STEPHENS
Walmart Supercenter 1122,-83.281654,34.550312,3886 Highway 17 S,,Toccoa,GA,30538,3808,STEPHENS
Buddy's Kwik Stop,-83.314651,34.576168,474 Big A Rd,,Toccoa,GA,30577,6004,STEPHENS
Dollar General 30715,-83.23893,34.603745,5306 Highway 123,,Toccoa,GA,30577,8332,STEPHENS
Green Food Mart,-83.205009,34.560566,5820 Rock Creek Rd,,Toccoa,GA,30577,8038,STEPHENS
Country Store,-83.319054,34.588871,628 Prather Bridge Rd,,Toccoa,GA,30577,1734,STEPHENS
Dollar General 15894,-83.337936,34.474194,7220 Mize Rd,,Toccoa,GA,30577,,STEPHENS
DOLLAR GENERAL 948,-83.311913,34.570488,804 Collins Rd,,Toccoa,GA,30577,6386,STEPHENS
Neighborhoods Store,-83.310738,34.572021,816 Big A Rd S,,Toccoa,GA,30577,3810,STEPHENS
Walgreens 12502,-83.310371,34.571419,876 Big A Rd,,Toccoa,GA,30577,6008,STEPHENS
Toccoa Mart,-83.322311,34.553619,953 Mize Rd,,Toccoa,GA,30577,5846,STEPHENS
CVS PHARMACY 4190,-83.308304,34.571255,959 Big A Rd,,Toccoa,GA,30577,6026,STEPHENS
DollarTree 3628,-83.308418,34.571194,978 Big A Rd,,Toccoa,GA,30577,2572,STEPHENS
S-Mart 22,-84.798744,32.051037,1530 Broad St,,Lumpkin,GA,31815,3040,STEWART
Family Dollar 13463,-84.798134,32.051311,1553 Broad St,,Lumpkin,GA,31815,3041,STEWART
Dollar General 16618,-84.792068,32.051079,1913 Broad St,,Lumpkin,GA,31815,3049,STEWART
PIGGLY WIGGLY,-84.673538,32.086285,100 PIGGLY WIGGLY WAY,,RICHLAND,GA,31825,,STEWART
Smart23 0,-84.678017,32.085667,101 Nicholson Rd,,Richland,GA,31825,6621,STEWART
Family Dollar 12990,-84.712303,32.22897,308 Hwy 520,,Richland,GA,31825,7162,STEWART
DOLLAR GENERAL 7950,-84.657394,32.08783,626 Nicholson St,,Richland,GA,31825,6462,STEWART
Pepo's Food Mart #2,-84.244621,32.074184,1011 S Martin Luther King Jr Blvd,,Americus,GA,31719,2915,SUMTER
DOLLAR GENERAL 2123,-84.233093,32.0751,103 W Jefferson St,,Americus,GA,31709,3521,SUMTER
CVS Pharmacy 4672,-84.220604,32.073399,1036 E Forsyth St,,Americus,GA,31709,3722,SUMTER
Food Lion 2222,-84.22908,32.072601,107 Prince St,,Americus,GA,31709,3643,SUMTER
Flash Foods LLC 2745142,-84.217377,32.073647,1101 Crawford St,,Americus,GA,31709,3274,SUMTER
Sam's Danfair Express,-84.245155,32.073635,1101 S Martin Luther King Jr Blvd,,Americus,GA,31719,3465,SUMTER
Quick Trip 2,-84.250526,32.067917,1204 S Martin Luther King Jr Blvd,,Americus,GA,31719,3468,SUMTER
ALDI 82167,-84.21701,32.075603,1208 Crawford St,,Americus,GA,31709,3252,SUMTER
Danfair Express,-84.203735,32.071548,129 GA Highway 27 E,,Americus,GA,31709,5520,SUMTER
SHAKI FOOD,-84.232079,32.070618,137 S Lee St,,Americus,GA,31709,3505,SUMTER
Maruti Food Mart,-84.213226,32.07901,1410 Crawford St,,Americus,GA,31709,3227,SUMTER
Dollar General 4165,-84.213676,32.073513,1412 E Forsyth St,,Americus,GA,31709,3808,SUMTER
DollarTree 1930,-84.213676,32.073513,1480 E Forsyth St,,Americus,GA,31709,3808,SUMTER
Super Shop,-84.239357,32.085381,1505 N Martin Luther King Jr Blvd,,Americus,GA,31719,2288,SUMTER
Mani 1516 Llc,-84.210686,32.080688,1516 Crawford St,,Americus,GA,31709,3296,SUMTER
Sa Express Mart Llc,-84.225807,32.052917,1516 S Lee St,,Americus,GA,31709,4413,SUMTER
KWICKIE/FLASH FOODS 208,-84.225418,32.052017,1533 S Lee St,,Americus,GA,31709,4412,SUMTER
Homerun Foods no.4 104,-84.252724,31.966709,1595 Hwy 19 S,,Americus,GA,31719,9646,SUMTER
Murphy Express 8602,-84.201332,32.063801,1698 E Lamar St,,Americus,GA,31709,5556,SUMTER
Walmart 758,-84.202209,32.060383,1711 E Lamar St,,Americus,GA,31709,5554,SUMTER
Family Dollar 236,-84.214897,32.07188,202 Manhattan St,,Americus,GA,31709,3813,SUMTER
Americus Gas N Go 087,-84.252563,32.063728,202B US Highway 19 S,,Americus,GA,31719,9239,SUMTER
Cost Kutter 497,-84.214897,32.07188,204 Manhattan St,,Americus,GA,31709,3813,SUMTER
SEAFOOD CENTER,-84.233826,32.074261,224 N Jackson St,,Americus,GA,31709,3519,SUMTER
One Stop #99,-84.234344,32.074581,300 N Jackson St,,Americus,GA,31709,3598,SUMTER
Mi Ranchito,-84.21743,32.070545,302 Tripp St,Ste F,Americus,GA,31709,4191,SUMTER
K & K Conv. And Gas,-84.217857,32.069798,311 Tripp St,,Americus,GA,31709,3814,SUMTER
Americus Food & Lotto Llc,-84.236656,32.073288,402 W Forsyth St,,Americus,GA,31709,3436,SUMTER
Get N Go,-84.185493,32.050591,506 US Highway 280 E,,Americus,GA,31709,5402,SUMTER
Pepo Food Mart 4,-84.217163,32.065235,540 Tripp St,,Americus,GA,31709,4336,SUMTER
Walgreens 11106,-84.221161,32.073341,733 E Forsyth St,,Americus,GA,31709,3718,SUMTER
Rubo's 16,-84.244408,32.084774,804 Adderton St,,Americus,GA,31719,2906,SUMTER
DOLLAR GENERAL 10940,-84.244003,32.0853,805 Adderton St,,Americus,GA,31719,2905,SUMTER
Discount Tobacco,-84.211037,32.098873,999 Southerfield Rd,,Americus,GA,31719,8046,SUMTER
Dollar General 10189,-84.084465,31.955559,125 Seaboard St,,Leslie,GA,31764,2681,SUMTER
Leslie Food Mart,-84.08503,31.956432,142 E Federal St,,Leslie,GA,31764,2638,SUMTER
DOLLAR GENERAL 6884,-84.393715,32.032612,118 Ml Hudson St S,,Plains,GA,31780,5660,SUMTER
Dollar General 16920,-84.663689,32.552959,22 Box Springs Spur,,Box Springs,GA,31801,,TALBOT
Dollar General 22737,-84.556526,32.576843,315 Columbus Hwy,,Geneva,GA,31810,,TALBOT
Dollar General 30008,-84.624344,32.838203,1060 Magic Hill Loop,,Shiloh,GA,31826,3651,TALBOT
Dollar General 11563,-84.540009,32.682007,306 N Washington Ave,,Talbotton,GA,31827,2035,TALBOT
Pepo's Food Mart,-84.540443,32.676449,98 S Washington Ave,,Talbotton,GA,31827,2555,TALBOT
Geo Market,-84.56385,32.790493,8188 Manchester Hwy,,Woodland,GA,31836,2028,TALBOT
Jet Food Store 101,-82.90873,33.527748,113 Hello Rd SE,,Crawfordville,GA,30631,4402,TALIAFERRO
Dollar General 16823,-82.908401,33.557064,494 Broad St NW,,Crawfordville,GA,30631,2951,TALIAFERRO
Nouria 176 GA-57 745,-82.13974,32.285332,176 GA Highway 57,,Cobbtown,GA,30420,3610,TATTNALL
Dollar General 18194,-82.139412,32.283638,36870 GA Highway 23,,Cobbtown,GA,30420,3626,TATTNALL
Cobbtwon Mall,-82.138977,32.286831,37065 GA Highway 23,,Cobbtown,GA,30420,3633,TATTNALL
Dollar General 12508,-82.109573,32.179527,225 N Main St,,Collins,GA,30421,1403,TATTNALL
Driggers Country Market 1,-82.112068,32.193336,30520 Hwy 23,,Collins,GA,30421,4151,TATTNALL
Charlies Bp,-82.109596,32.181149,450 N Main St,,Collins,GA,30421,6330,TATTNALL
Walgreens 18185,-81.94725,31.937838,402 S DOWNING MUSCOGEE RD,,GLENNVILLE,GA,30427,,TATTNALL
Parker's 65,-81.92881,31.936905,110 N Veterans Blvd,,Glennville,GA,30427,2048,TATTNALL
Nouria 11223 Georgia Highway 23 771,-81.980774,31.973841,11223 Hwy 23,,Glennville,GA,30427,6835,TATTNALL
Dollar General 31179,-81.979523,31.97455,11236 Hwy 169,,Glennville,GA,30427,6862,TATTNALL
Dollar General 23884,-81.93689,31.921408,1199 S Veterans Blvd,,Glennville,GA,30427,2864,TATTNALL
DOLLAR GENERAL 20135,-81.913612,32.02858,13727 Hwy 301,,Glennville,GA,30427,8105,TATTNALL
Fast Track,-81.918549,31.888683,2540B GA Highway 196,,Glennville,GA,30427,3655,TATTNALL
Nouria 301 South Main Street 754,-81.930092,31.932953,301 S Main St,,Glennville,GA,30427,1769,TATTNALL
Family Dollar 845,-81.930092,31.933327,306 S Veterans Blvd,,Glennville,GA,30427,1770,TATTNALL
B&T's Fresh Market 2790,-81.930107,31.933283,312 S Veterans Blvd,,Glennville,GA,30427,1770,TATTNALL
Corner Stop,-81.92794,31.939789,316 N Veterans Blvd,,Glennville,GA,30427,2052,TATTNALL
Kirklands Seafood Market,-81.929726,31.93911,403 W Mann St,,Glennville,GA,30427,1907,TATTNALL
Dollar General 3267,-81.927574,31.940269,404 N Veterans Blvd,,Glennville,GA,30427,2054,TATTNALL
Cowford County Store,-82.106964,31.92141,4073 GA Highway 178,,Glennville,GA,30427,4925,TATTNALL
Jet Food Store 79,-81.930992,31.931101,502 S Main St,,Glennville,GA,30427,1774,TATTNALL
Tison's Corner,-82.03376,31.923641,6068 GA Highway 169,,Glennville,GA,30427,5101,TATTNALL
Nouria 649 West Barnard Street 759,-81.937889,31.939388,649 W Barnard St,,Glennville,GA,30427,1905,TATTNALL
Roger Country Store,-81.897652,31.923735,947A GA Highway 144,,Glennville,GA,30427,3327,TATTNALL
Dollar General 30834,-82.343307,32.050755,254 Highway 56,,Lyons,GA,30436,7604,TATTNALL
DOLLAR GENERAL 3643,-82.116837,32.08712,102 E BRAZWELL ST,PO BOX 1877,Reidsville,GA,30453,,TATTNALL
La Joya Market 2,-82.123489,32.08102,106 Market Ave,,Reidsville,GA,30453,4430,TATTNALL
DollarTree 6966,-82.118088,32.088284,114 N Main St,,Reidsville,GA,30453,4800,TATTNALL
Nouria 115 West Brazell Street 751,-82.118279,32.085896,115 W Brazell St,,Reidsville,GA,30453,4449,TATTNALL
Jackie's Food Mart,-82.114754,32.084431,153 S Main St,,Reidsville,GA,30453,4705,TATTNALL
Discount Beverage,-82.113235,32.082367,191 S Main St,,Reidsville,GA,30453,4600,TATTNALL
El Cheapo 34,-82.123795,32.081299,203 W Brazell St,,Reidsville,GA,30453,4404,TATTNALL
Dollar General 24922,-82.110565,32.080235,228 S Main St,,Reidsville,GA,30453,4602,TATTNALL
Food Lion 2812,-82.109985,32.079334,246 S Main St,,Reidsville,GA,30453,4662,TATTNALL
Nouria 256 Brumby Avenue 743,-82.115974,32.08522,256 W Brumby Ave,,Reidsville,GA,30453,4740,TATTNALL
One Stop,-82.128288,32.08091,260 W Brazell St,,Reidsville,GA,30453,4403,TATTNALL
Reidsville Food Mart,-82.130119,32.080574,279 W Brazell St,,Reidsville,GA,30453,4410,TATTNALL
Family Dollar 6059,-84.238457,32.553349,215 S Broad St,,Butler,GA,31006,0425,TAYLOR
D & D Pitstop,-84.23864,32.559395,22 N Poplar St,,Butler,GA,31006,4506,TAYLOR
A And Z Food Mart Llc,-84.23896,32.574821,242 Thomaston Hwy,,Butler,GA,31006,4114,TAYLOR
DOLLAR GENERAL 4966,-84.238907,32.555058,46 S Broad St,,Butler,GA,31006,5523,TAYLOR
Butler Piggly Wiggly,-84.238457,32.553349,53 S Broad St,,Butler,GA,31006,5522,TAYLOR
Allens Supermarket,-84.236191,32.557491,6 N Ivy St,,Butler,GA,31006,5239,TAYLOR
JP Butler 1287,-84.23967,32.552677,61 S Broad St,,Butler,GA,31006,5522,TAYLOR
DOLLAR GENERAL 5725,-84.09948,32.559155,30 W Marion St,,Reynolds,GA,31076,2806,TAYLOR
Reynolds Supermarket,-84.097122,32.557751,9 W Marion St,,Reynolds,GA,31076,2843,TAYLOR
DollarTree 6745,-82.911911,32.072201,178 Eighth St,,Helena,GA,31037,3846,TELFAIR
DOLLAR GENERAL 18614,-82.978699,31.812487,6 E Dogwood Dr,,Jacksonville,GA,31544,1753,TELFAIR
Dollar General 30646,-82.681946,31.934242,205 US Highway 341,,LUMBER CITY,GA,31549,,TELFAIR
Flash Foods LLC 2745072,-82.679077,31.928576,316 Highway 341 S,,LUMBER CITY,GA,31549,,TELFAIR
Lumber City Iga,-82.681465,31.933315,3288 E Golden Isles Hwy,,Lumber City,GA,31549,3048,TELFAIR
Mac's Food,-82.680817,31.931847,3308 E Golden Isles Hwy,,Lumber City,GA,31549,3052,TELFAIR
Flash Foods LLC 27431,-82.909103,32.069817,805 W Oak St,,MC Rae,GA,31055,1532,TELFAIR
Quickstop 2,-82.913055,32.073135,192 Eighth St,,MC Rae Helena,GA,31037,3846,TELFAIR
Friendly Gus 27,-82.881401,32.061401,207 E Oak St,,MC Rae Helena,GA,31055,4342,TELFAIR
Marathon Food Mart,-82.909904,32.050632,374 S Third Ave,,MC Rae Helena,GA,31055,4934,TELFAIR
Ez Stop,-82.903336,32.069019,66 W Oak St,,MC Rae Helena,GA,31055,4332,TELFAIR
Dollar General 3982,-82.90757,32.069462,125 W Oak St,,McRae Helena,GA,31055,4334,TELFAIR
Jacks Mart,-82.909767,32.069504,129 Eighth St,,McRae Helena,GA,31037,3847,TELFAIR
Quick Stop 1,-82.904976,32.057545,199 S Third Ave,,McRae Helena,GA,31055,4901,TELFAIR
La Gloria 1,-82.89962,32.068478,25 W Mlk Jr Blvd,,McRae Helena,GA,31055,4150,TELFAIR
Piggly Wiggly,-82.893959,32.065819,48 E Oak St,,McRae Helena,GA,31055,4337,TELFAIR
Rkrishna 2019 Inc,-82.891296,32.065128,89 E Oak St,,McRae Helena,GA,31055,4336,TELFAIR
DOLLAR GENERAL 7047,-83.063263,32.017418,1886 W US Highway 280,,Milan,GA,31060,9514,TELFAIR
MANDERS & MIMS,-84.434715,31.771927,1035 Johnson St SE,,Dawson,GA,39842,1840,TERRELL
Fast Track,-84.433723,31.760689,1066 Forrester Dr SE,,Dawson,GA,39842,2109,TERRELL
Cost Kutter 439,-84.447708,31.771681,279 S Main St,,Dawson,GA,39842,1427,TERRELL
Dawson Peddler,-84.446571,31.770525,388 S Main St,,Dawson,GA,39842,1430,TERRELL
Family Dollar 1307,-84.446411,31.769442,418 S Main St,,Dawson,GA,39842,1703,TERRELL
A & H Food Mart N/A,-84.447693,31.769329,432 Roundtree Dr SW,,Dawson,GA,39842,1900,TERRELL
B&T's Food Fresh 13,-84.449127,31.769558,433 Roundtree Dr SW,,Dawson,GA,39842,1933,TERRELL
Dawson Foods,-84.446144,31.777992,516 N Main St,,Dawson,GA,39842,1024,TERRELL
DOLLAR GENERAL 2869,-84.441193,31.762548,649 Forrester Dr SE,,Dawson,GA,39842,2008,TERRELL
Loc Stop Travel Center,-84.440102,31.762224,735 Forrester Dr SE,,Dawson,GA,39842,2010,TERRELL
Circle K 2723903,-84.445984,31.782532,742 N Main St,,Dawson,GA,39842,,TERRELL
Kountry Corner,-84.341843,31.712311,8123 Albany Hwy,,Dawson,GA,39842,4752,TERRELL
Dollar General 22885,-84.446449,31.784779,865 Martin Luther King Jr Dr,,Dawson,GA,39842,1040,TERRELL
Luckies,-84.524918,31.904728,9416 Columbus Hwy,,Parrott,GA,39877,5156,TERRELL
Dollar General 31473,-84.348587,31.719318,127 US Hwy 82,,Sasser,GA,39885,,TERRELL
Murphy Boston Inc,-83.7892,30.79204,118 E Jefferson St,,Boston,GA,31626,3678,THOMAS
Dollar General 11759,-83.799919,30.799019,19850 Hwy 84 E,,Boston,GA,31626,,THOMAS
Jenshir Llc,-83.787384,30.791849,232 E Jefferson St,,Boston,GA,31626,3600,THOMAS
Coolidge Food Champ,-83.866158,31.01454,3023 N Pine St,,Coolidge,GA,31738,3219,THOMAS
Dollar General 10314,-83.865089,31.016411,4035 N Pine St,,Coolidge,GA,31738,3215,THOMAS
Meigs Food Mart 2,-84.088371,31.073063,3079 E Depot St,,Meigs,GA,31765,,THOMAS
Dollar General 11985,-84.080475,31.077345,34185 Highway 19 N,,Meigs,GA,31765,,THOMAS
Qdj Farms Llc,-84.077049,31.069151,465 Palmer Rd,,Meigs,GA,31765,4767,THOMAS
GEORGE'S FOOD MART IGA,-84.053322,30.973654,1015 S Main St,,Ochlocknee,GA,31773,2528,THOMAS
T&J's Country Store,-84.059486,30.98089,3893 Dollar Store Rd,,Ochlocknee,GA,31773,4404,THOMAS
Dollar General 15151,-84.058846,30.979656,5085 N Main St,,Ochlocknee,GA,31773,3244,THOMAS
DOLLAR GENERAL 8279,-83.739693,30.959864,2062 E Harris St,,Pavo,GA,31778,,THOMAS
Pavo Grocery Store,-83.728378,30.959597,3086 Harris St,,Pavo,GA,31778,,THOMAS
Pantry 1,-83.740311,30.902975,9083 GA Highway 33,,Pavo,GA,31778,3257,THOMAS
Walmart 889,-83.944824,30.859999,15328 US HIGHWAY 19 S,,THOMASVILLE,GA,31757,,THOMAS
Circle K 2723897,-83.940041,30.835188,10317 Highway 84 E,,Thomasville,GA,31757,,THOMAS
Krishna's Corner,-83.992126,30.824183,1060 W Jackson St,,Thomasville,GA,31792,6337,THOMAS
Pmj Food Mart 2,-83.9944,30.849085,107 Albany Rd,,Thomasville,GA,31792,,THOMAS
Hubbard's Country Meat Market,-83.977219,30.833475,108 Gordon Ave,,Thomasville,GA,31792,1800,THOMAS
DOLLAR GENERAL 7956,-83.992989,30.823551,1106 W Jackson St,,Thomasville,GA,31792,6315,THOMAS
Dollar General 15190,-83.928291,30.830013,11200 Highway 84 E,,Thomasville,GA,31757,,THOMAS
Walgreens 11794,-83.948044,30.861057,11343 US Highway 319 N,,Thomasville,GA,31757,3419,THOMAS
Murphy Express 8746,-83.942863,30.8643,11471 Highway 319 N,,Thomasville,GA,31757,,THOMAS
DOLLAR GENERAL 1904,-83.961571,30.850433,1225 E Jackson St,,Thomasville,GA,31792,4748,THOMAS
Susie Q's 2,-83.935844,30.876001,12609 US Highway 319 N,,Thomasville,GA,31757,2445,THOMAS
Susie Q's 1,-83.931984,30.881378,13091 US Highway 319 N,,Thomasville,GA,31757,2136,THOMAS
Tee & JS Open Market,-83.931564,30.882103,13141 US Highway 319 N,,Thomasville,GA,31757,2135,THOMAS
Publix 1498,-83.944016,30.838537,13775 Highway 19 S,,Thomasville,GA,31792,,THOMAS
Food Lion 2806,-83.957298,30.853296,1404 E Jackson St,,Thomasville,GA,31792,3937,THOMAS
CVS Pharmacy 4515,-83.945702,30.852377,14857 US Highway 19 S,,Thomasville,GA,31792,4870,THOMAS
Dollar General 8265,-83.946548,30.856499,15187 US Highway 19 S,,Thomasville,GA,31792,4853,THOMAS
Susie Q's 27,-83.953758,30.85634,1527 E Jackson St,,Thomasville,GA,31792,3940,THOMAS
DollarTree 1731,-83.946899,30.857981,15298 US Highway 19 S,,Thomasville,GA,31757,4821,THOMAS
ALDI 82072,-83.953339,30.854834,1530 E Jackson Street,,Thomasville,GA,31792,,THOMAS
Flash Foods LLC 274277,-83.947426,30.85821,15329 US Highway 19 S,,Thomasville,GA,31792,4866,THOMAS
Dollar General 30838,-83.953857,30.834875,1600 Smith Ave,,Thomasville,GA,31792,5742,THOMAS
SunStop 889,-83.955589,30.870901,16375 Hwy 19 N,,Thomasville,GA,31792,,THOMAS
The Bread Wagon,-83.974739,30.903568,19133 Hwy 19 N,,Thomasville,GA,31792,,THOMAS
Dollar General 24600,-83.976532,30.906712,19440 Hwy 19 N,,Thomasville,GA,31757,,THOMAS
Family Dollar 9020,-83.948975,30.834478,2004 Smith Ave,,Thomasville,GA,31792,5752,THOMAS
Easy In & Out,-83.94754,30.835548,2103 Smith Ave,,Thomasville,GA,31792,5738,THOMAS
Neelkanth Llc,-84.002396,30.931515,21967 US Highway 19 N,,Thomasville,GA,31792,9001,THOMAS
Flash Foods LLC 274280,-83.947624,30.846901,2267 E Pinetree Blvd,,Thomasville,GA,31792,4824,THOMAS
Flowers Bakery Outlet 91,-83.979156,30.834919,236 S Madison St,,Thomasville,GA,31792,5479,THOMAS
Raceway 6999,-84.00222,30.868692,2500 Hwy 84 Bypass,,Thomasville,GA,31792,,THOMAS
Thomasville Travel Center,-83.99807,30.869057,2685 US Highway 84 Byp W,,Thomasville,GA,31792,3599,THOMAS
Walgreens 19880,-83.978218,30.835409,301 S Broad St,,Thomasville,GA,31792,5546,THOMAS
BOB & JEFF'S IGA,-83.97551,30.835598,309 Smith Ave,,Thomasville,GA,31792,5534,THOMAS
Grannys Country Store,-83.97506,30.835196,316 Smith Ave,,Thomasville,GA,31792,5533,THOMAS
Lotto Corner,-83.978966,30.825439,402 Magnolia St,,Thomasville,GA,31792,6556,THOMAS
Susie Q's 3,-83.97538,30.903614,4616 County Line Rd,,Thomasville,GA,31792,7982,THOMAS
Shikotar Llc,-83.985069,30.841263,501 N Madison St,,Thomasville,GA,31792,5040,THOMAS
Herd And Passel,-83.969925,30.835085,502 Smith Ave,Building 88,Thomasville,GA,31792,,THOMAS
Lewis Produce Inc 2292266271,-83.96991,30.835493,502 Smith Ave,Ste 71,Thomasville,GA,31792,5662,THOMAS
Harpers Seafood Fresh Market 0,-83.984718,30.832268,526 W Jackson St,,Thomasville,GA,31792,5903,THOMAS
Wright Street Mini Market,-83.980659,30.82667,528 Wright St,,Thomasville,GA,31792,6583,THOMAS
Marathon Marketplace,-83.991631,30.837938,549 W Calhoun St,,Thomasville,GA,31792,5020,THOMAS
Dollar General 12936,-83.986244,30.842537,607 N Madison,,Thomasville,GA,31792,,THOMAS
Flash Foods LLC 274278,-84.000443,30.816114,6358 US Highway 319 S,,Thomasville,GA,31792,8862,THOMAS
Jackson Pantry,-83.985878,30.830111,636 W Jackson St,,Thomasville,GA,31792,5955,THOMAS
Dollar General 16653,-83.931267,30.879244,69 Duran Drive,,Thomasville,GA,31757,,THOMAS
Family Dollar 6132,-83.986092,30.828911,718 W Jackson St,,Thomasville,GA,31792,5957,THOMAS
EZ Foodmart,-83.390793,31.418657,2494 Us Hwy 82 E,,Brookfield,GA,31727,,TIFT
Dollar General 20112,-83.54274,31.548378,3258 US Highway 41 N,,Chula,GA,31733,4100,TIFT
Expressway Food Mart,-83.546364,31.549849,3336 US Highway 41 N,,Chula,GA,31733,4102,TIFT
Dixie Food Store,-83.488686,31.557121,5070 GA Highway 125 N,,Chula,GA,31733,4310,TIFT
Omega Prime Meats & Produce LLC,-83.595673,31.339315,244 Oak St,,Omega,GA,31775,3087,TIFT
Dollar General 9481,-83.591156,31.344025,5440 N Alabama Ave,,Omega,GA,31775,3054,TIFT
DollarTree 8004,-83.594643,31.340744,5500 N Alabama Ave,,Omega,GA,31775,3059,TIFT
Omega Food,-83.596565,31.339415,5530 Alabama Ave,,Omega,GA,31775,3059,TIFT
Video Tienda Jesus Maria 1,-83.597603,31.339043,5544 Alabama Ave,,Omega,GA,31775,3059,TIFT
Dollar General 22277,-83.562233,31.479925,10 Upper ty ty Rd,,Tifton,GA,31793,5101,TIFT
Bp Quick Change 82,-83.527435,31.458382,1001 2nd St W,,Tifton,GA,31794,7917,TIFT
Flash Foods LLC 2745083,-83.527016,31.462727,1002 8th St W,,Tifton,GA,31794,3807,TIFT
Flowers Bakery Outlet 98,-83.49131,31.406658,101 Magnolia Dr S,,Tifton,GA,31794,8045,TIFT
Marathon Gas,-83.527649,31.457584,1010 2nd St W,,Tifton,GA,31794,7940,TIFT
R & K Food Store,-83.495262,31.455193,1020 Ferry Lake Rd,,Tifton,GA,31794,,TIFT
LaRosa,-83.519417,31.461153,110 6th St W,,Tifton,GA,31794,4332,TIFT
Bobs Quick Stop,-83.53157,31.458553,1101 King Rd,,Tifton,GA,31793,8089,TIFT
Dollar General 25165,-83.493095,31.456078,1103 Ferry Lake Rd,,Tifton,GA,31794,1789,TIFT
Lil Pantry,-83.492348,31.456371,1105 Ferry Lake Rd,,Tifton,GA,31794,1789,TIFT
CVS Pharmacy 4514,-83.507248,31.460251,111 8th St E,,Tifton,GA,31794,4099,TIFT
Flash Foods LLC 2745157,-83.493065,31.448673,1203 Highway 82 W,,Tifton,GA,31794,,TIFT
Cost Kutter 499,-83.527069,31.455677,121 Virginia Ave S,,Tifton,GA,31794,8077,TIFT
Curtis Foods,-83.505753,31.44318,1215 Main St S,,Tifton,GA,31794,5319,TIFT
Dollar General 7969,-83.526184,31.455679,125 Virginia Ave S,,Tifton,GA,31794,8027,TIFT
SN Food Mart,-83.492599,31.442009,127 Tifton Eldorado Rd,,Tifton,GA,31794,9695,TIFT
DOLLAR GENERAL 10931,-83.487251,31.445341,1290 US Highway 82 E,,Tifton,GA,31794,9444,TIFT
Ponder Meats & Produce Llc,-83.486771,31.44565,1294 US Highway 82 E,,Tifton,GA,31794,9444,TIFT
Main Street Beverage,-83.506805,31.444614,1310 Main St S,,Tifton,GA,31794,5331,TIFT
Friendly Express 101,-83.534546,31.448502,1310 US Highway 82 W,,Tifton,GA,31793,8055,TIFT
GT Point,-83.518227,31.445955,1313 Ridge Ave S,,Tifton,GA,31794,5249,TIFT
Lil Pantry #8,-83.503151,31.464714,1415 Tift Ave N,,Tifton,GA,31794,3546,TIFT
DollarTree 10275,-83.50354,31.467632,1442 Tift Ave N,,Tifton,GA,31794,3545,TIFT
From The Fields Meat & Processing,-83.51487,31.454014,147 Ridge Ave S,,Tifton,GA,31794,4734,TIFT
Nita's Food Mart,-83.515755,31.443544,1520 Central Ave S,,Tifton,GA,31794,5273,TIFT
Speedy 10,-83.486282,31.441416,1602 Tifton Ave N,,Tifton,GA,31794,,TIFT
DollarTree 1359,-83.526489,31.453341,161 Virginia Ave S,,Tifton,GA,31794,8022,TIFT
DOLLAR GENERAL 2470,-83.503571,31.470028,1618 Tift Ave N,,Tifton,GA,31794,,TIFT
Fastrac 8 3,-83.546814,31.45026,1650 Carpenter Rd S,,Tifton,GA,31793,7962,TIFT
Love' Travel Stops & Country Stores Inc 325,-83.502975,31.415298,178 Southwell Blvd,,Tifton,GA,31794,9683,TIFT
ALDI 76141,-83.541756,31.447445,1805 US Highway 82 W,,Tifton,GA,31793,8165,TIFT
DOLLAR GENERAL 4315,-83.519066,31.472445,1807 US Highway 41 N,,Tifton,GA,31794,3207,TIFT
Walmart Neighborhood Market 5198,-83.503136,31.471722,1810 Tift Ave N,,Tifton,GA,31794,3542,TIFT
Walmart Supercenter 1072,-83.543053,31.445675,1830 US Highway 82 W,,Tifton,GA,31793,8164,TIFT
Murphy USA 7743,-83.542709,31.445101,1852 US Highway 82 W,,Tifton,GA,31794,,TIFT
Friendly Express 102,-83.504501,31.472803,208 20th St E,,Tifton,GA,31794,3518,TIFT
Bay Station Llc,-83.50592,31.442263,2106 Main St S,,Tifton,GA,31794,5804,TIFT
Food Lion 2800,-83.519478,31.475344,2201 A US Highway 41 N,,Tifton,GA,31794,,TIFT
Georgia Best Foods,-83.519432,31.480114,2202 Us Hwy 41 N,Suite B,Tifton,GA,31794,,TIFT
Dollar General 15196,-83.393845,31.42004,2504 US Highway 82 E,,Tifton,GA,31794,9262,TIFT
1st Choice,-83.503357,31.479511,2640 Tift Ave N,,Tifton,GA,31794,1820,TIFT
DOLLAR GENERAL 14144,-83.505135,31.439478,2704 US Highway 41 S,,Tifton,GA,31794,5852,TIFT
Route 82 Truck Stop,-83.506897,31.450233,306 5th St E,,Tifton,GA,31794,4901,TIFT
Blue Devils Corner 1,-83.545601,31.470385,31 Carpenter Rd N,STE A,Tifton,GA,31793,7844,TIFT
Nouria 311 East 5th Street 839,-83.506355,31.451303,311 5th St E,,Tifton,GA,31794,4956,TIFT
A And N Food Mart,-83.516487,31.43218,3119 Central Ave S,,Tifton,GA,31794,5438,TIFT
CVS Pharmacy 4678,-83.501984,31.472748,320 East 20th Street,,Tifton,GA,31794,3542,TIFT
Dollar General 6207,-83.548103,31.444923,3306 US Highway 82 W,,Tifton,GA,31793,6857,TIFT
Roberson Farms,-83.593971,31.52463,35 Hickory Spring Church Rd,,Tifton,GA,31793,5218,TIFT
Quick Buys 142,-83.47419,31.407763,372 GA Highway 125 S,,Tifton,GA,31794,8892,TIFT
El Mercadito 11,-83.518639,31.450844,404 7th St W,,Tifton,GA,31794,4710,TIFT
Dollar General 30819,-83.536499,31.416292,4172 US Highway 319 S,,Tifton,GA,31793,8400,TIFT
Blue Devils Corner 2,-83.500496,31.504086,4310 GA Highway 125 N,,Tifton,GA,31794,1941,TIFT
Pilot Travel Center 192,-83.505203,31.437962,4431 Old Union Rd,,Tifton,GA,31794,8330,TIFT
CIRCLE K 2707255,-83.517197,31.428873,4440 Union Rd,,Tifton,GA,31794,8331,TIFT
Elm Mart,-83.502083,31.447058,520 Elm St,,Tifton,GA,31794,4919,TIFT
Shell Travel Center,-83.529778,31.441057,603 Old Omega Rd,,Tifton,GA,31793,8372,TIFT
Family Dollar 384,-83.508286,31.459444,614 Love Ave,,Tifton,GA,31794,4406,TIFT
Walgreens 10833,-83.506737,31.458984,615 Love Ave,,Tifton,GA,31794,4405,TIFT
Publix 1422,-83.528481,31.462614,620 Virginia Ave N,,Tifton,GA,31794,4227,TIFT
Browns Seafood,-83.513252,31.448868,711 Central Ave S,,Tifton,GA,31794,5212,TIFT
Flash Foods LLC 274166,-83.525398,31.450684,802 7th St W,,Tifton,GA,31794,8025,TIFT
Murphy USA 8615,-83.526382,31.451185,813 W. 7th Street,,Tifton,GA,31794,,TIFT
Willis Meat Market,-83.514076,31.448004,910 Central Ave S,,Tifton,GA,31794,5215,TIFT
Pepi's Food Mart,-83.518372,31.472967,921 20th St W,,Tifton,GA,31794,3345,TIFT
ESCO'S FOOD STORE #5,-83.6492,31.471693,4623 Highway 82 West # 5,,Ty Ty,GA,31795,3152,TIFT
Dollar General 12054,-83.652328,31.471807,4716 US Highway 82 W,,Ty Ty,GA,31795,3001,TIFT
Parkers 46,-82.339821,32.203281,113 Oxley Dr,,Lyons,GA,30436,5644,TOOMBS
Friendly In & Out,-82.333839,32.171436,1425 US Highway 1 S,,Lyons,GA,30436,6927,TOOMBS
Dollar General Market 14022,-82.322136,32.205841,160 N State St,,Lyons,GA,30436,1337,TOOMBS
Stop N Shop,-82.321213,32.202232,161 S State St,,Lyons,GA,30436,1542,TOOMBS
Family Dollar 3073,-82.327789,32.199814,170 S Victory Dr,,Lyons,GA,30436,1444,TOOMBS
THRIFTWAY FOOD STORE,-82.327164,32.199795,178 S Victory Dr,,Lyons,GA,30436,1444,TOOMBS
Fast Break,-82.321678,32.202839,200 S State St,,Lyons,GA,30436,1585,TOOMBS
The Pantry Shelf,-82.322845,32.209034,273 N State St,,Lyons,GA,30436,7214,TOOMBS
Nouria 277 West Liberty Avenue 748,-82.32695,32.20171,277 W Liberty Ave,,Lyons,GA,30436,1433,TOOMBS
Aman Quik Stop,-82.315094,32.205276,305 NE Broad St,,Lyons,GA,30436,1307,TOOMBS
DOLLAR GENERAL 19395,-82.33065,32.17009,6 Candy Cane Ln,,Lyons,GA,30436,3949,TOOMBS
Nouria 612 South State Street 752,-82.326508,32.192383,612 S State St,,Lyons,GA,30436,7031,TOOMBS
Pops General Store,-82.347626,32.046688,6375 US Highway 1 S,,Lyons,GA,30436,5959,TOOMBS
Toombs County Farmers Market,-82.345367,32.202454,835 W Liberty Ave,,Lyons,GA,30436,5620,TOOMBS
Cedar Crossing Grocery,-82.407219,32.023071,2193 GA Highway 56 W,,Uvalda,GA,30473,4009,TOOMBS
Flash Foods LLC 274290,-82.408325,32.224945,101 North St E,,Vidalia,GA,30474,3855,TOOMBS
Taylors Fresh Seafood,-82.411957,32.219345,105 McIntosh St,,Vidalia,GA,30474,3106,TOOMBS
Parkers 51,-82.40464,32.215096,105 Queen St,,Vidalia,GA,30474,4230,TOOMBS
DOLLAR GENERAL 6250,-82.411606,32.219467,109 McIntosh St,,Vidalia,GA,30474,3106,TOOMBS
Food Lion 2813,-82.401131,32.212376,1101 E 1st St,,Vidalia,GA,30474,4205,TOOMBS
Family Dollar 241,-82.401085,32.211319,1101H E 1st St,,Vidalia,GA,30474,4205,TOOMBS
CVS PHARMACY 7717,-82.399406,32.211952,1201 E 1st St,,Vidalia,GA,30474,5500,TOOMBS
Los Paisas Market,-82.395454,32.217606,1201 North St E,,Vidalia,GA,30474,8661,TOOMBS
Nouria 1401 East First Street 591,-82.396461,32.211151,1401 E 1st St,,Vidalia,GA,30474,5502,TOOMBS
Fast Break,-82.389511,32.210388,1709 E 1st St,,Vidalia,GA,30474,8802,TOOMBS
MCLEMORE'S ABATTOIR,-82.40963,32.19334,1912 Center Dr,,Vidalia,GA,30474,9317,TOOMBS
El Centenario Tienda Mexicana,-82.3722,32.205212,201 Michael Collins Dr,,Vidalia,GA,30474,8847,TOOMBS
Flash Foods LLC 274259,-82.402534,32.212627,201 Smith St,,Vidalia,GA,30474,4226,TOOMBS
Gas & Go,-82.415955,32.218185,202 Adams St,,Vidalia,GA,30474,4806,TOOMBS
Jani's Mart,-82.409142,32.249054,2432 GA Highway 297,,Vidalia,GA,30474,8300,TOOMBS
Nouria 2501 East 1st Street 756,-82.377464,32.206814,2501 E 1st St,,Vidalia,GA,30474,8814,TOOMBS
B&T's Food Fresh 19,-82.416962,32.218498,300 W 1st St,,Vidalia,GA,30474,3369,TOOMBS
Murphy USA 6557,-82.362984,32.203987,3103 E 1st St,,Vidalia,GA,30474,8830,TOOMBS
Walmart Supercenter 864,-82.362213,32.202774,3109 E 1st St,,Vidalia,GA,30474,8830,TOOMBS
DollarTree 1757,-82.358582,32.204323,3169 E 1st St,,Vidalia,GA,30474,,TOOMBS
Dollar General 20833,-82.355591,32.20388,3261 Hwy 280,,Vidalia,GA,30474,,TOOMBS
Micntosh Foodmart,-82.410667,32.221947,402 McIntosh St,,Vidalia,GA,30474,3111,TOOMBS
DOLLAR GENERAL 674,-82.407364,32.213554,601C E 1st St,,Vidalia,GA,30474,4264,TOOMBS
Save-A-Lot 45070,-82.406654,32.214745,619A E 1st St,,Vidalia,GA,30474,4264,TOOMBS
LAKE VIEW STORE,-83.738808,34.937267,1057 Shake Rag Rd,,Hiawassee,GA,30546,2541,TOWNS
The i Market 783,-83.754105,34.946232,124 S Main St,,Hiawassee,GA,30546,3408,TOWNS
Bellcreek Food Mart,-83.741074,34.967014,1300 Highway 75,,Hiawassee,GA,30546,1936,TOWNS
Walgreens 18402,-83.753609,34.945835,131 S Main St,,Hiawassee,GA,30546,3412,TOWNS
Denton Grocery And Grills,-83.781662,34.963871,1500 Highway 76,,Hiawassee,GA,30546,2170,TOWNS
Hiawassee Foodmart,-83.753052,34.945152,163 S Main St,,Hiawassee,GA,30546,3412,TOWNS
Osborn Farms,-83.739174,34.972263,1690 Highway 75,,Hiawassee,GA,30546,1938,TOWNS
Streak Hill Grocery,-83.725426,34.91,1825 Streak Hill Rd,,Hiawassee,GA,30546,4572,TOWNS
One Stop Food Mart,-83.789581,34.963551,1835 Highway 76,,Hiawassee,GA,30546,2113,TOWNS
Dollar General 15802,-83.735031,34.921673,1835 Sunnyside Rd,,Hiawassee,GA,30546,3978,TOWNS
Pasture,-83.722115,34.89151,3958 Riverbank Run,,Hiawassee,GA,30546,4832,TOWNS
DOLLAR GENERAL 4923,-83.760208,34.955051,500 N Main St,,Hiawassee,GA,30546,2214,TOWNS
DollarTree 8460,-83.758896,34.956043,534 Bell Creek Rd,,Hiawassee,GA,30546,2300,TOWNS
Hiawassee Food Mart,-83.762375,34.960007,830 N Main St,,Hiawassee,GA,30546,2216,TOWNS
INGLES MARKETS 483,-83.757751,34.949261,94 N Main St,,Hiawassee,GA,30546,2254,TOWNS
DOLLAR GENERAL 11191,-83.851151,34.926373,7123 US HIGHWAY 76,,YOUNG HARRIS,GA,30582,,TOWNS
Dollar General 16923,-83.824295,34.970863,3800 US Highway 76,,Young Harris,GA,30582,0000,TOWNS
Piggly Wiggly,-82.592461,32.37743,1053 Second St,,Soperton,GA,30457,2407,TREUTLEN
Sweet Onion Juction,-82.677925,32.437107,10636 GA Highway 29,,Soperton,GA,30457,5411,TREUTLEN
Minit Mart,-82.588196,32.381184,1088 Second St,,Soperton,GA,30457,2406,TREUTLEN
Jet Food Store 74,-82.590698,32.376568,3939 E Main St,,Soperton,GA,30457,2539,TREUTLEN
Dollar General 10178,-82.597229,32.381302,400 Main St E,,Soperton,GA,30457,1131,TREUTLEN
Family Dollar 2665,-82.589134,32.380833,414 2nd St N,,Soperton,GA,30457,1145,TREUTLEN
Bronco 1,-82.59523,32.374985,443 Second St,,Soperton,GA,30457,3064,TREUTLEN
Jet Food Stores 97,-82.590981,32.378773,4528 E Louisisana Ave,,Soperton,GA,30457,,TREUTLEN
Walgreens 19700,-84.914764,33.172989,100 HWY 29 S,,HOGANSVILLE,GA,30230,,TROUP
DOLLAR GENERAL 8808,-84.915382,33.172394,103 South Hwy # 29,,Hogansville,GA,30230,1435,TROUP
Love's Travel Stops & Country Stores Inc 376,-84.871346,33.159504,1621 Bass Cross Rd,,Hogansville,GA,30230,2763,TROUP
Hop-In,-84.873726,33.160744,1831 E Main St,,Hogansville,GA,30230,2756,TROUP
INGLES MARKETS 491,-84.872032,33.162792,1890 E Main St,,Hogansville,GA,30230,2771,TROUP
JP Hogansville 258,-84.865486,33.158901,1945 E Main St,,Hogansville,GA,30230,2712,TROUP
Family Dollar 12665,-84.899307,33.166718,2001 Billy Tucker Circle,,Hogansville,GA,30230,,TROUP
Dollar General 19819,-84.940689,33.230583,2979 Coweta Heard Rd,,Hogansville,GA,30230,,TROUP
Valero Foodmart,-84.914696,33.167679,309 Us Hwy 29,,Hogansville,GA,30230,,TROUP
Pops Grocery,-84.945229,33.229965,375 Highway 100,,Hogansville,GA,30230,,TROUP
Coco Grocery,-85.004601,33.023994,1000 Colquitt St,,Lagrange,GA,30241,3601,TROUP
Marathon Food Mart 0,-85.030212,33.012329,101 Lukken Industrial Dr W,,Lagrange,GA,30240,5911,TROUP
Discount Food Mart,-85.03492,33.033943,105 Ashton St,,Lagrange,GA,30240,3111,TROUP
DOLLAR GENERAL 14089,-85.045326,33.124729,112 Wares Cross Rd,,Lagrange,GA,30240,8237,TROUP
WALGREEN 9622,-85.033104,33.038712,115 Vernon St,,Lagrange,GA,30240,3109,TROUP
Cannon Street Market 1,-85.027725,33.028484,118 E Cannon St,,Lagrange,GA,30241,5308,TROUP
Anna's Lotto Mart,-85.004669,33.051952,1200 Hogansville Rd,Ste A,Lagrange,GA,30241,1418,TROUP
Troup Corner Store,-85.048958,33.014942,1234 Troup St,,Lagrange,GA,30240,4845,TROUP
Dollar General 23622,-85.02095,33.043369,125 Davis St,,Lagrange,GA,30241,2819,TROUP
Lagrange Food Mart 1,-84.99765,33.055492,1318 Hogansville Rd,,Lagrange,GA,30241,1420,TROUP
B's Meat Market,-84.994545,33.04073,1350 Lafayette Pkwy,,Lagrange,GA,30241,2567,TROUP
DollarTree 2217,-85.024811,33.049751,137 Commerce Ave,Ste A,Lagrange,GA,30241,2346,TROUP
PUBLIX 540,-85.023064,33.04937,139 Commerce Ave,,Lagrange,GA,30241,2337,TROUP
Bp Gas,-84.984558,33.041862,1499 Lafayette Pkwy,,Lagrange,GA,30241,2552,TROUP
Circle K Store 6751,-84.983482,33.042027,1503 Lafayette Pkwy,,Lagrange,GA,30241,2513,TROUP
Race Trac 500,-84.976105,33.042953,1519 Lafayette Pkwy,,Lagrange,GA,30241,2585,TROUP
Lagrange Food Mart,-85.011719,33.052383,158 Youngs Mill Rd,,Lagrange,GA,30241,1338,TROUP
CVS PHARMACY 3082,-84.987343,33.057671,1597 Hogansville Rd,,Lagrange,GA,30241,1423,TROUP
Jr Food Mart,-85.029114,33.013187,1616 Whitesville St,,Lagrange,GA,30240,5928,TROUP
JP LaGrange 241,-84.965851,33.041077,1740 Lafayette Pkwy,,Lagrange,GA,30241,2500,TROUP
DOLLAR GENERAL 4656,-85.069504,33.02869,1811 Vernon Rd,,Lagrange,GA,30240,4041,TROUP
Circle K Store 6711,-85.06884,33.032284,1819 Roanoke Rd,,Lagrange,GA,30240,3821,TROUP
CVS Pharmacy 4540,-85.071022,33.031902,1861 Roanoke Rd,Ste K,Lagrange,GA,30240,3850,TROUP
DollarTree 7216,-85.070496,33.032734,1861 Roanoke Rd,Ste K,Lagrange,GA,30240,3850,TROUP
PigglyWiggly 401,-85.071022,33.031902,1861 Roanoke Rd,,Lagrange,GA,30240,3850,TROUP
Pony Express,-85.070244,33.028461,1891 Vernon Rd,,Lagrange,GA,30240,4080,TROUP
Speedway 1885,-84.963837,33.040226,1898 Greenville Rd,,Lagrange,GA,30241,9528,TROUP
A1 Marathon,-85.015556,33.004013,1903 Hamilton Rd,,Lagrange,GA,30241,6015,TROUP
Hop In,-85.016403,33.002922,1908 Hamilton Rd,,Lagrange,GA,30241,6016,TROUP
Dollar General 12446,-85.022972,33.027592,200 Colquitt St,,Lagrange,GA,30241,5526,TROUP
Speedy Serve,-85.028488,33.032364,201 Whitesville St,,Lagrange,GA,30240,4616,TROUP
KROGER 339,-85.02227,33.04937,203 Commerce Ave Ste A,,Lagrange,GA,30241,2358,TROUP
Nrf Food Mart,-85.029968,33.045799,203 New Franklin Rd,,Lagrange,GA,30240,2343,TROUP
Ujima Tribe Inc,-85.028816,33.029934,205 E Mulberry St,,Lagrange,GA,30241,5417,TROUP
Family Dollar 13586,-84.99205,32.97905,21 Bartley Rd,,Lagrange,GA,30241,8313,TROUP
DOLLAR GENERAL 4837,-85.020714,33.049294,214 Commerce Ave,,Lagrange,GA,30241,2340,TROUP
Publix Super Markets Inc. 1873,-85.047295,33.037064,2200 Vernon St,,Lagrange,GA,30240,2901,TROUP
West Point Food Mart,-85.080994,33.021545,2255 West Point Rd,,Lagrange,GA,30240,1400,TROUP
Chevron Food Mart,-85.030136,32.994747,2300 Whitesville Rd,,Lagrange,GA,30240,8410,TROUP
DOLLAR GENERAL 18003,-85.142265,33.032917,24 Pyne Rd,,Lagrange,GA,30240,8756,TROUP
Circle K #289,-85.029396,32.990604,2457 Whitesville Rd,,Lagrange,GA,30240,8450,TROUP
Billy's Country Store,-85.1884,33.043835,25 Harmony Church Rd,,Lagrange,GA,30240,8843,TROUP
Exxon Travel Center,-85.030823,32.986217,2560 Whitesville Rd,,Lagrange,GA,30240,8451,TROUP
Lagrange Marathon,-85.096855,33.034008,2750 Roanoke Rd,A,Lagrange,GA,30240,,TROUP
Dollar General 15537,-85.096901,33.016891,2829 W Point Rd,,Lagrange,GA,30240,6427,TROUP
Hometown Market,-84.993095,32.981365,2904 Hamilton Rd,,Lagrange,GA,30241,7501,TROUP
DOLLAR GENERAL 13793,-84.992958,32.979919,2956 Hamilton Rd,,Lagrange,GA,30241,9006,TROUP
CVS Pharmacy 7615,-85.028915,33.040359,300 N Morgan St,,Lagrange,GA,30240,2806,TROUP
West Point Trading Company 0,-85.109985,33.006859,3400 West Point Rd,,Lagrange,GA,30240,8635,TROUP
Dollar General 24231,-85.01844,32.952496,3803 Whitesville Rd,,Lagrange,GA,30240,7200,TROUP
DOLLAR GENERAL 13969,-84.900345,33.038334,3836 Greenville Rd,,Lagrange,GA,30241,5211,TROUP
Aldi 76029,-85.028725,33.051201,427 New Franklin Rd,,Lagrange,GA,30240,1931,TROUP
PIGGLY WIGGLY 429,-85.035622,33.033672,511 S Greenwood St,,Lagrange,GA,30240,3125,TROUP
Star Food Mart,-85.038681,33.029476,518 Miller St,Ste E,Lagrange,GA,30240,4555,TROUP
Flowers Bakery Outlet 8,-85.028702,33.053524,523 New Franklin Rd,,Lagrange,GA,30240,1933,TROUP
Dollar General 24688,-85.140671,32.956841,5639 West Point Rd,,Lagrange,GA,30240,,TROUP
Dollar General 16687,-85.035706,33.032429,604 S Greenwood St,,Lagrange,GA,30240,3128,TROUP
Lagrange Farmers Market,-85.019119,33.040867,606 Greenville St,,Lagrange,GA,30241,3305,TROUP
Walmart STORE 614,-85.028656,33.058479,803 New Franklin Rd,,Lagrange,GA,30240,1843,TROUP
Neighborhood Food Store,-85.029297,33.025555,804 Whitesville St,Ste A,Lagrange,GA,30240,6722,TROUP
Apex Petro LLC,-85.033615,33.054356,828 N Greenwood St,,Lagrange,GA,30240,1705,TROUP
Fullers Superette,-85.024033,33.025616,900 Hamilton Rd,,Lagrange,GA,30241,5445,TROUP
Food Depot 49,-85.012489,33.046497,908 Hogansville Rd,,Lagrange,GA,30241,1412,TROUP
Greenville Food Mart,-85.010864,33.042637,934 Greenville St,,Lagrange,GA,30241,3509,TROUP
Walmart Neighborhood Market 2773,-85.023094,33.039528,955 Lafayette Pkwy,,Lagrange,GA,30241,3582,TROUP
Usa Food Mart,-85.13813,32.891933,1007 Kia Parkway,Bp Gas Station Across From The Coca Cola,West Point,GA,31833,,TROUP
Sunlit,-85.182098,32.876621,101 W 8th St,,West Point,GA,31833,1512,TROUP
Lucky Food Mart,-85.166245,32.876183,1400 Dogwood Cir,,West Point,GA,31833,1929,TROUP
Dollar General 17573,-85.02578,32.814419,15976 Georgia Hwy 219,,West Point,GA,31833,,TROUP
West Point Chevron,-85.149261,32.876961,1860 GA Highway 18,,West Point,GA,31833,3417,TROUP
Love's Travel Stop 771,-85.166618,32.891354,1917 Hwy 28,,West Point,GA,31833,1342,TROUP
DOLLAR GENERAL 7812,-85.177971,32.877651,209 E 10th St,,West Point,GA,31833,1633,TROUP
GIVORNS FOODS,-85.177826,32.87759,211 E 10th St,,West Point,GA,31833,1633,TROUP
Ta Express West Point,-85.114304,32.929234,3000 Kia Blvd,,West Point,GA,31833,4952,TROUP
Circle K 6675,-85.176537,32.87727,302 E 10th St,,West Point,GA,31833,1720,TROUP
West Point Corner Store,-85.185898,32.876125,607 4th Ave,,West Point,GA,31833,1507,TROUP
Busycorner,-83.652367,31.70458,106 E Monroe Ave,,Ashburn,GA,31714,5213,TURNER
DOLLAR GENERAL 4021,-83.654289,31.705561,155 W Washington Ave,,Ashburn,GA,31714,5756,TURNER
PIGGLY WIGGLY,-83.651642,31.705135,215 E Monroe Ave,,Ashburn,GA,31714,5221,TURNER
CARROL'S SAUSAGE & MEATS,-83.63723,31.707283,315 Whittle Cir,,Ashburn,GA,31714,1904,TURNER
Stop N Save,-83.658745,31.703547,415 W Washington Ave,,Ashburn,GA,31714,5715,TURNER
G Nez Express Mart,-83.655487,31.699589,507 S Jefferson St,,Ashburn,GA,31714,5829,TURNER
Calhoun Produce,-83.611664,31.832104,5075 Haw Pond Rd,,Ashburn,GA,31714,4023,TURNER
QUICKSTOP 3,-83.654579,31.714439,708 North St,,Ashburn,GA,31714,5101,TURNER
Honey Bear,-83.640144,31.710384,754 E Washington Ave,,Ashburn,GA,31714,5349,TURNER
Flash Foods 2745191,-83.638329,31.711237,823 E Washington Ave,,Ashburn,GA,31714,1950,TURNER
Travel Stop,-83.638382,31.710785,828 E Washington Ave,,Ashburn,GA,31714,1916,TURNER
Washington Grocery,-83.667358,31.700325,833 W Washington Ave,,Ashburn,GA,31714,5610,TURNER
Hayes Brother Produce,-83.48526,31.802816,234 South Church Street,,Rebecca,GA,31783,,TURNER
Divya Food Mart,-83.490067,31.803968,264 W Ashley St,,Rebecca,GA,31783,2505,TURNER
Rebecca Food Mart,-83.486595,31.806232,5 W Ashley St,,Rebecca,GA,31783,2548,TURNER
Dollar General 16471,-83.637161,31.673779,2515 GA Hwy 41,,Sycamore,GA,31790,,TURNER
Danville Food & Fuel LLC,-83.248398,32.603081,22280 US Highway 80,,Danville,GA,31017,6403,TWIGGS
DOLLAR GENERAL 8934,-83.351006,32.688683,13304 US Highway 80,,Jeffersonville,GA,31044,,TWIGGS
Family Dollar 10904,-83.348999,32.688572,13392 US Highway 80,,Jeffersonville,GA,31044,3502,TWIGGS
Jay Gayatri 80 Llc,-83.346588,32.687462,13592 US Highway 80,,Jeffersonville,GA,31044,3505,TWIGGS
Rag & Frass Farm,-83.32769,32.670338,15176 Us Highway 80,,Jeffersonville,GA,31044,3902,TWIGGS
Corner Stop,-83.347115,32.687508,22 GA Highway 96 W,,Jeffersonville,GA,31044,5514,TWIGGS
Country's Best Ham Bacon And Sausage,-83.37162,32.61898,5222 GA Highway 96 W,,Jeffersonville,GA,31044,7306,TWIGGS
Jeffersonville Piggly Wiggly,-83.345909,32.688202,59 Magnolia St N,,Jeffersonville,GA,31044,5429,TWIGGS
Dollar General 24931,-83.484879,32.851109,3311 Ridge Rd,,Macon,GA,31217,3538,TWIGGS
Jet Food Store 54,-83.484306,32.850155,5588 GA Highway 57,,Macon,GA,31217,3548,TWIGGS
Victory Express,-84.006592,34.857849,1058 Kiutuestia Creek Rd,,Blairsville,GA,30512,4314,UNION
One Stop,-84.07373,34.987244,10613 Murphy Highway,,Blairsville,GA,30512,2556,UNION
HOUCHENS SAVE-A-LOT 508,-83.965424,34.872765,117 Murphy Hwy,,Blairsville,GA,30512,3078,UNION
CIRCLE K 02008,-83.963791,34.871391,12 Murphy Hwy,,Blairsville,GA,30512,3033,UNION
JP Blairsville 242,-83.966026,34.872643,16 Bracketts Way,,Blairsville,GA,30512,2919,UNION
Dollar General 15965,-84.020988,34.924522,16 Mauney Cir,,Blairsville,GA,30512,1316,UNION
CVS PHARMACY 7265,-83.956337,34.879757,208 Highway 515 E,,Blairsville,GA,30512,8578,UNION
Nottely Food Mart,-84.058617,34.962337,21 Ivylog Rd,,Blairsville,GA,30512,2560,UNION
Walmart Supercenter 3485,-83.996216,34.862709,2257 Highway 515,,Blairsville,GA,30512,8200,UNION
Murphy USA 7660,-83.994446,34.863514,2257B Highway 515,,Blairsville,GA,30512,82ND,UNION
Lost Creek Food Mart,-84.002182,34.845753,29 Mulkey Gap Rd,,Blairsville,GA,30512,5606,UNION
Circle K 1094,-83.955582,34.871353,325 Cleveland St,,Blairsville,GA,30512,4523,UNION
Foodland,-83.958557,34.876957,34 Pat Haralson Dr,,Blairsville,GA,30512,8409,UNION
Dollar General 15342,-84.00322,34.84676,36 Kiutuestia Creek Rd,,Blairsville,GA,30512,4315,UNION
Walgreens 17943,-83.963181,34.871471,363 Blue Ridge St,PO Box 1459,Blairsville,GA,30514,1459,UNION
DollarTree 10913,-83.962158,34.869987,417 Blue Ridge St,,Blairsville,GA,30512,3673,UNION
Dollar General 10226,-84.093124,34.876701,42 Copperhead Rd,,Blairsville,GA,30512,3459,UNION
INGLES MARKETS 98,-83.960655,34.877136,43 Highway 515,,Blairsville,GA,30512,3569,UNION
DOLLAR GENERAL 3810,-83.972076,34.87558,513 Murphy Hwy,Ste F,Blairsville,GA,30512,3078,UNION
Dollar General 11776,-83.901283,34.817692,5267 Gainesville Hwy,,Blairsville,GA,30512,6878,UNION
ALDI 76160,-83.950325,34.883179,595 Highway 515 E,,Blairsville,GA,30512,8574,UNION
Dollar General 10229,-84.05748,34.962666,93 Ivylog Rd,,Blairsville,GA,30512,1456,UNION
Wolf Pen Gap Store,-84.021996,34.689365,41 Wolf Pen Gap Rd,,Suches,GA,30572,1405,UNION
Em Farms Llc,-84.180031,32.752487,1456 US Highway 80,,Culloden,GA,31016,5334,UPSON
Bambina Catfish Farm,-84.405525,32.990086,1167 Weems Rd,,Molena,GA,30258,3332,UPSON
Dollar General 17797,-84.494133,32.975544,7300 Crest Hwy,,Molena,GA,30258,3905,UPSON
Ez Stop,-84.312233,32.896786,1030 Barnesville St,,Thomaston,GA,30286,3706,UPSON
ALDI 76169,-84.333412,32.922764,1058 Highway 19 N,,Thomaston,GA,30286,2229,UPSON
North Creek Shell,-84.332886,32.924648,1078 Highway 19 N,,Thomaston,GA,30286,2229,UPSON
Raceway #6903,-84.333405,32.926014,1088 Highway 19 N,,Thomaston,GA,30286,2229,UPSON
Fast Stop,-84.324745,32.872704,1104 S Church St,,Thomaston,GA,30286,4103,UPSON
NORTHSIDE SUPERETTE,-84.333946,32.928013,1110 Highway 19 N,,Thomaston,GA,30286,2288,UPSON
Dollar General 24365,-84.320976,32.866299,1401 Highway 19 S,,Thomaston,GA,30286,4751,UPSON
Citgo Food Mart,-84.350548,32.926945,1403 Hannahs Mill Rd,,Thomaston,GA,30286,2158,UPSON
Pickard Grocery,-84.325272,32.870239,1449 Zorn St,,Thomaston,GA,30286,7214,UPSON
Circle K 2745055,-84.334595,32.935387,1501 Highway 19 N,US,Thomaston,GA,30286,,UPSON
DOLLAR GENERAL 2048,-84.334961,32.942741,1749 Highway 19 N,,Thomaston,GA,30286,1968,UPSON
Mahi V Patel Inc,-84.334862,32.943714,1782 Highway 19 N,,Thomaston,GA,30286,1967,UPSON
Kelly's Truck Stop,-84.293442,32.912758,2000 Barnesville Hwy,,Thomaston,GA,30286,3117,UPSON
Gx Market,-84.275513,32.904076,2015 Yatesville Hwy,,Thomaston,GA,30286,3921,UPSON
Cooks Market,-84.326065,32.886791,211 S Center St,,Thomaston,GA,30286,,UPSON
Mike's Market,-84.322487,32.902725,213 A St,,Thomaston,GA,30286,3129,UPSON
DOLLAR GENERAL 14765,-84.324142,32.888477,217 E Main St,,Thomaston,GA,30286,4110,UPSON
Sai Food Mart,-84.290627,32.919048,2235 Barnesville Hwy,,Thomaston,GA,30286,2458,UPSON
Piggly Wiggly 430,-84.326248,32.891541,301 N Center St,,Thomaston,GA,30286,3712,UPSON
Dollar General 15616,-84.403473,32.898037,3092 Crest Hwy,,Thomaston,GA,30286,2619,UPSON
Sunnyside Country Store,-84.404282,32.898575,3108 Crest Hwy,,Thomaston,GA,30286,2620,UPSON
Dollar General 19969,-84.262482,32.932713,3291 Barnesville Hwy,,Thomaston,GA,30286,1510,UPSON
Best Value,-84.3274,32.885334,350 S Church St,,Thomaston,GA,30286,4106,UPSON
Mr Bs,-84.326225,32.893101,401 N Center St,,Thomaston,GA,30286,3651,UPSON
Quick Stop,-84.325699,32.88298,517 S Center St,,Thomaston,GA,30286,4140,UPSON
Southside Grocery,-84.315804,32.844772,5775 Indian Trial,,Thomaston,GA,30286,,UPSON
Tt's Food Mart,-84.306465,32.881126,610 Triune Mill Rd,,Thomaston,GA,30286,5900,UPSON
Walgreens 11490,-84.328682,32.902374,634 N Church St,,Thomaston,GA,30286,3612,UPSON
Dollar General 30827,-84.328873,32.903164,708 N Church St,,Thomaston,GA,30286,3613,UPSON
INGLES MARKETS 449,-84.329506,32.904968,730 N Church St,,Thomaston,GA,30286,3618,UPSON
Country Corner,-84.337753,32.894474,800 W Main St,,Thomaston,GA,30286,3464,UPSON
Murphy USA 6862,-84.330582,32.91074,851 N Church St,,Thomaston,GA,30286,3622,UPSON
Walmart S/C 1112,-84.331055,32.912689,855 N Church St,,Thomaston,GA,30286,3622,UPSON
DollarTree 2072,-84.331642,32.913765,887 N Church St,,Thomaston,GA,30286,3622,UPSON
DOLLAR GENERAL 14092,-84.137711,32.915512,6542 Yatesville Hwy,,Yatesville,GA,31097,3850,UPSON
AAA Enterprises USA,-85.269783,34.883606,1001 Lafayette Rd,,Chickamauga,GA,30707,1712,WALKER
Tigermarket 209 209,-85.27034,34.882675,12797 N Highway 27,,Chickamauga,GA,30707,1790,WALKER
Country Food Mart,-85.388992,34.810032,13005 Highway 193,,Chickamauga,GA,30707,2215,WALKER
FOOD LION 1563,-85.267693,34.888367,13311 Hwy 27 N,Suite 6,Chickamauga,GA,30707,,WALKER
Dollar General 17459,-85.303558,34.86058,15 Garretts Chapel Rd,,Chickamauga,GA,30707,1841,WALKER
Circle K 2723511,-85.281456,34.882866,209 Lee and Gordon Mill Rd,,Chickamauga,GA,30707,,WALKER
DOLLAR GENERAL 8035,-85.291504,34.88586,2682 Johnson Rd,,Chickamauga,GA,30707,2755,WALKER
Jk Beer Wine Tobacco Convenience Store,-85.321297,34.828426,3792 S Highway 341,,Chickamauga,GA,30707,3951,WALKER
Kenny's Grocery and Tobacco Store,-85.35849,34.844551,4693 N Marble Top Rd,,Chickamauga,GA,30707,3749,WALKER
Ed's Grocery,-85.300934,34.862637,910 S Highway 341,,Chickamauga,GA,30707,1880,WALKER
Dollar General 11619,-85.390266,34.806843,9181 W Highway 136,,Chickamauga,GA,30707,3778,WALKER
DollarTree 8463,-85.270241,34.885426,93 Bushrod Johnson Ave,,Chickamauga,GA,30707,6093,WALKER
Dollar General 31297,-85.249886,34.846794,9981 N Hwy 27,,Chickamauga,GA,30707,,WALKER
Maruti Express Inc.,-85.333755,34.983658,20 Highway 193,,Flintstone,GA,30725,2145,WALKER
MAPCO Express Inc. 3629,-85.333702,34.94873,2618 Hwy 193,,Flintstone,GA,30725,,WALKER
Circle K 2723506,-85.343124,34.942802,2777 Chattanooga Valley Rd,,Flintstone,GA,30725,,WALKER
DOLLAR GENERAL 8202,-85.34948,34.924229,4120 Chattanooga Valley Rd,,Flintstone,GA,30725,2468,WALKER
DollarTree 9926,-85.258606,34.96225,1846 Lafayette Rd,Suite 7,Ft Oglethorpe,GA,30741,,WALKER
Walmart Supercenter 2988,-85.269829,34.746189,2625 N HWY 27,,LAFAYETTE,GA,30728,,WALKER
Kangaroo Express,-85.279724,34.72559,1111 N Main St,,La Fayette,GA,30728,2119,WALKER
Dollar General 15801,-85.117775,34.674171,12035 E Highway 136,,La Fayette,GA,30728,5859,WALKER
Pit Stop 6,-85.153511,34.767548,121 Highway 151,,La Fayette,GA,30728,5914,WALKER
Dollar General 30746,-85.252617,34.788689,134 Black Circle Spur,,La Fayette,GA,30728,6720,WALKER
LAFAYETTE FRUIT MARKET,-85.277176,34.731216,1431 N Main St,,La Fayette,GA,30728,6435,WALKER
Dollar General 20624,-85.24791,34.696465,1907 E Highway 136,,La Fayette,GA,30728,4862,WALKER
R C Food & Fuel,-85.276802,34.670151,2213 Trion Hwy,,La Fayette,GA,30728,3725,WALKER
Uncle Jeds,-85.327995,34.706558,23617 Highway 193,,La Fayette,GA,30728,4240,WALKER
Circle K Store 2709339,-85.270081,34.744171,2452 N Highway 27,,La Fayette,GA,30728,6530,WALKER
Ritz Beer & Grill,-85.237419,34.698418,2519 E Highway 136,,La Fayette,GA,30728,4961,WALKER
DollarTree 2010,-85.270081,34.745747,2589 N Highway 27,,La Fayette,GA,30728,7502,WALKER
Murphy USA 6563,-85.27124,34.746548,2637 N Highway 27,,La Fayette,GA,30728,6533,WALKER
Lucky Grocery,-85.234818,34.697582,2664 E Highway 136,,La Fayette,GA,30728,4966,WALKER
Dollar General Store 17837,-85.153175,34.767422,29 Highway 151,,La Fayette,GA,30728,5914,WALKER
DOLLAR GENERAL 0101,-85.281242,34.70974,311 N Main St,,La Fayette,GA,30728,2409,WALKER
Food City 252,-85.281197,34.710106,311 N Main St,,La Fayette,GA,30728,,WALKER
Cost Kutter Grocery 437,-85.284828,34.704971,321 W Patton St,,La Fayette,GA,30728,2950,WALKER
Catlett Grocery,-85.192841,34.749107,35 Round Pond Rd,,La Fayette,GA,30728,6201,WALKER
Circle K 2723510,-85.287918,34.701805,400 W Main St,,La Fayette,GA,30728,3244,WALKER
Pit Stop 5,-85.288696,34.701206,406 S Chattanooga St,,La Fayette,GA,30728,3002,WALKER
Pit Stop 1,-85.275047,34.70417,501 E Villanow St,,La Fayette,GA,30728,2631,WALKER
MAPCO Express Inc. 3631,-85.114075,34.674438,59 Stansell Cir,,La Fayette,GA,30728,5754,WALKER
DOLLAR GENERAL 9627,-85.280685,34.697842,607 S Main St,,La Fayette,GA,30728,8202,WALKER
CVS PHARMACY 7223,-85.279945,34.718922,807 N Main St,,La Fayette,GA,30728,2245,WALKER
K K Enterprise 1,-85.279846,34.718838,800 North Main Street,,Lafayette,GA,30728,,WALKER
MAPCO Express Inc. 3663,-85.358421,34.977062,1226 Lula Lake Rd,,Lookout Mountain,GA,30750,3118,WALKER
Dollar General 23209,-85.384689,34.954227,17 Hinkle Dr,,Lookout Mountain,GA,30750,,WALKER
Circle K 2723508,-85.294983,34.948521,1897 MCFARLAND GAP AVE,,ROSSVILLE,GA,30741,,WALKER
K K Enterprise 2,-85.407234,34.867794,5054 Highway 157,,Rising Fawn,GA,30738,2043,WALKER
27 Farmers Market,-85.250084,34.847691,10052 N Highway 27,,Rock Spring,GA,30739,2121,WALKER
Walker County Farmers Market,-85.250298,34.848259,10052 N Highway 27,,Rock Spring,GA,30739,2121,WALKER
Dollar General Store 8631,-85.24012,34.824333,115 Kay Conley Rd,,Rock Spring,GA,30739,2172,WALKER
Smiley's Corner,-85.240189,34.823967,118 Kay Conley Rd,,Rock Spring,GA,30739,2173,WALKER
Circle K Store 2709346,-85.24012,34.820515,8040 N Highway 27,,Rock Spring,GA,30739,2325,WALKER
Lafayette Fruit Market Inc,-85.270126,34.972885,1003 Lafayette Rd,,Rossville,GA,30741,2013,WALKER
Sunrise Market 121 1,-85.268059,34.970516,1119 Lafayette Rd,,Rossville,GA,30741,2014,WALKER
DollarTree 6589,-85.286949,34.984749,115 Chickamauga Ave,,Rossville,GA,30741,1351,WALKER
RUSTYS MEAT MARKET,-85.26535,34.968227,1219 Lafayette Rd,,Rossville,GA,30741,2011,WALKER
Paul's Place #5,-85.316238,34.907028,1250 Mission Ridge Rd,,Rossville,GA,30741,6401,WALKER
Dollar General 6930,-85.295258,34.969299,1408 McFarland Ave,,Rossville,GA,30741,2216,WALKER
Discount Market,-85.309708,34.967987,1430 Wilson Rd,,Rossville,GA,30741,2159,WALKER
Wilson Food Mart,-85.309708,34.966709,1448 Wilson Rd,,Rossville,GA,30741,2199,WALKER
Lil Pig Market,-85.319069,34.898361,1932 N Highway 341,,Rossville,GA,30741,6205,WALKER
Dollar General 30050,-85.287758,34.946854,2015 McFarland Ave,,Rossville,GA,30741,4510,WALKER
Texaco Pitstop,-85.287697,34.981888,312 McFarland Ave,,Rossville,GA,30741,1206,WALKER
MAPCO Express Inc. 3644,-85.300713,34.969822,408 James St,,Rossville,GA,30741,2237,WALKER
Super Mercado Mexico Lindo,-85.282753,34.982983,507 Chickamauga Ave,,Rossville,GA,30741,1309,WALKER
Cornerstone Market #11 no,-85.277458,34.955193,728 Park City Rd,,Rossville,GA,30741,3810,WALKER
MAPCO Express Inc. 3508,-85.276489,34.977959,815 Chickamauga Ave,A,Rossville,GA,30741,1406,WALKER
Food City 217,-85.312088,34.917793,820 Mission Ridge Rd,,Rossville,GA,30741,4246,WALKER
DOLLAR GENERAL 8018,-85.276672,34.978664,824 Chickamauga Ave,,Rossville,GA,30741,1407,WALKER
K K Enterprise 3,-85.271812,34.974369,915 Lafayette Rd,,Rossville,GA,30741,2048,WALKER
Dbrothers1 Inc,-85.282257,34.596828,14678 Highway 151,,Trion,GA,30753,1938,WALKER
Dollar General 11602,-83.8526,33.743225,2481 Highway 81 SW,,Covington,GA,30014,0681,WALTON
DOLLAR GENERAL 18572,-83.608223,33.783379,101 Queens Cemetery Rd,,Good Hope,GA,30641,1507,WALTON
Good Hope Food Mart,-83.609734,33.78508,102 Highway 83,,Good Hope,GA,30641,1206,WALTON
PUBLIX 603,-83.908157,33.839352,4325 ATLANTA HIGHWAY,,LOGANVILLE,GA,30052,,WALTON
KROGER 443,-83.954704,33.85944,910 ATHENS HWY,,LOGANVILLE,GA,30052,,WALTON
The E-Z Stop,-83.851631,33.76865,1441 Highway 81 S.,,Loganville,GA,30052,,WALTON
Dollar General 17450,-83.853683,33.74173,1646 Walnut Ave,,Loganville,GA,30052,9207,WALTON
Dollar General 14762,-83.853096,33.781467,1901 Highway 81,GA,Loganville,GA,30052,4537,WALTON
Loganville Shell,-83.875282,33.805496,2324 Claude Brewer Rd,Ste B,Loganville,GA,30052,4255,WALTON
CVS Pharmacy 4138,-83.937393,33.881592,2720 Loganville Hwy,,Loganville,GA,30052,7715,WALTON
Indian Mart,-83.95549,33.862381,2944 Rosebud Rd,Suite C-1,Loganville,GA,30052,3089,WALTON
Supermercado Suriana,-83.95549,33.862381,2944 Rosebud Rd,Ste F,Loganville,GA,30052,8874,WALTON
Chevron,-83.873611,33.80558,2975 Highway 81,,Loganville,GA,30052,4321,WALTON
Gx Market,-83.915657,33.869919,3205 Loganville Hwy,Ste 100,Loganville,GA,30052,,WALTON
DOLLAR GENERAL 9551,-83.872292,33.831047,3490 Highway 78,,Loganville,GA,30052,7841,WALTON
JERRY'S CORNER STORE,-83.930229,33.744411,3650 Miller Bottom Rd,,Loganville,GA,30052,3037,WALTON
Dollar General 23151,-83.90905,33.848598,4036 Atlanta Hwy,,Loganville,GA,30052,,WALTON
DollarTree 4071,-83.910965,33.845905,4048 Atlanta Hwy,,Loganville,GA,30052,2297,WALTON
Walmart Supercenter 5252,-83.910904,33.840675,4221 Atlanta Hwy,,Loganville,GA,30052,7316,WALTON
Murphy USA 7044,-83.908485,33.841637,4231 Atlanta Hwy.,,Loganville,GA,30052,,WALTON
Loganville Caribbean Market,-83.906113,33.838619,4337 Atlanta Hwy,,Loganville,GA,30052,3326,WALTON
Chevron Food Mart,-83.894753,33.840664,4350 Lawrenceville Rd,,Loganville,GA,30052,2335,WALTON
CVS PHARMACY 7712,-83.902084,33.837593,4377 Atlanta Hwy,,Loganville,GA,30052,2642,WALTON
Walgreens 9629,-83.901085,33.838203,4398 Atlanta Hwy,,Loganville,GA,30052,7314,WALTON
DOLLAR GENERAL 7776,-83.895775,33.841335,4400 Lawrenceville Rd,,Loganville,GA,30052,2627,WALTON
A & S Afro-caribbean Market,-83.901031,33.837273,4419 Atlanta Hwy,Ste 400,Loganville,GA,30052,3188,WALTON
INGLES MARKETS 424,-83.897896,33.833294,4565 Atlanta Hwy,,Loganville,GA,30052,2636,WALTON
Three Peas In A Pod,-83.891426,33.836205,4569 Lawrenceville Rd,,Loganville,GA,30052,7320,WALTON
Mini Food Mart,-83.889587,33.834393,4658 Atlanta Hwy,,Loganville,GA,30052,2641,WALTON
QUIKTRIP 796,-83.889084,33.83353,4675 Atlanta Hwy,,Loganville,GA,30052,2639,WALTON
KROGER STORE 679,-83.884949,33.832912,4753 Atlanta Hwy,,Loganville,GA,30052,7307,WALTON
Discount Tobacco,-83.882545,33.832996,4800 Atlanta Hwy,,Loganville,GA,30052,3700,WALTON
Shell Foodmart,-83.875107,33.853821,5141 Highway 81,,Loganville,GA,30052,3504,WALTON
Dollar General 31690,-83.933403,33.815632,5342 Highway 20,,Loganville,GA,30052,2861,WALTON
Citgo Loganville,-83.93454,33.815384,5365 Highway 20,,Loganville,GA,30052,2866,WALTON
The Country Store 0,-83.935005,33.813816,5400 Georgia Highway 20,,Loganville,GA,30052,2876,WALTON
DOLLAR GENERAL 18677,-83.849609,33.87994,6250 GA Highway 81,,Loganville,GA,30052,,WALTON
Dollar General 13345,-83.706123,33.778355,100 Walker Dr,,Monroe,GA,30655,2267,WALTON
Monroe Farmers Market,-83.71254,33.794075,110 Court St,,Monroe,GA,30655,1633,WALTON
East Church Food Mart,-83.69355,33.792751,1120 E Church St,,Monroe,GA,30655,2426,WALTON
Marathon Food Mart,-83.692802,33.793591,1135 E Church St,,Monroe,GA,30655,2425,WALTON
Cowpens,-83.675545,33.768448,1160 Pannell Rd,,Monroe,GA,30655,7270,WALTON
Hyman Agricultural Co NAFMNP,-83.703766,33.847862,1260 Mountain Creek Church Rd,,Monroe,GA,30656,4119,WALTON
Chevron,-83.705894,33.778744,1309 S Broad St,,Monroe,GA,30655,2221,WALTON
Mis Enterprise,-83.735657,33.791637,1309 W Spring St,,Monroe,GA,30655,1758,WALTON
Broad 1312,-83.706551,33.778404,1312 S Broad St,,Monroe,GA,30655,2222,WALTON
Dollar General 14640,-83.704094,33.774246,1526 S Broad St,,Monroe,GA,30655,2226,WALTON
Flowers Bakery Outlet 173,-83.703133,33.773647,1536 S Broad St,,Monroe,GA,30655,2226,WALTON
Circle K,-83.775047,33.807236,1605 Troy Smith Rd,,Monroe,GA,30656,4547,WALTON
Allstar,-83.732735,33.8326,1700 Bold Springs Rd,,Monroe,GA,30656,5004,WALTON
DOLLAR GENERAL 9615,-83.772377,33.779823,1740 Highway 138 NW,,Monroe,GA,30655,5655,WALTON
D&l Chevron,-83.788933,33.806675,1834 Highway 78,,Monroe,GA,30655,5217,WALTON
Monroe Extramile,-83.77684,33.779022,1865 Highway 138,,Monroe,GA,30655,5664,WALTON
Monroe Shell,-83.777351,33.777611,1880 Highway 138 Nw,,Monroe,GA,30655,5656,WALTON
Between Grocery,-83.807587,33.818474,1991 Highway 78,,Monroe,GA,30655,5229,WALTON
Saj Monroe Llc,-83.743629,33.795921,2027 W Spring St,,Monroe,GA,30655,5682,WALTON
Short Stop,-83.711441,33.795033,203 E Spring St,,Monroe,GA,30655,2309,WALTON
Murphy USA 7734,-83.743263,33.796505,2040 W Spring St,,Monroe,GA,30655,3164,WALTON
Walmart S/C 780,-83.742355,33.798321,2050 W Spring St,,Monroe,GA,30655,3164,WALTON
DollarTree 3282,-83.744301,33.799297,2120 W Spring St,Ste 100,Monroe,GA,30655,3198,WALTON
Maxi Mart,-83.817574,33.823357,2153 Highway 78,,Monroe,GA,30655,5231,WALTON
Monroe Mini Mart Inc,-83.710922,33.794872,220 E Spring St,,Monroe,GA,30655,2348,WALTON
Food Mart Monroe (market),-83.711342,33.799129,238 N Madison Ave,,Monroe,GA,30655,2324,WALTON
Dollar General 21627,-83.818375,33.82217,2760 Ho Hum Hollow Rd,,Monroe,GA,30655,5528,WALTON
CVS PHARMACY 3777,-83.713043,33.791286,312 S Broad St,,Monroe,GA,30655,2106,WALTON
Walgreens 11539,-83.711929,33.790806,319 S Broad St,,Monroe,GA,30655,2119,WALTON
Gratis Food Mart,-83.663376,33.882843,3424 Shoal Creek Rd,,Monroe,GA,30656,7333,WALTON
The Hot Spot,-83.710426,33.804573,409 E Marable St,,Monroe,GA,30655,1511,WALTON
JOHN'S SUPERMARKET dba Greg and Rene Inc,-83.711617,33.789501,416 S Broad St,,Monroe,GA,30655,2163,WALTON
North Monroe Food Mart Llc,-83.717278,33.802883,452 N Broad St,,Monroe,GA,30655,1800,WALTON
Chevron Bold Springs 786 Llc,-83.801315,33.900631,4940 Bold Springs Rd,,Monroe,GA,30656,3316,WALTON
Corners Edge Butcher Shoppe,-83.744263,33.79108,500 Great Oaks Dr,Ste 6,Monroe,GA,30655,8228,WALTON
Chevron,-83.643486,33.834805,544 Mount Vernon Rd,,Monroe,GA,30655,5029,WALTON
Monroe Food Mart,-83.705284,33.798382,615 E Spring St,,Monroe,GA,30655,2339,WALTON
Monroe Food Mart,-83.726425,33.793999,705 W Spring St,,Monroe,GA,30655,1746,WALTON
Golden Pantry Food Stores 1031,-83.723999,33.808044,717 N Broad St,,Monroe,GA,30656,1409,WALTON
Quality Foods Of Monroe LLC,-83.724998,33.794388,748 W Spring St,,Monroe,GA,30655,3188,WALTON
Family Dollar 209,-83.725433,33.794292,772 W Spring St,,Monroe,GA,30655,1747,WALTON
Alam 7744 Llc,-83.801781,33.901516,7744 Highway 81,,Monroe,GA,30656,3344,WALTON
Jack Peters Grocery,-83.701012,33.79195,800 E Church St,,Monroe,GA,30655,2478,WALTON
Supermercado El Mana,-83.727409,33.794182,800 W Spring St,,Monroe,GA,30655,1749,WALTON
Bread And Butter Farms Market Stand,-83.652374,33.791691,809 Laboon Rd,,Monroe,GA,30655,6254,WALTON
DOLLAR GENERAL 4057,-83.703094,33.799503,815 E Spring St,,Monroe,GA,30655,2440,WALTON
Publix 1736,-83.728691,33.805237,900 Pavilion Parkway,,Monroe,GA,30656,,WALTON
Shell Food Mart,-83.851921,33.714024,287 Georgia Highway 81 Se,,Oxford,GA,30054,3219,WALTON
Dollar General 15372,-83.750023,33.597939,58 Hwy 11,,Social CIrcle,GA,30025,,WALTON
FMG Farm Farmer's Market 1,-83.658195,33.651001,1013 Amber Stapp Studdard Rd,,Social Circle,GA,30025,4516,WALTON
FRESHWAY MARKET,-83.708305,33.675018,1261 N Cherokee Rd,,Social Circle,GA,30025,4016,WALTON
Family Dollar 3144,-83.709686,33.675026,1263 N Cherokee Rd,,Social Circle,GA,30025,4016,WALTON
Social Circle Grocery,-83.718933,33.65575,129 S Cherokee Rd,,Social Circle,GA,30025,2802,WALTON
Unity Store,-83.667595,33.62767,1808 Highway 278 SE,,Social Circle,GA,30025,4737,WALTON
Diamond P Cattle Company,-83.708725,33.7076,2619 Lemonds Rd,,Social Circle,GA,30025,3105,WALTON
Dollar General 30074,-82.573463,31.10372,6301 Valdosta Hwy,,Manor,GA,31550,2406,WARE
Solar Foods,-82.575798,31.102949,6349 Valdosta Hwy,,Manor,GA,31550,2408,WARE
Hueys Country Store,-82.631447,31.266491,7471 Albany Hwy,,Millwood,GA,31552,9775,WARE
Walmart 556,-82.322113,31.196728,2425 MEMORIAL DR,,WAYCROSS,GA,31503,,WARE
Flash Foods LLC 274001,-82.354492,31.206478,505 REYNOLDS ST,,WAYCROSS,GA,31501,,WARE
Dollar General 2471,-82.357948,31.219133,1005 Tebeau St,,Waycross,GA,31501,5436,WARE
Mickey's Meat Market,-82.338348,31.208549,1109 Knight Ave,,Waycross,GA,31501,8006,WARE
Food Lion 2844,-82.349854,31.216862,1312 Plant Ave,,Waycross,GA,31501,3537,WARE
Stop N Save,-82.374527,31.208651,1333 S Georgia Pkwy W,,Waycross,GA,31503,2726,WARE
Flash Foods LLC 2745085,-82.353767,31.222424,1401 Tebeau St,,Waycross,GA,31501,5324,WARE
Waygreen Local Fare Market,-82.386017,31.233824,1460 N Augusta Ave,,Waycross,GA,31503,4954,WARE
Bunkys,-82.367889,31.228748,1545 Ossie Davis Pkwy,,Waycross,GA,31501,6712,WARE
KROGER 439,-82.33857,31.20789,1606 Memorial Dr,,Waycross,GA,31501,1949,WARE
Walmart Neighborhood Market 4527,-82.345757,31.220114,1630 Plant Ave,,Waycross,GA,31501,5247,WARE
DollarTree 8538,-82.340462,31.206011,1630 S Georgia Pkwy E,,Waycross,GA,31501,1959,WARE
Ganas Pecan Company,-82.344307,31.221254,1638 Plant Ave,,Waycross,GA,31501,5247,WARE
Flash Foods LLC 2745068,-82.337524,31.207109,1712 Memorial Dr,,Waycross,GA,31501,1056,WARE
Friendly Express 50,-82.337303,31.206221,1720 Memorial Dr,,Waycross,GA,31501,1044,WARE
Wawa Store 6305,-82.33551,31.206425,1725 Memorial Dr,,Waycross,GA,31501,1043,WARE
Flash Foods LLC 2745133,-82.340042,31.205969,1736 S Georgia Pkwy E,,Waycross,GA,31501,0986,WARE
WALGREEN 9277,-82.336502,31.20573,1740 Memorial Dr,,Waycross,GA,31501,1044,WARE
CVS PHARMACY 3348,-82.333099,31.206554,1800 Brunswick Hwy,,Waycross,GA,31501,1061,WARE
Dollar General Market 9826,-82.331177,31.207596,1803 Knight Ave,,Waycross,GA,31501,,WARE
Wawa Store 6300,-82.384262,31.209309,1810 S Georgia Pkwy W,,Waycross,GA,31503,6906,WARE
Friendly Express 103,-82.384369,31.208723,1811 S GA Pkwy W,,Waycross,GA,31503,,WARE
Crossway Food Mart,-82.379524,31.259619,1900 Alma Hwy,,Waycross,GA,31503,4502,WARE
DOLLAR GENERAL 4856,-82.386368,31.208797,1902 S Georgia Pkwy W,,Waycross,GA,31503,0149,WARE
FLASH FOODS 27427,-82.370415,31.23612,1913 State St,,Waycross,GA,31501,6731,WARE
Spur Discount Convenience Store,-82.372154,31.239511,1967 State St,,Waycross,GA,31501,8045,WARE
Flash Foods LLC 274094,-82.326859,31.213953,1974 Central Ave,,Waycross,GA,31503,9556,WARE
Dollar General 30317,-82.387466,31.223593,1984 Albany Ave,,Waycross,GA,31503,5936,WARE
Flash Foods LLC 27499,-82.387444,31.223557,2000 Albany Ave,,Waycross,GA,31503,5904,WARE
RK Foods,-82.388481,31.213976,2000 Carswell Ave,,Waycross,GA,31503,4056,WARE
Solar Food 26,-82.356506,31.187761,2198 Brunel St,,Waycross,GA,31503,1446,WARE
Friendly Express 107,-82.359924,31.209141,227 Pendleton St,,Waycross,GA,31501,2316,WARE
Flash Foods LLC 2745051,-82.333199,31.230104,2307 Plant Ave,,Waycross,GA,31501,6044,WARE
CORNER STOP,-82.333061,31.230644,2401 Plant Ave,,Waycross,GA,31501,6045,WARE
Murphy USA 6736,-82.323006,31.1975,2405 Memorial Dr,,Waycross,GA,31503,6337,WARE
DollarTree 492,-82.321251,31.195559,2465 Memorial Dr,,Waycross,GA,31503,6337,WARE
Waycross Bp,-82.393089,31.187035,2476 Minnesota Ave,,Waycross,GA,31503,8163,WARE
Dollar General 31625,-82.330475,31.232389,2615 Plant Ave,,Waycross,GA,31501,6062,WARE
DOLLAR GENERAL 7724,-82.375061,31.24847,2999 State St,,Waycross,GA,31503,4579,WARE
DOLLAR GENERAL 14223,-82.472321,31.256092,3505 Lovett Rd,,Waycross,GA,31503,0790,WARE
Solar Food 25,-82.29277,31.194605,3900 Brunswick Hwy,,Waycross,GA,31503,7503,WARE
Dollar General 22081,-82.355972,31.206129,406 S Georgia Pkwy E,,Waycross,GA,31501,3006,WARE
Flash Foods LLC 27475,-82.382957,31.269581,4095 Jamestown Rd,,Waycross,GA,31503,0201,WARE
Dollar General 31130,-82.285118,31.192331,4120 Brunswick Hwy,,Waycross,GA,31503,7549,WARE
Rouse Grocery,-82.478806,31.25362,4397 Albany Ave,,Waycross,GA,31503,0693,WARE
Stop N Save 23,-82.353561,31.211304,500 Memorial Dr,,Waycross,GA,31501,2909,WARE
Waycross Waring Inc,-82.362495,31.240643,512 E Waring St,,Waycross,GA,31501,7937,WARE
Friendly Express 104,-82.463814,31.340521,6509 Alma Hwy,,Waycross,GA,31503,4276,WARE
Dollar General Store 17552,-82.46376,31.340261,6512 Alma Hwy,,Waycross,GA,31503,4275,WARE
Dollar General 31404,-82.358887,31.236185,725 E Blackshear Drive,,Waycross,GA,31501,,WARE
Johnny's Food Store,-82.371201,31.20129,819 Glenmore Ave,,Waycross,GA,31503,2461,WARE
Tienda Vallarta,-82.346039,31.209925,914 Memorial Dr,,Waycross,GA,31501,2917,WARE
Norwood Usa Llc,-82.706741,33.461884,4655 Atlanta Hwy,,Norwood,GA,30821,6150,WARREN
Family Dollar 4293,-82.667419,33.401707,1156 Legion Dr,,Warrenton,GA,30828,8927,WARREN
Chevron,-82.652962,33.406918,32 Thomson Hwy,,Warrenton,GA,30828,8801,WARREN
Gunn Mini Mart,-82.654022,33.406849,41 Main St,,Warrenton,GA,30828,8500,WARREN
Piggly Wiggly,-82.655899,33.400749,441 Legion Dr,,Warrenton,GA,30828,8823,WARREN
Jet Food Store 96,-82.654297,33.407314,48 Main St,,Warrenton,GA,30828,8501,WARREN
Quick Mart,-82.661194,33.406326,49 W Gibson St,,Warrenton,GA,30828,8430,WARREN
DOLLAR GENERAL 8074,-82.649757,33.393669,620 Quaker Rd,,Warrenton,GA,30828,,WARREN
Jacks Corner Store,-82.675995,33.413357,725 Main St,Ste F,Warrenton,GA,30828,8368,WARREN
Davisboro Food Mart,-82.609634,32.987698,12435 GA Highway 24 E,,Davisboro,GA,31018,5746,WASHINGTON
Dollar General 16372,-82.60836,32.987423,12530 GA Highway 24 E,,Davisboro,GA,31018,5734,WASHINGTON
Jet Food Store 20,-82.725395,32.826244,2215 MAIN ST,,HARRISON,GA,31035,,WASHINGTON
DOLLAR GENERAL 18730,-82.727631,32.824917,2066 Main St,,Harrison,GA,31035,6847,WASHINGTON
DollarTree 3508,-82.808289,32.953487,1245 S Harris St,,Sandersville,GA,31082,,WASHINGTON
Walmart STORE 1143,-82.812302,32.951859,1308 S Harris St,,Sandersville,GA,31082,6913,WASHINGTON
Quick Stop,-82.780891,32.986393,1354 E McCarty St,,Sandersville,GA,31082,4786,WASHINGTON
S & T Food Mart,-82.808746,32.947628,1356 S Harris St,,Sandersville,GA,31082,6945,WASHINGTON
CVS PHARMACY 4593,-82.811653,32.980827,206 S Harris St,,Sandersville,GA,31082,2665,WASHINGTON
Murphy USA 7120,-82.809937,32.951633,224 Walmart Cir,,Sandersville,GA,31082,6952,WASHINGTON
M&k Food Mart,-82.859558,32.959446,2956 GA Highway 68 N,,Sandersville,GA,31082,6854,WASHINGTON
Food For Less Sandersville Llc 297,-82.81205,32.978851,306 S Harris St,,Sandersville,GA,31082,2669,WASHINGTON
Family Dollar 1,-82.810272,32.978649,309 S Harris St,,Sandersville,GA,31082,2668,WASHINGTON
Waco Seafood,-82.806259,32.988598,326A E McCarty St,,Sandersville,GA,31082,2061,WASHINGTON
Nouria 510 South Harris Street 837,-82.809654,32.973866,510 S Harris St,,Sandersville,GA,31082,2411,WASHINGTON
Jet Food Store 58,-82.79985,32.987652,540 E McCarty St,,Sandersville,GA,31082,2071,WASHINGTON
Dollar General 16588,-82.800438,32.98819,605 E McCarty St,,Sandersville,GA,31082,2051,WASHINGTON
DOLLAR GENERAL 2676,-82.809807,32.972382,612 S Harris St,,Sandersville,GA,31082,2821,WASHINGTON
Jet Food Store 34,-82.804314,32.997471,621 Sparta Rd,,Sandersville,GA,31082,1861,WASHINGTON
Jet Foods 70,-82.823532,32.981323,625 W Church St,,Sandersville,GA,31082,8415,WASHINGTON
Busy Food Mart,-82.799088,32.988243,635 E McCarty St,,Sandersville,GA,31082,2051,WASHINGTON
SANDERSVILLE IGA 656,-82.809601,32.972019,648 S Harris St,,Sandersville,GA,31082,2821,WASHINGTON
Rose's Express 673,-82.808517,32.972466,682 S Harris St,,Sandersville,GA,31082,2821,WASHINGTON
Jet Food Store 22,-82.809235,32.968113,816 S Harris St,,Sandersville,GA,31082,6901,WASHINGTON
Dollar General 14846,-82.805794,32.931343,487 GA Highway 15 S,,Tennille,GA,31089,3900,WASHINGTON
Warthen Express,-82.804222,33.101551,7744 GA Highway 15 N,,Warthen,GA,31094,4265,WASHINGTON
Dollar General 23277,-81.953171,31.58996,101 Empire Rd,,Jesup,GA,31545,3122,WAYNE
Walgreens 11792,-81.886116,31.60714,102 S 1st St,,Jesup,GA,31545,1171,WAYNE
DollarTree 1481,-81.875504,31.615923,1047 N 1st St,,Jesup,GA,31545,1617,WAYNE
Hurricane's Convenience Store,-81.954918,31.584995,105 Hinson Mosley Rd,,Jesup,GA,31545,,WAYNE
Walmart Supercenter 2630,-81.871887,31.615925,1100 N 1st St,,Jesup,GA,31545,0046,WAYNE
Jesup Discount Corner,-81.90786,31.604078,1105 S 1st St,,Jesup,GA,31545,0030,WAYNE
Mann 2010 Llc,-81.902069,31.620138,111 Sunset Blvd,,Jesup,GA,31545,0400,WAYNE
Murphy USA 5619,-81.874588,31.6166,1120 N 1st St,,Jesup,GA,31545,1609,WAYNE
Friendly Express 79,-81.87056,31.594997,1190 E Cherry St,,Jesup,GA,31546,4013,WAYNE
Lucky's Convenience,-81.897911,31.617584,1296 W Cherry St,,Jesup,GA,31545,0642,WAYNE
Om Foods,-81.891579,31.65675,1336 Rayonier Rd,,Jesup,GA,31545,8411,WAYNE
La Morenita Tienda Mexicana,-81.88588,31.606798,140 S 1st St,,Jesup,GA,31545,1118,WAYNE
Garden Of Eat'n,-81.88356,31.604904,140 SW Broad St,,Jesup,GA,31545,1100,WAYNE
Dollar General 13102,-81.890121,31.658274,1420 Rayonier Rd,,Jesup,GA,31545,8431,WAYNE
Q Mart,-81.886307,31.606472,148 S 1st St,,Jesup,GA,31545,1118,WAYNE
Dollar General 25135,-81.902817,31.621363,1520 W Cherry St,,Jesup,GA,31545,0610,WAYNE
Minit Stop,-81.886246,31.662531,1875 Rayonier Rd,,Jesup,GA,31545,4535,WAYNE
Lotto Express,-81.871086,31.593367,210 Us Highway 301 S,,Jesup,GA,31599,0001,WAYNE
Nouria 291 North 1st Street 859,-81.883888,31.609413,291 N 1st St,,Jesup,GA,31545,1343,WAYNE
C & D Seafood Inc. Dba/ Shucks Seafood Market 1,-81.875053,31.603298,306 N Hickory St,,Jesup,GA,31546,4440,WAYNE
Red Hill,-81.912872,31.657261,3100 Lanes Bridge Rd,,Jesup,GA,31545,7964,WAYNE
Radhmin Inc,-81.913361,31.658167,3107 Lanes Bridge Rd,,Jesup,GA,31545,7927,WAYNE
CVS PHARMACY 5684,-81.883415,31.609604,348 W Pine St,,Jesup,GA,31545,1429,WAYNE
Wawa Store 6307,-81.887794,31.605343,356 W Orange St,,Jesup,GA,31545,1159,WAYNE
Shiv Discount,-81.850182,31.658108,4225 Savannah Hwy,,Jesup,GA,31545,5220,WAYNE
Piggly Wiggly 272,-81.886856,31.608492,440 W Cherry St,,Jesup,GA,31545,1435,WAYNE
Parker's 63,-81.848564,31.661184,4501 Savannah Hwy,,Jesup,GA,31545,,WAYNE
Family Dollar 668,-81.887131,31.608883,460 W Cherry St,,Jesup,GA,31545,1435,WAYNE
RICKS MEATS,-81.887383,31.609274,506 W Cherry St,,Jesup,GA,31545,1436,WAYNE
Wayne County Farmers Market,-81.880226,31.612667,533 N 1st St,,Jesup,GA,31545,1637,WAYNE
Dollar General 31296,-81.951385,31.682581,6433 Lanes Bridge Rd,,Jesup,GA,31545,3400,WAYNE
Country Corner,-81.878792,31.61342,693 N 1st St,,Jesup,GA,31545,1636,WAYNE
PEACHES,-81.899574,31.628517,81 Spring Grove Rd,,Jesup,GA,31545,6174,WAYNE
DOLLAR GENERAL 3859,-81.897827,31.602636,868 S 1st St,,Jesup,GA,31545,0201,WAYNE
Food Lion 2846,-81.901711,31.603834,955 S 1st St,,Jesup,GA,31545,0331,WAYNE
DOLLAR GENERAL 301,-81.872169,31.596403,995 E Cherry St,,Jesup,GA,31546,4017,WAYNE
Odum General Store,-82.02739,31.664858,101 S Main St,,Odum,GA,31555,6754,WAYNE
Crossroad Country Store,-82.006386,31.74855,11821 Lanes Bridge Rd,,Odum,GA,31555,7665,WAYNE
DOLLAR GENERAL 7502,-82.023636,31.662903,420 S Main St,,Odum,GA,31555,6749,WAYNE
Friendly Express 87,-82.017426,31.485752,102 Broadhurst Rd,,Screven,GA,31560,9775,WAYNE
Dollar General 30458,-82.014732,31.48863,215 W JL Tyre St,,Screven,GA,31560,9575,WAYNE
Dollar General Store 17551,-84.535606,32.065838,6239 Hamilton Street,,Preston,GA,31824,,WEBSTER
ADAMS CITY FOOD CTR #3,-84.538063,32.06559,6381 Hamilton St,,Preston,GA,31824,4029,WEBSTER
DOLLAR GENERAL 6757,-82.78775,32.126183,319 W MAIN STREET,,ALAMO,GA,30411,,WHEELER
Flash Foods LLC 274021,-82.771118,32.151558,101 E Main St,,Alamo,GA,30411,4446,WHEELER
1st Choice,-82.780815,32.144051,33 W Main St,,Alamo,GA,30411,3516,WHEELER
Family Dollar 12857,-82.787247,32.132622,980 State St,,Alamo,GA,30411,,WHEELER
Flash Foods LLC 2745042,-82.677116,32.175323,101 W Second Ave,,Glenwood,GA,30428,3631,WHEELER
Backwoods Produce,-82.665062,32.181309,106 E Second Ave,,Glenwood,GA,30428,3626,WHEELER
DOLLAR GENERAL 8128,-82.672386,32.179111,29 W Second Ave,,Glenwood,GA,30428,3629,WHEELER
Clipper 75,-83.763321,34.595062,109 S Main St,,Cleveland,GA,30528,1401,WHITE
DOLLAR GENERAL 4773,-83.762817,34.58075,1178 S Main St # 129,,Cleveland,GA,30528,1421,WHITE
Dollar General 31381,-83.796829,34.550056,14 Thomason Rd,,Cleveland,GA,30528,0703,WHITE
ALDI 76126,-83.76503,34.578465,202 Parkway Plaza,,Cleveland,GA,30528,,WHITE
Express Food Mart,-83.76416,34.600964,258 N Main St,,Cleveland,GA,30528,1136,WHITE
Walmart Supercenter 4616,-83.756531,34.578747,260 Donald E Thurmond Pkwy,,Cleveland,GA,30528,7185,WHITE
Big Basket,-83.757668,34.59671,271 E Kytle St,,Cleveland,GA,30528,1267,WHITE
Dollar General 21347,-83.678993,34.613838,2837 Highway 255 S,,Cleveland,GA,30528,3534,WHITE
Circle K 2723319,-83.765198,34.60096,301 N Main St,,Cleveland,GA,30528,1127,WHITE
Murphy USA 7642,-83.756287,34.579098,302 Donald E Thurmond Pkwy,,Cleveland,GA,30528,7197,WHITE
Dollar General 16752,-83.830956,34.632332,32 Adair Mill Rd,,Cleveland,GA,30528,7017,WHITE
Dollar General 12416,-83.6418,34.573891,35 Highway 254,,Cleveland,GA,30528,7910,WHITE
Dollar General 12639,-83.755798,34.507004,35 Marvin Miles Rd,,Cleveland,GA,30528,6732,WHITE
Walgreens 18250,-83.766319,34.602039,379 N Main St,,Cleveland,GA,30528,1127,WHITE
Dollar General 25349,-83.694611,34.585312,4048 Highway 115 E,,Cleveland,GA,30528,,WHITE
Chevron Food Mart,-83.828903,34.636112,5001 Us 129,,Cleveland,GA,30528,,WHITE
INGLES MARKETS 489,-83.765419,34.603447,55 Helen Hwy,,Cleveland,GA,30528,1092,WHITE
Duncan Market,-83.782372,34.591286,60 Tesnatee Gap Valley Rd,,Cleveland,GA,30528,7265,WHITE
RUBENS MERCHANDISE,-83.757507,34.505444,6430 Highway 129 S,,Cleveland,GA,30528,6704,WHITE
Chevron,-83.75135,34.593868,724 E Kytle St,,Cleveland,GA,30528,3417,WHITE
Cleveland Store Zkz1 Inc.,-83.769562,34.60701,826 N Main St,,Cleveland,GA,30528,,WHITE
DollarTree 7324,-83.761276,34.58572,832 S Main St,,Cleveland,GA,30528,1415,WHITE
DOLLAR GENERAL 7157,-83.722534,34.699478,8160 S MAIN ALPINE S/C UNIT B7,,HELEN,GA,30545,0758,WHITE
Bettys Country Store,-83.734253,34.701847,18 Yonah St,,Helen,GA,30545,3120,WHITE
Circle K 1222,-83.71936,34.697502,7934 S Main St,,Helen,GA,30545,3618,WHITE
Alpine Chevron,-83.72348,34.69931,8217 S Main St,,Helen,GA,30545,3651,WHITE
Sautee Express,-83.720688,34.662018,5028 Helen Hwy,,Sautee Nacoochee,GA,30571,3218,WHITE
Dollar General 11903,-84.974945,34.894592,1075 Tunnel Hill Varnell Rd,,Cohutta,GA,30710,7428,WHITFIELD
Quick Stop # 2,-84.946983,34.904995,4105 Cleveland Hwy,,Cohutta,GA,30710,9102,WHITFIELD
Circle K 2723612,-84.947556,34.895195,4187 Highway 2,,Cohutta,GA,30710,9415,WHITFIELD
Kwik Serve 9,-84.945007,34.927189,4529 Cleveland Hwy,,Cohutta,GA,30710,9109,WHITFIELD
ONE STOP SHOP,-84.933655,34.97567,5414 Cleveland Rd,,Cohutta,GA,30710,9510,WHITFIELD
DollarTree 420,-84.931206,34.766308,2535 E WALNUT AVENUE,SUITE 6,DALTON,GA,30721,,WHITFIELD
Circle K 2723502,-84.888969,34.780964,3608 CHATSWORTH HWY,,DALTON,GA,30720,,WHITFIELD
HARRY'S,-84.983841,34.87822,100 Kids Dr,,Dalton,GA,30720,6356,WHITFIELD
La Coronita,-84.953392,34.76862,1001 E Morris St,,Dalton,GA,30721,3687,WHITFIELD
DollarTree 4675,-85,34.756779,1001 Market St,,Dalton,GA,30720,,WHITFIELD
DOLLAR GENERAL 10651,-84.944275,34.801212,1004 Riverburch Pkwy,,Dalton,GA,30721,8630,WHITFIELD
ABAARROTES EMANUEL 1,-84.969368,34.756222,1009 S Thornton Ave,,Dalton,GA,30720,7872,WHITFIELD
El Milagro #2,-84.966217,34.783058,101 E Long St,,Dalton,GA,30720,7430,WHITFIELD
DOLLAR GENERAL 2541,-84.968597,34.760139,101 W Walnut Ave,Ste 1,Dalton,GA,30720,8426,WHITFIELD
Circle K 2723523,-84.953117,34.761162,1010 E Walnut Ave,,Dalton,GA,30721,4460,WHITFIELD
Los Carlos 1,-84.952438,34.768639,1011 E Morris St,Ste A,Dalton,GA,30721,4590,WHITFIELD
Quickshop 1,-84.842194,34.92112,10780 Highway 2,,Dalton,GA,30721,1154,WHITFIELD
Ruben Diaz Fresh Produce,-84.969696,34.755947,1100 S Thornton Ave,,Dalton,GA,30720,7873,WHITFIELD
Dollar General 11339,-84.987106,34.6926,113 Phelps Rd SE,,Dalton,GA,30720,7613,WHITFIELD
Circle K 2723604,-84.961906,34.790474,1200 Cleveland Hwy,,Dalton,GA,30721,8629,WHITFIELD
KROGER 265,-84.962128,34.792553,1205 Cleveland Rd,,Dalton,GA,30721,8674,WHITFIELD
MAPCO Express Inc. 3627,-84.887962,34.815472,1210 Dawnville Rd NE,,Dalton,GA,30721,6805,WHITFIELD
Family Dollar 36,-84.950157,34.767269,1210 E Morris St,,Dalton,GA,30721,3688,WHITFIELD
DOLLAR GENERAL 8458,-84.886978,34.81657,1226 Dawnville Rd NE,,Dalton,GA,30721,6805,WHITFIELD
WALGREEN 5954,-84.989754,34.759163,1247 W Walnut Ave,,Dalton,GA,30720,3958,WHITFIELD
DollarTree 8773,-84.962494,34.795547,1261 N Glenwood Ave,,Dalton,GA,30721,,WHITFIELD
Five Point,-84.889153,34.868519,1281 Beaverdale Rd NE,,Dalton,GA,30721,7598,WHITFIELD
DOLLAR GENERAL 18688,-84.888916,34.868263,1288 Beaverdale Rd NE,,Dalton,GA,30721,2412,WHITFIELD
One Stop Mart,-84.883591,34.818531,1293 Dawnville Rd Ne,Ste A,Dalton,GA,30721,6806,WHITFIELD
La Providencia NA,-84.949112,34.781952,1300 Underwood St,,Dalton,GA,30721,3670,WHITFIELD
Food City 211,-84.992516,34.759747,1308 W Walnut Ave,,Dalton,GA,30720,3899,WHITFIELD
Walgreens 17232,-84.96138,34.797459,1320 Cleveland Hwy,,Dalton,GA,30721,8631,WHITFIELD
KROGER 458,-84.993858,34.759953,1365 W Walnut Ave,,Dalton,GA,30720,3857,WHITFIELD
Bpro Xpress,-84.98291,34.792732,1400 N Thornton Ave,,Dalton,GA,30720,3092,WHITFIELD
MAPCO Express Inc. 3507,-84.961723,34.798962,1406 Cleveland Hwy,,Dalton,GA,30721,8633,WHITFIELD
Pilot Travel Center 421,-84.979652,34.655056,142 Carbondale Rd SW,,Dalton,GA,30721,5301,WHITFIELD
St Clair's,-84.876968,34.824112,1507 Dawnville Rd NE,,Dalton,GA,30721,6866,WHITFIELD
Race Trac 289,-84.996788,34.760513,1511 W Walnut Ave,,Dalton,GA,30720,3832,WHITFIELD
Super D Market Panaderia & Carniceria,-84.943367,34.766747,1523 E Morris St,Ste 2,Dalton,GA,30721,3697,WHITFIELD
E Z Stop,-84.942986,34.765926,1524 E Morris St,,Dalton,GA,30721,3696,WHITFIELD
Antioch Convenience,-84.94146,34.746544,1601 Riverbend Rd,,Dalton,GA,30721,5975,WHITFIELD
LA ESPERANZA BAKERY 1,-84.94017,34.766392,1702 Murray Ave,,Dalton,GA,30721,4301,WHITFIELD
Dalton Shell,-84.962715,34.737762,1704 Abutment Rd,,Dalton,GA,30721,4803,WHITFIELD
Dixie Corner,-84.972511,34.743427,1729 S Dixie Hwy,,Dalton,GA,30720,7819,WHITFIELD
Tienda Guatemala #1 1,-84.973679,34.742256,1806 S Dixie Hwy,Ste H,Dalton,GA,30720,9307,WHITFIELD
Dollar General 16351,-84.947144,34.741333,1809 Antioch Rd,,Dalton,GA,30721,4618,WHITFIELD
Road Runners,-84.998772,34.740345,1822 Dug Gap Rd,,Dalton,GA,30720,5054,WHITFIELD
Dollar General 14848,-84.998505,34.739574,1902 Dug Gap Rd,,Dalton,GA,30720,5722,WHITFIELD
Race Trac 213,-84.996185,34.795265,1907 Chattanooga Rd,,Dalton,GA,30720,3046,WHITFIELD
Mahir 1 Inc,-84.97422,34.740498,1910 S Dixie Hwy,,Dalton,GA,30720,7822,WHITFIELD
Circle K Store 2709345,-84.997116,34.795322,2000 Chattanooga Rd,,Dalton,GA,30720,2959,WHITFIELD
La Latina,-84.937042,34.765759,2004 E Morris St,Suite B,Dalton,GA,30720,,WHITFIELD
Circle K 2723525,-84.985039,34.652924,201 Carbondale Rd SW,,Dalton,GA,30721,5304,WHITFIELD
Mega Tienda Llc 1,-84.974388,34.738022,2101 S Dixie Hwy,,Dalton,GA,30720,7565,WHITFIELD
Circle K 2723656,-84.998871,34.68858,220 Connector 3 SW,,Dalton,GA,30720,9203,WHITFIELD
Circle K 2723512,-84.94767,34.813007,2200 Cleveland Hwy,,Dalton,GA,30721,8151,WHITFIELD
ALDI 70093,-84.93222,34.761986,2210 E Walnut Ave,,Dalton,GA,30721,4528,WHITFIELD
Circle K 2723590,-84.931496,34.762497,2214 E Walnut Ave,,Dalton,GA,30721,4528,WHITFIELD
Andy Mart,-84.962181,34.726524,2219 Abutment Rd,,Dalton,GA,30721,4814,WHITFIELD
Kwik Serv 10,-85.006027,34.797134,2224 Chattanooga Rd,,Dalton,GA,30720,2963,WHITFIELD
DOLLAR GENERAL 0046,-84.933563,34.764679,2308 E Morris St,,Dalton,GA,30721,4372,WHITFIELD
Miselania Polvos,-84.964355,34.790379,238 Springdale Rd,,Dalton,GA,30721,2609,WHITFIELD
Family Dollar 1503,-84.944885,34.819725,2410 Cleveland Hwy,,Dalton,GA,30721,8155,WHITFIELD
Pilot Travel Center 319,-85.000023,34.688278,244 Connector 3 SW,,Dalton,GA,30720,9203,WHITFIELD
DollarTree 420,-84.931206,34.763809,2501 E Walnut Ave,,Dalton,GA,30721,8731,WHITFIELD
Supermercado Talpa 17 Llc 14,-84.92836,34.763805,2518 E Walnut Ave,,Dalton,GA,30721,,WHITFIELD
DOLLAR GENERAL 0872,-84.945351,34.822231,2524 Cleveland Hwy,,Dalton,GA,30721,8157,WHITFIELD
Walnut Express,-84.92894,34.765209,2524 E Walnut Ave,,Dalton,GA,30721,8886,WHITFIELD
Walmart 669,-84.929993,34.767818,2545 E Walnut Ave,,Dalton,GA,30721,8799,WHITFIELD
DollarTree 7323,-84.943604,34.831039,2738 Cleveland Hwy,,Dalton,GA,30721,8173,WHITFIELD
CVS Pharmacy 3767,-84.943459,34.833134,2791 Cleveland Hwy,,Dalton,GA,30721,8163,WHITFIELD
Kwik Serv 18,-84.979141,34.715878,2800 S Dixie Hwy,,Dalton,GA,30720,7519,WHITFIELD
Kwik Serv 4,-84.927078,34.758678,2900 Airport Rd,,Dalton,GA,30721,6301,WHITFIELD
Dixie Corner Food Mart 2,-84.921837,34.772812,3000 E Walnut Ave,,Dalton,GA,30721,8754,WHITFIELD
Tienda Tikal Iii,-84.964478,34.77663,305 E Hawthorne St,Suite C,Dalton,GA,30721,3106,WHITFIELD
La Tiendita Marquez,-84.959694,34.768978,310 S Easterling St,,Dalton,GA,30721,3333,WHITFIELD
CARNICERIA LOA 2,-84.950264,34.767658,314 Fernwood Ave,,Dalton,GA,30721,3951,WHITFIELD
Corner Express 2,-84.965302,34.775932,324 N Glenwood Ave,,Dalton,GA,30721,3113,WHITFIELD
Dollar General 31563,-84.885376,34.768562,333 Cedar Ridge Rd SE,,Dalton,GA,30721,6528,WHITFIELD
Food Mart,-84.918442,34.757103,3385 Airport Rd,,Dalton,GA,30721,6390,WHITFIELD
Circle K 2723581,-84.918793,34.756737,3390 Airport Rd,,Dalton,GA,30721,6310,WHITFIELD
DOLLAR GENERAL 15278,-84.880699,34.727356,3417 Airport Rd SE,,Dalton,GA,30721,6102,WHITFIELD
Dollar General 22804,-84.944412,34.871792,3456 Cleveland Hwy,,Dalton,GA,30721,2031,WHITFIELD
Abarrotes Emanuel 2,-84.886086,34.767708,346 Cedar Ridge Rd SE,,Dalton,GA,30721,6527,WHITFIELD
THE BUTCHER'S MARKET LLC,-84.946068,34.881496,3619 Cleveland Hwy,,Dalton,GA,30721,2036,WHITFIELD
FOOD LION 1603,-84.946938,34.89653,3925 Cleveland Rd,,Dalton,GA,30721,7493,WHITFIELD
Corner Express,-84.965019,34.77647,400 N Glenwood Ave,,Dalton,GA,30721,2811,WHITFIELD
Bills Grocery,-84.97821,34.657242,4087 S Dixie Rd,,Dalton,GA,30721,5114,WHITFIELD
Quickstop,-84.96125,34.768955,507 E Morris St,,Dalton,GA,30721,3404,WHITFIELD
Dollar General 11457,-84.964699,34.778782,511 N Glenwood Ave,,Dalton,GA,30721,2814,WHITFIELD
Tienda Ebenezer,-84.964363,34.778515,512 N Glenwood Ave,,Dalton,GA,30721,2813,WHITFIELD
Underwood Market,-84.959442,34.776833,532 Underwood St,Ste B,Dalton,GA,30721,2986,WHITFIELD
Carniceria Y Panderia El Milagro,-84.960144,34.773998,608 Martin Luther King Jr Blvd,,Dalton,GA,30721,3204,WHITFIELD
La Esquinita,-84.966644,34.78178,613 N Hamilton St,,Dalton,GA,30720,8814,WHITFIELD
Tienda Tikal #2 Llc 2,-84.956955,34.764835,616 4th Ave,Ste 4,Dalton,GA,30721,3524,WHITFIELD
Tienda El Super Quetzal,-84.963478,34.781315,620 N Glenwood Ave,,Dalton,GA,30721,2859,WHITFIELD
La Hidalguense,-84.95372,34.763958,628 5th Ave,,Dalton,GA,30721,3518,WHITFIELD
Carniceria 18,-84.952606,34.761894,737 Riverbend Rd,,Dalton,GA,30721,4789,WHITFIELD
Carniceria Loa 3,-84.955551,34.762199,801 E Walnut Ave,Ste G,Dalton,GA,30721,9501,WHITFIELD
Tibbs Road Convenience Store,-85.003235,34.785343,813 N Tibbs Rd,,Dalton,GA,30720,3180,WHITFIELD
Walmart S/C 5173,-84.996513,34.786213,815 Shugart Rd,,Dalton,GA,30720,2433,WHITFIELD
LC Grocery,-84.982002,34.842648,877 Reed Pond Rd NW,,Dalton,GA,30720,6280,WHITFIELD
Murphy USA 7812,-84.997208,34.791477,885 Shugart Rd,,Dalton,GA,30720,2433,WHITFIELD
Carniceria Nacho,-84.953362,34.778202,900 Underwood St,,Dalton,GA,30721,2911,WHITFIELD
Grocery Outlet 9,-84.963051,34.785023,918 N Glenwood Ave,,Dalton,GA,30721,2617,WHITFIELD
Walmart Neighborhood Market 4528,-84.968483,34.761551,98 W Walnut Ave,,Dalton,GA,30720,,WHITFIELD
Resaca Food Mart,-84.967949,34.643902,4501 S Dixie Hwy,,Resaca,GA,30735,9317,WHITFIELD
Kangaroo Express,-85.024727,34.804409,2622 Chattanooga Rd,,Rocky Face,GA,30740,9504,WHITFIELD
FOOD LION 1695,-85.030952,34.807056,2709 Chattanooga Rd,,Rocky Face,GA,30740,,WHITFIELD
Family Dollar 3983,-85.030952,34.807056,2709 Chattanooga Rd,,Rocky Face,GA,30740,8520,WHITFIELD
MAPCO Express Inc. 3641,-85.037827,34.808403,2809 Chattanooga Rd,,Rocky Face,GA,30740,9586,WHITFIELD
Dollar General 30460,-85.03791,34.808952,2820 Chattanooga Rd,,Rocky Face,GA,30740,9506,WHITFIELD
Kankus Express 105,-85.052094,34.783779,601 Lafayette Rd,,Rocky Face,GA,30740,9477,WHITFIELD
Dollar General 10377,-85.052963,34.783836,604 Lafayette Rd,,Rocky Face,GA,30740,9451,WHITFIELD
Riaan Md Corporation,-85.045509,34.832947,104 Cottonwood Mill Rd,,Tunnel Hill,GA,30755,6310,WHITFIELD
Dollar General 25143,-85.00576,34.874943,1800 Tunnel Hill Varnell Rd,,Tunnel Hill,GA,30755,7295,WHITFIELD
Bizee Food Mart,-85.047958,34.844131,3593 Chattanooga Rd,,Tunnel Hill,GA,30755,9393,WHITFIELD
DOLLAR GENERAL 8632,-85.048462,34.844639,3605 CHATTANOOGA RD,PO BOX 996,Tunnel Hill,GA,30755,,WHITFIELD
Circle K Store 2709344,-85.027893,34.860863,799 N Varnell Rd,,Tunnel Hill,GA,30755,9282,WHITFIELD
Quik Stop,-83.307381,31.991692,117 Broad St S,,Abbeville,GA,31001,4205,WILCOX
Family Dollar 10717,-83.306229,31.991959,121 Main St E,,Abbeville,GA,31001,4218,WILCOX
DOLLAR GENERAL 9504,-83.308746,31.992748,225 Main St W,,Abbeville,GA,31001,4211,WILCOX
Gibbs Farm Store Llc,-83.378838,31.906874,242 Twin Pines Rd,,Abbeville,GA,31001,6330,WILCOX
Quik Stop 2,-83.3069,31.993876,303 Broad St N,,Abbeville,GA,31001,4101,WILCOX
Abbeville Supermarket,-83.299881,31.993008,337 Main St E,,Abbeville,GA,31001,4220,WILCOX
DOLLAR GENERAL 18715,-83.501198,32.109478,194 Depot St S,,Pineview,GA,31071,3334,WILCOX
Southern Cuts Processing,-83.579056,31.955107,2018 US Highway 280,,Pitts,GA,31072,4745,WILCOX
Dollar General 22996,-83.601311,31.959717,41 Main St,,Pitts,GA,31072,4408,WILCOX
SNIPES FINE FOODS,-83.464828,31.950695,1211 E Main St,,ROCHELLE,GA,31079,,WILCOX
Ez Corner,-83.456627,31.950521,1032 1st Ave,,Rochelle,GA,31079,2023,WILCOX
Hillbilly Produce NAFNMP,-83.454811,31.950874,1157 1st Ave,,Rochelle,GA,31079,2126,WILCOX
Krisha Aarvi Inc,-83.453384,31.950813,1222 1st Ave,,Rochelle,GA,31079,2119,WILCOX
Rochelle Place,-83.448708,31.951147,1495 1st Ave,,Rochelle,GA,31079,2130,WILCOX
Bobby Foodmart,-83.468491,31.950621,327 1st Ave,,Rochelle,GA,31079,2028,WILCOX
Family Dollar 13773,-83.457062,31.948149,715 Ashley St,,Rochelle,GA,31079,2503,WILCOX
Dollar General 4194,-83.45636,31.948919,763 Ashley St,,Rochelle,GA,31079,2310,WILCOX
DOLLAR GENERAL 18522,-82.899673,33.789753,4953 Lexington Rd,,Rayle,GA,30660,1832,WILKES
Rayle Food Mart,-82.899239,33.789539,4962 Lexington Rd,,Rayle,GA,30660,1834,WILKES
Tignall Food Mart,-82.741287,33.868141,127 N Hulin Ave,,Tignall,GA,30668,2505,WILKES
DOLLAR GENERAL 8611,-82.742195,33.866051,153 S Hulin Ave,,Tignall,GA,30668,,WILKES
Royal Food Mart,-82.741135,33.736713,102 W Robert Toombs Ave,,Washington,GA,30673,1664,WILKES
INGLES MARKETS 429,-82.717705,33.729809,110 Ann Denard Dr,,Washington,GA,30673,2237,WILKES
Dollar General 23383,-82.749458,33.736931,110 Mercer St,,Washington,GA,30673,1677,WILKES
To Go Mart,-82.737343,33.736717,112 E Robert Toombs Ave,,Washington,GA,30673,1738,WILKES
T & M FOODS,-82.739304,33.736141,115 Spring St,,Washington,GA,30673,1739,WILKES
Golden Pantry Food Stores 1081,-82.711922,33.7248,1238 Lincolnton Rd,,Washington,GA,30673,2901,WILKES
Golden Pantry Food Stores 1050,-82.749489,33.73753,16 Lexington Ave,,Washington,GA,30673,1448,WILKES
Family Dollar 240,-82.718048,33.72736,164 Bi Lo Plaza,,Washington,GA,30673,0694,WILKES
Cullars Heritage Farm LLC,-82.754883,33.731548,308 Whitehall St,,Washington,GA,30673,1676,WILKES
Kwik Stop,-82.743729,33.850178,4894 Tignall Rd,,Washington,GA,30673,4907,WILKES
The Pumping Station #11 11,-82.720642,33.738529,805 N Bypass E,,Washington,GA,30673,5361,WILKES
Red Roof Mini Mart,-82.759186,33.724834,901B Whitehall St,,Washington,GA,30673,5742,WILKES
DOLLAR GENERAL 19531,-82.719505,33.729046,903 E Robert Toombs Ave,,Washington,GA,30673,2054,WILKES
CVS PHARMACY 4518,-82.718803,33.727982,920 E Robert Toombs Ave,,Washington,GA,30673,2050,WILKES
Dollar General 15658,-83.224205,32.587742,430 US Highway 80,,Allentown,GA,31003,,WILKINSON
Texaco 285,-83.332649,32.882519,116 Main St,,Gordon,GA,31031,3807,WILKINSON
B&t's Fresh Market 12,-83.33329,32.883202,123 Main St,,Gordon,GA,31031,3841,WILKINSON
Dollar General 8565,-83.328438,32.882915,226 Milledgeville Hwy,,Gordon,GA,31031,3300,WILKINSON
Family Dollar 526,-83.33197,32.88229,250 Milledgeville Hwy,,Gordon,GA,31031,3827,WILKINSON
Friendly Gus 14,-83.33857,32.88282,310 Milledgeville Hwy,,Gordon,GA,31031,4177,WILKINSON
DOLLAR GENERAL 19348,-83.248871,32.941776,480 Youngblood Rd,,Gordon,GA,31031,2345,WILKINSON
Jet Food Store 46,-83.176712,32.812054,119 W Main St,,Irwinton,GA,31042,2813,WILKINSON
Dollar General 12577,-83.170662,32.814003,120 Main St,,Irwinton,GA,31042,,WILKINSON
Ivey General Store,-83.297501,32.907425,141 GA Highway 243,,Ivey,GA,31031,3574,WILKINSON
Lakeside Mart no,-83.297859,32.908058,142 GA Highway 243,,Ivey,GA,31031,3502,WILKINSON
Flash Foods LLC 274229,-83.194458,32.846001,107 Railroad St,,MC Intyre,GA,31054,2009,WILKINSON
Jet Food Store 43,-83.194054,32.846645,210 MAIN STREET,,MCINTYRE,GA,31054,,WILKINSON
Dollar General Store 17951,-83.075317,32.820637,220 Irwinton Rd,,Toomsboro,GA,31090,2000,WILKINSON
Dollison Farms,-83.775833,31.493263,1280 Pt Salter Rd,,Poulan,GA,31781,3802,WORTH
CARROLL'S SAUSAGE & MEATS INC,-83.837959,31.530306,101 FRANKLIN ST,,SYLVESTER,GA,31791,,WORTH
Dollar General 22884,-83.739563,31.506334,104 Sumner Road S,,Sumner,GA,31789,,WORTH
Sumner Food Store,-83.739075,31.508596,2901 US Highway 82 E,,Sumner,GA,31789,4429,WORTH
Ez Corner 33,-83.816277,31.526831,1004 E Franklin St,,Sylvester,GA,31791,7102,WORTH
Sylvester Express,-83.837173,31.530291,102 E Franklin St,,Sylvester,GA,31791,2104,WORTH
CVS Pharmacy 5606,-83.838196,31.531124,104 W Franklin St,,Sylvester,GA,31791,7231,WORTH
Family Dollar 12851,-83.836441,31.530148,106 E Franklin St,,Sylvester,GA,31791,2104,WORTH
Handy Express,-83.837341,31.530741,107 E Franklin St,,Sylvester,GA,31791,2103,WORTH
Dollar General 17859,-83.937599,31.551929,107 Woodcrest Rd,,Sylvester,GA,31791,7788,WORTH
Walmart Supercenter 7245,-83.81218,31.527294,1102 E Franklin,,Sylvester,GA,31791,,WORTH
Bozeman's Farm Market Llc,-83.853577,31.566593,2273 GA Highway 313,,Sylvester,GA,31791,7410,WORTH
Dollar General 21611,-83.853897,31.567457,2310 Highway 313,,Sylvester,GA,31791,7427,WORTH
Shiba Express,-83.853989,31.568703,2402 GA Highway 313,,Sylvester,GA,31791,7428,WORTH
Harry's Food Mart,-83.835251,31.523451,301 S Main St,,Sylvester,GA,31791,2517,WORTH
Dollar General 2113,-83.841827,31.530838,402 W Franklin St,,Sylvester,GA,31791,2012,WORTH
CIRCLE K 45156,-83.831711,31.52984,404 E Franklin St,,Sylvester,GA,31791,2222,WORTH
Sylvester Food Mart,-83.835869,31.532337,501 N Main St,,Sylvester,GA,31791,1708,WORTH
Ez Corner 22,-83.843544,31.53096,504 W Franklin St,,Sylvester,GA,31791,1912,WORTH
DollarTree 6726,-83.827301,31.530098,612 E Franklin St,,Sylvester,GA,31791,7100,WORTH
Piggly Wiggly #137,-83.824547,31.530739,631 E Franklin St,,Sylvester,GA,31791,7231,WORTH
SNIPES PIGGLY WIGGLY,-83.825005,31.530373,631 E Franklin St,,Sylvester,GA,31791,7231,WORTH
Ez Corner 1,-83.851151,31.531334,923 W Franklin St,,Sylvester,GA,31791,1919,WORTH
DOLLAR GENERAL 8796,-83.932579,31.825167,5837 GEORGIA HWY 300,,WARWICK,GA,31796,,WORTH
Flint River Grocery,-83.92305,31.83769,195 Hwy 300 Ne,,Warwick,GA,31796,,WORTH
